"ccode","session","IdealPoint","NVotes","Countryname","year","issue","country_label","is_asean"
2,22,2.426986,57,"United States",1967,"All","United States",FALSE
2,23,2.295532,51,"United States",1968,"All","United States",FALSE
2,24,2.119463,43,"United States",1969,"All","United States",FALSE
2,25,2.171009,67,"United States",1970,"All","United States",FALSE
2,26,1.767618,119,"United States",1971,"All","United States",FALSE
2,27,2.135975,100,"United States",1972,"All","United States",FALSE
2,28,2.195541,91,"United States",1973,"All","United States",FALSE
2,29,2.077391,73,"United States",1974,"All","United States",FALSE
2,30,2.360075,69,"United States",1975,"All","United States",FALSE
2,31,2.750583,85,"United States",1976,"All","United States",FALSE
2,32,2.313392,90,"United States",1977,"All","United States",FALSE
2,33,2.295686,124,"United States",1978,"All","United States",FALSE
2,34,2.354093,121,"United States",1979,"All","United States",FALSE
2,35,2.450686,103,"United States",1980,"All","United States",FALSE
2,36,2.767644,133,"United States",1981,"All","United States",FALSE
2,37,2.654563,158,"United States",1982,"All","United States",FALSE
2,38,2.653316,149,"United States",1983,"All","United States",FALSE
2,39,2.84451,151,"United States",1984,"All","United States",FALSE
2,40,2.85444,152,"United States",1985,"All","United States",FALSE
2,41,2.985282,151,"United States",1986,"All","United States",FALSE
2,42,3.070334,140,"United States",1987,"All","United States",FALSE
2,43,3.068073,133,"United States",1988,"All","United States",FALSE
2,44,3.15064,114,"United States",1989,"All","United States",FALSE
2,45,3.06766,84,"United States",1990,"All","United States",FALSE
2,46,2.977167,72,"United States",1991,"All","United States",FALSE
2,47,3.000798,73,"United States",1992,"All","United States",FALSE
2,48,2.955602,64,"United States",1993,"All","United States",FALSE
2,49,3.009216,68,"United States",1994,"All","United States",FALSE
2,50,3.130082,81,"United States",1995,"All","United States",FALSE
2,51,3.14783,74,"United States",1996,"All","United States",FALSE
2,52,2.983911,72,"United States",1997,"All","United States",FALSE
2,53,2.814332,64,"United States",1998,"All","United States",FALSE
2,54,2.681448,68,"United States",1999,"All","United States",FALSE
2,55,2.664088,67,"United States",2000,"All","United States",FALSE
2,56,2.655105,69,"United States",2001,"All","United States",FALSE
2,57,2.733395,75,"United States",2002,"All","United States",FALSE
2,58,2.902368,76,"United States",2003,"All","United States",FALSE
2,59,2.819677,72,"United States",2004,"All","United States",FALSE
2,60,2.889729,74,"United States",2005,"All","United States",FALSE
2,61,2.81137,92,"United States",2006,"All","United States",FALSE
2,62,2.743266,79,"United States",2007,"All","United States",FALSE
2,63,2.737774,76,"United States",2008,"All","United States",FALSE
2,64,2.54631,68,"United States",2009,"All","United States",FALSE
2,65,2.519054,67,"United States",2010,"All","United States",FALSE
2,66,2.496376,68,"United States",2011,"All","United States",FALSE
2,67,2.58958,69,"United States",2012,"All","United States",FALSE
2,68,2.676666,64,"United States",2013,"All","United States",FALSE
2,69,2.668466,79,"United States",2014,"All","United States",FALSE
2,70,2.592322,73,"United States",2015,"All","United States",FALSE
2,71,2.53694,78,"United States",2016,"All","United States",FALSE
2,72,2.680102,90,"United States",2017,"All","United States",FALSE
2,73,2.786768,95,"United States",2018,"All","United States",FALSE
2,74,2.694793,91,"United States",2019,"All","United States",FALSE
710,26,-0.9760724,48,"China",1971,"All","China",FALSE
710,27,-0.7156992,77,"China",1972,"All","China",FALSE
710,28,-0.5740909,71,"China",1973,"All","China",FALSE
710,29,-0.8566171,55,"China",1974,"All","China",FALSE
710,30,-0.2756341,48,"China",1975,"All","China",FALSE
710,31,-1.053044,69,"China",1976,"All","China",FALSE
710,32,-0.8193988,63,"China",1977,"All","China",FALSE
710,33,-0.2469549,87,"China",1978,"All","China",FALSE
710,34,-0.05311142,99,"China",1979,"All","China",FALSE
710,35,-0.03347984,86,"China",1980,"All","China",FALSE
710,36,-0.02059494,117,"China",1981,"All","China",FALSE
710,37,0.1867089,141,"China",1982,"All","China",FALSE
710,38,0.1706566,136,"China",1983,"All","China",FALSE
710,39,0.1715943,147,"China",1984,"All","China",FALSE
710,40,0.1814985,150,"China",1985,"All","China",FALSE
710,41,0.1866047,150,"China",1986,"All","China",FALSE
710,42,0.1958159,138,"China",1987,"All","China",FALSE
710,43,-0.02298023,128,"China",1988,"All","China",FALSE
710,44,-0.07522176,112,"China",1989,"All","China",FALSE
710,45,-0.1670653,84,"China",1990,"All","China",FALSE
710,46,-0.3023714,70,"China",1991,"All","China",FALSE
710,47,-0.7356746,70,"China",1992,"All","China",FALSE
710,48,-1.396082,62,"China",1993,"All","China",FALSE
710,49,-1.634709,66,"China",1994,"All","China",FALSE
710,50,-1.502986,78,"China",1995,"All","China",FALSE
710,51,-1.268106,74,"China",1996,"All","China",FALSE
710,52,-1.145413,71,"China",1997,"All","China",FALSE
710,53,-0.4421162,62,"China",1998,"All","China",FALSE
710,54,-0.6680064,68,"China",1999,"All","China",FALSE
710,55,-0.7359335,67,"China",2000,"All","China",FALSE
710,56,-0.5852949,68,"China",2001,"All","China",FALSE
710,57,-0.5386405,72,"China",2002,"All","China",FALSE
710,58,-0.9454819,75,"China",2003,"All","China",FALSE
710,59,-0.8424348,71,"China",2004,"All","China",FALSE
710,60,-0.7408335,74,"China",2005,"All","China",FALSE
710,61,-0.8690618,90,"China",2006,"All","China",FALSE
710,62,-0.6327519,78,"China",2007,"All","China",FALSE
710,63,-0.6557925,74,"China",2008,"All","China",FALSE
710,64,-0.6256859,68,"China",2009,"All","China",FALSE
710,65,-0.8585649,67,"China",2010,"All","China",FALSE
710,66,-0.7636184,68,"China",2011,"All","China",FALSE
710,67,-0.8569092,67,"China",2012,"All","China",FALSE
710,68,-0.5181141,64,"China",2013,"All","China",FALSE
710,69,-0.8420048,78,"China",2014,"All","China",FALSE
710,70,-0.2594838,72,"China",2015,"All","China",FALSE
710,71,-0.4501334,77,"China",2016,"All","China",FALSE
710,72,-0.3777864,90,"China",2017,"All","China",FALSE
710,73,-0.4894719,93,"China",2018,"All","China",FALSE
710,74,-0.3336454,89,"China",2019,"All","China",FALSE
775,22,-0.3535548,55,"Myanmar (Burma)",1967,"All","Myanmar",TRUE
775,23,-0.3450435,42,"Myanmar (Burma)",1968,"All","Myanmar",TRUE
775,24,-0.1445155,43,"Myanmar (Burma)",1969,"All","Myanmar",TRUE
775,25,0.1355665,62,"Myanmar (Burma)",1970,"All","Myanmar",TRUE
775,26,-0.2501292,117,"Myanmar (Burma)",1971,"All","Myanmar",TRUE
775,27,-0.1410814,101,"Myanmar (Burma)",1972,"All","Myanmar",TRUE
775,28,0.000241577,91,"Myanmar (Burma)",1973,"All","Myanmar",TRUE
775,29,0.07224641,72,"Myanmar (Burma)",1974,"All","Myanmar",TRUE
775,30,-0.03548996,66,"Myanmar (Burma)",1975,"All","Myanmar",TRUE
775,31,-0.3278739,77,"Myanmar (Burma)",1976,"All","Myanmar",TRUE
775,32,-0.467575,91,"Myanmar (Burma)",1977,"All","Myanmar",TRUE
775,33,0.1442879,127,"Myanmar (Burma)",1978,"All","Myanmar",TRUE
775,34,0.3520118,122,"Myanmar (Burma)",1979,"All","Myanmar",TRUE
775,35,0.39358,103,"Myanmar (Burma)",1980,"All","Myanmar",TRUE
775,36,0.2758482,127,"Myanmar (Burma)",1981,"All","Myanmar",TRUE
775,37,0.3025197,150,"Myanmar (Burma)",1982,"All","Myanmar",TRUE
775,38,0.1736854,141,"Myanmar (Burma)",1983,"All","Myanmar",TRUE
775,39,0.09402065,146,"Myanmar (Burma)",1984,"All","Myanmar",TRUE
775,40,-0.05840648,150,"Myanmar (Burma)",1985,"All","Myanmar",TRUE
775,41,0.06700049,151,"Myanmar (Burma)",1986,"All","Myanmar",TRUE
775,42,-0.1309611,139,"Myanmar (Burma)",1987,"All","Myanmar",TRUE
775,43,-0.2477286,132,"Myanmar (Burma)",1988,"All","Myanmar",TRUE
775,44,-0.3986103,77,"Myanmar (Burma)",1989,"All","Myanmar",TRUE
775,45,-0.3229671,85,"Myanmar (Burma)",1990,"All","Myanmar",TRUE
775,46,-0.4307426,71,"Myanmar (Burma)",1991,"All","Myanmar",TRUE
775,47,-0.8682711,71,"Myanmar (Burma)",1992,"All","Myanmar",TRUE
775,48,-1.157129,60,"Myanmar (Burma)",1993,"All","Myanmar",TRUE
775,49,-1.152974,4,"Myanmar (Burma)",1994,"All","Myanmar",TRUE
775,50,-1.531422,80,"Myanmar (Burma)",1995,"All","Myanmar",TRUE
775,51,-1.682332,72,"Myanmar (Burma)",1996,"All","Myanmar",TRUE
775,52,-1.505077,72,"Myanmar (Burma)",1997,"All","Myanmar",TRUE
775,53,-1.057921,64,"Myanmar (Burma)",1998,"All","Myanmar",TRUE
775,54,-1.340186,68,"Myanmar (Burma)",1999,"All","Myanmar",TRUE
775,55,-1.369382,67,"Myanmar (Burma)",2000,"All","Myanmar",TRUE
775,56,-1.403949,68,"Myanmar (Burma)",2001,"All","Myanmar",TRUE
775,57,-1.274037,74,"Myanmar (Burma)",2002,"All","Myanmar",TRUE
775,58,-1.482567,75,"Myanmar (Burma)",2003,"All","Myanmar",TRUE
775,59,-1.323424,71,"Myanmar (Burma)",2004,"All","Myanmar",TRUE
775,60,-1.119268,73,"Myanmar (Burma)",2005,"All","Myanmar",TRUE
775,61,-1.219376,90,"Myanmar (Burma)",2006,"All","Myanmar",TRUE
775,62,-1.180168,79,"Myanmar (Burma)",2007,"All","Myanmar",TRUE
775,63,-1.334652,76,"Myanmar (Burma)",2008,"All","Myanmar",TRUE
775,64,-1.343642,62,"Myanmar (Burma)",2009,"All","Myanmar",TRUE
775,65,-1.066657,67,"Myanmar (Burma)",2010,"All","Myanmar",TRUE
775,66,-1.320165,54,"Myanmar (Burma)",2011,"All","Myanmar",TRUE
775,67,-0.9500457,61,"Myanmar (Burma)",2012,"All","Myanmar",TRUE
775,68,-1.235385,61,"Myanmar (Burma)",2013,"All","Myanmar",TRUE
775,69,-0.9868319,79,"Myanmar (Burma)",2014,"All","Myanmar",TRUE
775,70,-0.968403,73,"Myanmar (Burma)",2015,"All","Myanmar",TRUE
775,71,-0.7506956,77,"Myanmar (Burma)",2016,"All","Myanmar",TRUE
775,72,-0.7321876,70,"Myanmar (Burma)",2017,"All","Myanmar",TRUE
775,73,-0.8032776,73,"Myanmar (Burma)",2018,"All","Myanmar",TRUE
775,74,-0.7116446,72,"Myanmar (Burma)",2019,"All","Myanmar",TRUE
800,22,0.3546649,57,"Thailand",1967,"All","Thailand",TRUE
800,23,0.5259252,51,"Thailand",1968,"All","Thailand",TRUE
800,24,0.4881419,43,"Thailand",1969,"All","Thailand",TRUE
800,25,0.6442254,65,"Thailand",1970,"All","Thailand",TRUE
800,26,0.4643523,117,"Thailand",1971,"All","Thailand",TRUE
800,27,0.4368186,100,"Thailand",1972,"All","Thailand",TRUE
800,28,0.1745481,88,"Thailand",1973,"All","Thailand",TRUE
800,29,0.3423469,73,"Thailand",1974,"All","Thailand",TRUE
800,30,0.2423471,69,"Thailand",1975,"All","Thailand",TRUE
800,31,-0.1446095,87,"Thailand",1976,"All","Thailand",TRUE
800,32,0.151146,91,"Thailand",1977,"All","Thailand",TRUE
800,33,0.1643659,122,"Thailand",1978,"All","Thailand",TRUE
800,34,0.2506509,121,"Thailand",1979,"All","Thailand",TRUE
800,35,0.246384,101,"Thailand",1980,"All","Thailand",TRUE
800,36,-0.1264268,131,"Thailand",1981,"All","Thailand",TRUE
800,37,-0.03807093,156,"Thailand",1982,"All","Thailand",TRUE
800,38,-0.08115638,146,"Thailand",1983,"All","Thailand",TRUE
800,39,-0.1726899,148,"Thailand",1984,"All","Thailand",TRUE
800,40,-0.091524,151,"Thailand",1985,"All","Thailand",TRUE
800,41,-0.1797546,148,"Thailand",1986,"All","Thailand",TRUE
800,42,-0.2641588,139,"Thailand",1987,"All","Thailand",TRUE
800,43,-0.2744416,130,"Thailand",1988,"All","Thailand",TRUE
800,44,-0.2767351,109,"Thailand",1989,"All","Thailand",TRUE
800,45,-0.383924,84,"Thailand",1990,"All","Thailand",TRUE
800,46,-0.5912393,75,"Thailand",1991,"All","Thailand",TRUE
800,47,-0.5495932,73,"Thailand",1992,"All","Thailand",TRUE
800,48,-0.6711116,65,"Thailand",1993,"All","Thailand",TRUE
800,49,-0.693194,67,"Thailand",1994,"All","Thailand",TRUE
800,50,-0.7522816,81,"Thailand",1995,"All","Thailand",TRUE
800,51,-0.562214,72,"Thailand",1996,"All","Thailand",TRUE
800,52,-0.668985,72,"Thailand",1997,"All","Thailand",TRUE
800,53,-0.5041341,64,"Thailand",1998,"All","Thailand",TRUE
800,54,-0.508704,68,"Thailand",1999,"All","Thailand",TRUE
800,55,-0.311393,67,"Thailand",2000,"All","Thailand",TRUE
800,56,-0.4135715,69,"Thailand",2001,"All","Thailand",TRUE
800,57,-0.3735247,75,"Thailand",2002,"All","Thailand",TRUE
800,58,-0.2600237,76,"Thailand",2003,"All","Thailand",TRUE
800,59,-0.1215335,72,"Thailand",2004,"All","Thailand",TRUE
800,60,-0.3190983,75,"Thailand",2005,"All","Thailand",TRUE
800,61,-0.3110889,92,"Thailand",2006,"All","Thailand",TRUE
800,62,-0.2573574,79,"Thailand",2007,"All","Thailand",TRUE
800,63,-0.2962368,75,"Thailand",2008,"All","Thailand",TRUE
800,64,-0.4997845,68,"Thailand",2009,"All","Thailand",TRUE
800,65,-0.5595784,68,"Thailand",2010,"All","Thailand",TRUE
800,66,-0.4313181,68,"Thailand",2011,"All","Thailand",TRUE
800,67,-0.4520783,69,"Thailand",2012,"All","Thailand",TRUE
800,68,-0.409941,64,"Thailand",2013,"All","Thailand",TRUE
800,69,-0.4155141,80,"Thailand",2014,"All","Thailand",TRUE
800,70,-0.4669127,73,"Thailand",2015,"All","Thailand",TRUE
800,71,-0.474776,78,"Thailand",2016,"All","Thailand",TRUE
800,72,-0.5645243,90,"Thailand",2017,"All","Thailand",TRUE
800,73,-0.3568195,95,"Thailand",2018,"All","Thailand",TRUE
800,74,-0.5108809,91,"Thailand",2019,"All","Thailand",TRUE
811,22,-1.209357,42,"Cambodia",1967,"All","Cambodia",TRUE
811,23,-1.534384,42,"Cambodia",1968,"All","Cambodia",TRUE
811,24,-1.506618,27,"Cambodia",1969,"All","Cambodia",TRUE
811,25,0.5008538,45,"Cambodia",1970,"All","Cambodia",TRUE
811,26,0.6746581,85,"Cambodia",1971,"All","Cambodia",TRUE
811,27,0.3628187,89,"Cambodia",1972,"All","Cambodia",TRUE
811,28,0.6079318,72,"Cambodia",1973,"All","Cambodia",TRUE
811,29,0.3015807,71,"Cambodia",1974,"All","Cambodia",TRUE
811,30,-0.3373678,23,"Cambodia",1975,"All","Cambodia",TRUE
811,31,-0.7220857,27,"Cambodia",1976,"All","Cambodia",TRUE
811,33,-0.5965936,24,"Cambodia",1978,"All","Cambodia",TRUE
811,34,-0.1568647,83,"Cambodia",1979,"All","Cambodia",TRUE
811,35,0.04200968,76,"Cambodia",1980,"All","Cambodia",TRUE
811,36,-0.02322949,108,"Cambodia",1981,"All","Cambodia",TRUE
811,37,-0.004971991,136,"Cambodia",1982,"All","Cambodia",TRUE
811,38,-0.01894437,129,"Cambodia",1983,"All","Cambodia",TRUE
811,39,-0.114003,130,"Cambodia",1984,"All","Cambodia",TRUE
811,40,0.003128131,139,"Cambodia",1985,"All","Cambodia",TRUE
811,41,-0.1026582,128,"Cambodia",1986,"All","Cambodia",TRUE
811,42,-0.3000398,118,"Cambodia",1987,"All","Cambodia",TRUE
811,43,-0.4943669,109,"Cambodia",1988,"All","Cambodia",TRUE
811,44,-0.4897726,106,"Cambodia",1989,"All","Cambodia",TRUE
811,46,-0.5320443,29,"Cambodia",1991,"All","Cambodia",TRUE
811,47,-0.5387518,1,"Cambodia",1992,"All","Cambodia",TRUE
811,48,-0.5857509,45,"Cambodia",1993,"All","Cambodia",TRUE
811,49,-0.1120619,56,"Cambodia",1994,"All","Cambodia",TRUE
811,50,-0.05979776,56,"Cambodia",1995,"All","Cambodia",TRUE
811,51,-0.1171533,71,"Cambodia",1996,"All","Cambodia",TRUE
811,54,-0.874874,64,"Cambodia",1999,"All","Cambodia",TRUE
811,55,-0.8204133,64,"Cambodia",2000,"All","Cambodia",TRUE
811,56,-0.7865565,64,"Cambodia",2001,"All","Cambodia",TRUE
811,57,-0.7616476,72,"Cambodia",2002,"All","Cambodia",TRUE
811,58,-0.6785118,76,"Cambodia",2003,"All","Cambodia",TRUE
811,59,-0.5849216,69,"Cambodia",2004,"All","Cambodia",TRUE
811,60,-0.7145211,67,"Cambodia",2005,"All","Cambodia",TRUE
811,61,-0.8991644,83,"Cambodia",2006,"All","Cambodia",TRUE
811,62,-0.628271,74,"Cambodia",2007,"All","Cambodia",TRUE
811,63,-0.6983578,72,"Cambodia",2008,"All","Cambodia",TRUE
811,64,-0.6712793,51,"Cambodia",2009,"All","Cambodia",TRUE
811,65,-0.7582411,65,"Cambodia",2010,"All","Cambodia",TRUE
811,66,-0.8291119,61,"Cambodia",2011,"All","Cambodia",TRUE
811,67,-0.6615037,68,"Cambodia",2012,"All","Cambodia",TRUE
811,68,-0.7863701,60,"Cambodia",2013,"All","Cambodia",TRUE
811,69,-0.7572216,77,"Cambodia",2014,"All","Cambodia",TRUE
811,70,-0.968822,71,"Cambodia",2015,"All","Cambodia",TRUE
811,71,-0.9027974,73,"Cambodia",2016,"All","Cambodia",TRUE
811,72,-1.017854,89,"Cambodia",2017,"All","Cambodia",TRUE
811,73,-1.311314,93,"Cambodia",2018,"All","Cambodia",TRUE
811,74,-1.211804,89,"Cambodia",2019,"All","Cambodia",TRUE
812,22,0.211606,46,"Laos",1967,"All","Laos",TRUE
812,23,0.4228936,51,"Laos",1968,"All","Laos",TRUE
812,24,0.399099,39,"Laos",1969,"All","Laos",TRUE
812,25,0.2436515,53,"Laos",1970,"All","Laos",TRUE
812,26,0.458163,92,"Laos",1971,"All","Laos",TRUE
812,27,0.7412372,91,"Laos",1972,"All","Laos",TRUE
812,28,0.2541093,70,"Laos",1973,"All","Laos",TRUE
812,29,0.5541103,70,"Laos",1974,"All","Laos",TRUE
812,30,-0.4062437,69,"Laos",1975,"All","Laos",TRUE
812,31,-0.4775069,87,"Laos",1976,"All","Laos",TRUE
812,32,-0.4087299,82,"Laos",1977,"All","Laos",TRUE
812,33,-0.7505633,101,"Laos",1978,"All","Laos",TRUE
812,34,-1.01873,99,"Laos",1979,"All","Laos",TRUE
812,35,-1.722776,89,"Laos",1980,"All","Laos",TRUE
812,36,-1.805302,120,"Laos",1981,"All","Laos",TRUE
812,37,-1.71412,141,"Laos",1982,"All","Laos",TRUE
812,38,-1.595446,133,"Laos",1983,"All","Laos",TRUE
812,39,-1.563466,146,"Laos",1984,"All","Laos",TRUE
812,40,-1.63855,138,"Laos",1985,"All","Laos",TRUE
812,41,-1.531042,145,"Laos",1986,"All","Laos",TRUE
812,42,-1.243326,137,"Laos",1987,"All","Laos",TRUE
812,43,-0.8939703,134,"Laos",1988,"All","Laos",TRUE
812,44,-0.700737,112,"Laos",1989,"All","Laos",TRUE
812,45,-0.7428994,83,"Laos",1990,"All","Laos",TRUE
812,46,-0.85334,73,"Laos",1991,"All","Laos",TRUE
812,47,-1.014907,70,"Laos",1992,"All","Laos",TRUE
812,48,-1.153396,60,"Laos",1993,"All","Laos",TRUE
812,49,-1.394321,56,"Laos",1994,"All","Laos",TRUE
812,50,-1.204227,72,"Laos",1995,"All","Laos",TRUE
812,51,-1.145742,63,"Laos",1996,"All","Laos",TRUE
812,52,-1.303954,63,"Laos",1997,"All","Laos",TRUE
812,53,-1.131467,55,"Laos",1998,"All","Laos",TRUE
812,54,-1.16003,62,"Laos",1999,"All","Laos",TRUE
812,55,-1.175736,63,"Laos",2000,"All","Laos",TRUE
812,56,-1.310367,61,"Laos",2001,"All","Laos",TRUE
812,57,-1.077704,63,"Laos",2002,"All","Laos",TRUE
812,58,-0.7309938,69,"Laos",2003,"All","Laos",TRUE
812,59,-0.8633823,68,"Laos",2004,"All","Laos",TRUE
812,60,-0.706509,70,"Laos",2005,"All","Laos",TRUE
812,61,-0.9057626,82,"Laos",2006,"All","Laos",TRUE
812,62,-0.770207,74,"Laos",2007,"All","Laos",TRUE
812,63,-0.7844991,70,"Laos",2008,"All","Laos",TRUE
812,64,-0.9056227,63,"Laos",2009,"All","Laos",TRUE
812,65,-0.8596067,66,"Laos",2010,"All","Laos",TRUE
812,66,-0.9556472,62,"Laos",2011,"All","Laos",TRUE
812,67,-0.7483954,67,"Laos",2012,"All","Laos",TRUE
812,68,-0.8911476,62,"Laos",2013,"All","Laos",TRUE
812,69,-1.095788,77,"Laos",2014,"All","Laos",TRUE
812,70,-1.198651,71,"Laos",2015,"All","Laos",TRUE
812,71,-0.9615447,74,"Laos",2016,"All","Laos",TRUE
812,72,-1.184827,88,"Laos",2017,"All","Laos",TRUE
812,73,-1.071351,94,"Laos",2018,"All","Laos",TRUE
812,74,-0.9003623,91,"Laos",2019,"All","Laos",TRUE
816,32,-1.118072,65,"Vietnam",1977,"All","Vietnam",TRUE
816,33,-0.9167195,84,"Vietnam",1978,"All","Vietnam",TRUE
816,34,-1.241613,99,"Vietnam",1979,"All","Vietnam",TRUE
816,35,-1.527004,89,"Vietnam",1980,"All","Vietnam",TRUE
816,36,-1.778034,122,"Vietnam",1981,"All","Vietnam",TRUE
816,37,-1.645482,147,"Vietnam",1982,"All","Vietnam",TRUE
816,38,-1.619061,139,"Vietnam",1983,"All","Vietnam",TRUE
816,39,-1.458783,145,"Vietnam",1984,"All","Vietnam",TRUE
816,40,-1.589165,142,"Vietnam",1985,"All","Vietnam",TRUE
816,41,-1.527537,145,"Vietnam",1986,"All","Vietnam",TRUE
816,42,-1.223249,142,"Vietnam",1987,"All","Vietnam",TRUE
816,43,-1.293178,134,"Vietnam",1988,"All","Vietnam",TRUE
816,44,-0.7832253,114,"Vietnam",1989,"All","Vietnam",TRUE
816,45,-0.9032005,84,"Vietnam",1990,"All","Vietnam",TRUE
816,46,-1.041696,73,"Vietnam",1991,"All","Vietnam",TRUE
816,47,-1.299378,73,"Vietnam",1992,"All","Vietnam",TRUE
816,48,-1.610302,64,"Vietnam",1993,"All","Vietnam",TRUE
816,49,-1.658764,61,"Vietnam",1994,"All","Vietnam",TRUE
816,50,-1.545748,74,"Vietnam",1995,"All","Vietnam",TRUE
816,51,-1.421923,66,"Vietnam",1996,"All","Vietnam",TRUE
816,52,-1.55807,63,"Vietnam",1997,"All","Vietnam",TRUE
816,53,-1.311989,55,"Vietnam",1998,"All","Vietnam",TRUE
816,54,-1.474536,60,"Vietnam",1999,"All","Vietnam",TRUE
816,55,-1.298028,62,"Vietnam",2000,"All","Vietnam",TRUE
816,56,-1.380804,61,"Vietnam",2001,"All","Vietnam",TRUE
816,57,-1.425747,70,"Vietnam",2002,"All","Vietnam",TRUE
816,58,-1.532455,71,"Vietnam",2003,"All","Vietnam",TRUE
816,59,-1.485679,66,"Vietnam",2004,"All","Vietnam",TRUE
816,60,-1.405593,67,"Vietnam",2005,"All","Vietnam",TRUE
816,61,-1.417416,89,"Vietnam",2006,"All","Vietnam",TRUE
816,62,-1.223048,76,"Vietnam",2007,"All","Vietnam",TRUE
816,63,-1.290977,71,"Vietnam",2008,"All","Vietnam",TRUE
816,64,-1.297024,65,"Vietnam",2009,"All","Vietnam",TRUE
816,65,-1.294863,66,"Vietnam",2010,"All","Vietnam",TRUE
816,66,-1.226559,66,"Vietnam",2011,"All","Vietnam",TRUE
816,67,-1.144086,68,"Vietnam",2012,"All","Vietnam",TRUE
816,68,-1.118149,62,"Vietnam",2013,"All","Vietnam",TRUE
816,69,-1.113908,78,"Vietnam",2014,"All","Vietnam",TRUE
816,70,-1.085462,69,"Vietnam",2015,"All","Vietnam",TRUE
816,71,-1.103752,74,"Vietnam",2016,"All","Vietnam",TRUE
816,72,-0.9702065,89,"Vietnam",2017,"All","Vietnam",TRUE
816,73,-0.8979024,94,"Vietnam",2018,"All","Vietnam",TRUE
816,74,-0.8158486,89,"Vietnam",2019,"All","Vietnam",TRUE
820,22,-0.2067994,55,"Malaysia",1967,"All","Malaysia",TRUE
820,23,0.5581455,51,"Malaysia",1968,"All","Malaysia",TRUE
820,24,0.3651082,44,"Malaysia",1969,"All","Malaysia",TRUE
820,25,0.03083723,67,"Malaysia",1970,"All","Malaysia",TRUE
820,26,-0.2214808,116,"Malaysia",1971,"All","Malaysia",TRUE
820,27,-0.1489833,100,"Malaysia",1972,"All","Malaysia",TRUE
820,28,-0.0296681,90,"Malaysia",1973,"All","Malaysia",TRUE
820,29,0.1544201,73,"Malaysia",1974,"All","Malaysia",TRUE
820,30,-0.08858551,69,"Malaysia",1975,"All","Malaysia",TRUE
820,31,-0.1284095,87,"Malaysia",1976,"All","Malaysia",TRUE
820,32,0.01341196,91,"Malaysia",1977,"All","Malaysia",TRUE
820,33,-0.1295591,127,"Malaysia",1978,"All","Malaysia",TRUE
820,34,-0.04905508,122,"Malaysia",1979,"All","Malaysia",TRUE
820,35,-0.07671338,102,"Malaysia",1980,"All","Malaysia",TRUE
820,36,-0.09054285,134,"Malaysia",1981,"All","Malaysia",TRUE
820,37,-0.05159874,158,"Malaysia",1982,"All","Malaysia",TRUE
820,38,-0.1692587,149,"Malaysia",1983,"All","Malaysia",TRUE
820,39,-0.2104072,148,"Malaysia",1984,"All","Malaysia",TRUE
820,40,-0.08585492,153,"Malaysia",1985,"All","Malaysia",TRUE
820,41,-0.2829036,153,"Malaysia",1986,"All","Malaysia",TRUE
820,42,-0.2992736,144,"Malaysia",1987,"All","Malaysia",TRUE
820,43,-0.3041643,135,"Malaysia",1988,"All","Malaysia",TRUE
820,44,-0.5607435,115,"Malaysia",1989,"All","Malaysia",TRUE
820,45,-0.7447847,86,"Malaysia",1990,"All","Malaysia",TRUE
820,46,-1.265489,75,"Malaysia",1991,"All","Malaysia",TRUE
820,47,-1.134028,74,"Malaysia",1992,"All","Malaysia",TRUE
820,48,-1.144714,65,"Malaysia",1993,"All","Malaysia",TRUE
820,49,-0.825638,66,"Malaysia",1994,"All","Malaysia",TRUE
820,50,-0.7081681,81,"Malaysia",1995,"All","Malaysia",TRUE
820,51,-0.709416,74,"Malaysia",1996,"All","Malaysia",TRUE
820,52,-0.7307247,72,"Malaysia",1997,"All","Malaysia",TRUE
820,53,-0.6943839,64,"Malaysia",1998,"All","Malaysia",TRUE
820,54,-0.6770912,68,"Malaysia",1999,"All","Malaysia",TRUE
820,55,-0.7170871,67,"Malaysia",2000,"All","Malaysia",TRUE
820,56,-0.9707743,67,"Malaysia",2001,"All","Malaysia",TRUE
820,57,-0.8086235,74,"Malaysia",2002,"All","Malaysia",TRUE
820,58,-1.019912,76,"Malaysia",2003,"All","Malaysia",TRUE
820,59,-0.8351454,72,"Malaysia",2004,"All","Malaysia",TRUE
820,60,-1.141909,75,"Malaysia",2005,"All","Malaysia",TRUE
820,61,-0.8188019,92,"Malaysia",2006,"All","Malaysia",TRUE
820,62,-1.150309,79,"Malaysia",2007,"All","Malaysia",TRUE
820,63,-0.9006664,75,"Malaysia",2008,"All","Malaysia",TRUE
820,64,-1.085097,67,"Malaysia",2009,"All","Malaysia",TRUE
820,65,-1.214377,68,"Malaysia",2010,"All","Malaysia",TRUE
820,66,-0.7337141,68,"Malaysia",2011,"All","Malaysia",TRUE
820,67,-0.8216565,69,"Malaysia",2012,"All","Malaysia",TRUE
820,68,-0.6120587,64,"Malaysia",2013,"All","Malaysia",TRUE
820,69,-0.8141416,80,"Malaysia",2014,"All","Malaysia",TRUE
820,70,-0.7539126,73,"Malaysia",2015,"All","Malaysia",TRUE
820,71,-0.7258002,76,"Malaysia",2016,"All","Malaysia",TRUE
820,72,-0.7285891,87,"Malaysia",2017,"All","Malaysia",TRUE
820,73,-0.707167,94,"Malaysia",2018,"All","Malaysia",TRUE
820,74,-0.7350401,91,"Malaysia",2019,"All","Malaysia",TRUE
830,22,-0.2541428,46,"Singapore",1967,"All","Singapore",TRUE
830,23,-0.06829479,51,"Singapore",1968,"All","Singapore",TRUE
830,24,0.2169616,38,"Singapore",1969,"All","Singapore",TRUE
830,25,0.1826552,64,"Singapore",1970,"All","Singapore",TRUE
830,26,0.2542822,119,"Singapore",1971,"All","Singapore",TRUE
830,27,0.3251622,96,"Singapore",1972,"All","Singapore",TRUE
830,28,0.08743088,90,"Singapore",1973,"All","Singapore",TRUE
830,29,0.2636038,71,"Singapore",1974,"All","Singapore",TRUE
830,30,0.2437402,66,"Singapore",1975,"All","Singapore",TRUE
830,31,0.04754302,83,"Singapore",1976,"All","Singapore",TRUE
830,32,0.2098513,90,"Singapore",1977,"All","Singapore",TRUE
830,33,0.3208412,125,"Singapore",1978,"All","Singapore",TRUE
830,34,0.4022012,119,"Singapore",1979,"All","Singapore",TRUE
830,35,0.3073592,99,"Singapore",1980,"All","Singapore",TRUE
830,36,0.2668015,121,"Singapore",1981,"All","Singapore",TRUE
830,37,0.2638299,148,"Singapore",1982,"All","Singapore",TRUE
830,38,0.08397244,142,"Singapore",1983,"All","Singapore",TRUE
830,39,-0.05343077,139,"Singapore",1984,"All","Singapore",TRUE
830,40,-0.01521441,139,"Singapore",1985,"All","Singapore",TRUE
830,41,0.06272764,138,"Singapore",1986,"All","Singapore",TRUE
830,42,0.07603314,136,"Singapore",1987,"All","Singapore",TRUE
830,43,0.01409959,129,"Singapore",1988,"All","Singapore",TRUE
830,44,-0.1204484,112,"Singapore",1989,"All","Singapore",TRUE
830,45,-0.2221511,86,"Singapore",1990,"All","Singapore",TRUE
830,46,-0.4305252,75,"Singapore",1991,"All","Singapore",TRUE
830,47,-0.1674723,74,"Singapore",1992,"All","Singapore",TRUE
830,48,-0.2065345,65,"Singapore",1993,"All","Singapore",TRUE
830,49,-0.2829695,68,"Singapore",1994,"All","Singapore",TRUE
830,50,-0.3253058,81,"Singapore",1995,"All","Singapore",TRUE
830,51,-0.4127312,74,"Singapore",1996,"All","Singapore",TRUE
830,52,-0.5714862,72,"Singapore",1997,"All","Singapore",TRUE
830,53,-0.2649548,64,"Singapore",1998,"All","Singapore",TRUE
830,54,-0.3553609,67,"Singapore",1999,"All","Singapore",TRUE
830,55,-0.1969106,67,"Singapore",2000,"All","Singapore",TRUE
830,56,-0.2843417,68,"Singapore",2001,"All","Singapore",TRUE
830,57,-0.1752234,74,"Singapore",2002,"All","Singapore",TRUE
830,58,-0.181328,76,"Singapore",2003,"All","Singapore",TRUE
830,59,-0.2258122,71,"Singapore",2004,"All","Singapore",TRUE
830,60,-0.3244231,75,"Singapore",2005,"All","Singapore",TRUE
830,61,-0.2509605,92,"Singapore",2006,"All","Singapore",TRUE
830,62,-0.2576967,79,"Singapore",2007,"All","Singapore",TRUE
830,63,-0.3819349,76,"Singapore",2008,"All","Singapore",TRUE
830,64,-0.4208825,68,"Singapore",2009,"All","Singapore",TRUE
830,65,-0.4830081,68,"Singapore",2010,"All","Singapore",TRUE
830,66,-0.7073248,68,"Singapore",2011,"All","Singapore",TRUE
830,67,-0.4183676,69,"Singapore",2012,"All","Singapore",TRUE
830,68,-0.6413542,64,"Singapore",2013,"All","Singapore",TRUE
830,69,-0.4512846,80,"Singapore",2014,"All","Singapore",TRUE
830,70,-0.6674758,73,"Singapore",2015,"All","Singapore",TRUE
830,71,-0.6288597,78,"Singapore",2016,"All","Singapore",TRUE
830,72,-0.7473469,90,"Singapore",2017,"All","Singapore",TRUE
830,73,-0.4258829,95,"Singapore",2018,"All","Singapore",TRUE
830,74,-0.4694771,91,"Singapore",2019,"All","Singapore",TRUE
835,39,-0.08972363,146,"Brunei",1984,"All","Brunei",TRUE
835,40,-0.1408778,148,"Brunei",1985,"All","Brunei",TRUE
835,41,-0.1691447,150,"Brunei",1986,"All","Brunei",TRUE
835,42,-0.2664647,141,"Brunei",1987,"All","Brunei",TRUE
835,43,-0.3529251,134,"Brunei",1988,"All","Brunei",TRUE
835,44,-0.3431976,113,"Brunei",1989,"All","Brunei",TRUE
835,45,-0.5349136,85,"Brunei",1990,"All","Brunei",TRUE
835,46,-0.9457799,74,"Brunei",1991,"All","Brunei",TRUE
835,47,-0.8762826,73,"Brunei",1992,"All","Brunei",TRUE
835,48,-0.9291922,64,"Brunei",1993,"All","Brunei",TRUE
835,49,-0.8449204,66,"Brunei",1994,"All","Brunei",TRUE
835,50,-0.9581053,81,"Brunei",1995,"All","Brunei",TRUE
835,51,-0.7598371,74,"Brunei",1996,"All","Brunei",TRUE
835,52,-0.6829524,72,"Brunei",1997,"All","Brunei",TRUE
835,53,-0.8435711,64,"Brunei",1998,"All","Brunei",TRUE
835,54,-0.8771919,66,"Brunei",1999,"All","Brunei",TRUE
835,55,-0.8651316,67,"Brunei",2000,"All","Brunei",TRUE
835,56,-0.9916943,67,"Brunei",2001,"All","Brunei",TRUE
835,57,-0.8080824,74,"Brunei",2002,"All","Brunei",TRUE
835,58,-1.183856,76,"Brunei",2003,"All","Brunei",TRUE
835,59,-0.7775941,72,"Brunei",2004,"All","Brunei",TRUE
835,60,-0.9764973,75,"Brunei",2005,"All","Brunei",TRUE
835,61,-0.9578211,91,"Brunei",2006,"All","Brunei",TRUE
835,62,-0.6129482,79,"Brunei",2007,"All","Brunei",TRUE
835,63,-0.5879683,76,"Brunei",2008,"All","Brunei",TRUE
835,64,-0.8986147,68,"Brunei",2009,"All","Brunei",TRUE
835,65,-0.9992294,68,"Brunei",2010,"All","Brunei",TRUE
835,66,-0.9469778,66,"Brunei",2011,"All","Brunei",TRUE
835,67,-0.8864694,69,"Brunei",2012,"All","Brunei",TRUE
835,68,-0.9862823,64,"Brunei",2013,"All","Brunei",TRUE
835,69,-1.037055,79,"Brunei",2014,"All","Brunei",TRUE
835,70,-1.049026,73,"Brunei",2015,"All","Brunei",TRUE
835,71,-0.9164218,77,"Brunei",2016,"All","Brunei",TRUE
835,72,-0.9267896,90,"Brunei",2017,"All","Brunei",TRUE
835,73,-0.9243476,94,"Brunei",2018,"All","Brunei",TRUE
835,74,-0.8108705,91,"Brunei",2019,"All","Brunei",TRUE
840,22,0.7157356,57,"Philippines",1967,"All","Philippines",TRUE
840,23,0.3817123,51,"Philippines",1968,"All","Philippines",TRUE
840,24,0.4316826,43,"Philippines",1969,"All","Philippines",TRUE
840,25,0.4174802,67,"Philippines",1970,"All","Philippines",TRUE
840,26,0.456761,109,"Philippines",1971,"All","Philippines",TRUE
840,27,0.478549,100,"Philippines",1972,"All","Philippines",TRUE
840,28,0.1290621,87,"Philippines",1973,"All","Philippines",TRUE
840,29,0.2499495,73,"Philippines",1974,"All","Philippines",TRUE
840,30,0.2163237,69,"Philippines",1975,"All","Philippines",TRUE
840,31,-0.1537035,87,"Philippines",1976,"All","Philippines",TRUE
840,32,0.07869225,90,"Philippines",1977,"All","Philippines",TRUE
840,33,0.05361505,127,"Philippines",1978,"All","Philippines",TRUE
840,34,0.01516373,122,"Philippines",1979,"All","Philippines",TRUE
840,35,0.002164554,103,"Philippines",1980,"All","Philippines",TRUE
840,36,-0.1584312,133,"Philippines",1981,"All","Philippines",TRUE
840,37,0.1908585,157,"Philippines",1982,"All","Philippines",TRUE
840,38,0.257344,147,"Philippines",1983,"All","Philippines",TRUE
840,39,0.006154042,142,"Philippines",1984,"All","Philippines",TRUE
840,40,-0.01571149,141,"Philippines",1985,"All","Philippines",TRUE
840,41,-0.1589853,153,"Philippines",1986,"All","Philippines",TRUE
840,42,-0.2068305,141,"Philippines",1987,"All","Philippines",TRUE
840,43,-0.02731405,134,"Philippines",1988,"All","Philippines",TRUE
840,44,-0.1117196,116,"Philippines",1989,"All","Philippines",TRUE
840,45,-0.6069349,86,"Philippines",1990,"All","Philippines",TRUE
840,46,-0.7452802,73,"Philippines",1991,"All","Philippines",TRUE
840,47,-0.4371732,74,"Philippines",1992,"All","Philippines",TRUE
840,48,-0.7014838,65,"Philippines",1993,"All","Philippines",TRUE
840,49,-0.5142468,68,"Philippines",1994,"All","Philippines",TRUE
840,50,-0.5233329,81,"Philippines",1995,"All","Philippines",TRUE
840,51,-0.6307118,73,"Philippines",1996,"All","Philippines",TRUE
840,52,-0.8619583,72,"Philippines",1997,"All","Philippines",TRUE
840,53,-0.8715408,64,"Philippines",1998,"All","Philippines",TRUE
840,54,-0.8306408,66,"Philippines",1999,"All","Philippines",TRUE
840,55,-0.4823561,66,"Philippines",2000,"All","Philippines",TRUE
840,56,-0.3840552,69,"Philippines",2001,"All","Philippines",TRUE
840,57,-0.4697146,75,"Philippines",2002,"All","Philippines",TRUE
840,58,-0.5199551,75,"Philippines",2003,"All","Philippines",TRUE
840,59,-0.4303349,71,"Philippines",2004,"All","Philippines",TRUE
840,60,-0.4571134,74,"Philippines",2005,"All","Philippines",TRUE
840,61,-0.482785,90,"Philippines",2006,"All","Philippines",TRUE
840,62,-0.4480078,79,"Philippines",2007,"All","Philippines",TRUE
840,63,-0.4979418,74,"Philippines",2008,"All","Philippines",TRUE
840,64,-0.5049389,65,"Philippines",2009,"All","Philippines",TRUE
840,65,-0.5070622,68,"Philippines",2010,"All","Philippines",TRUE
840,66,-0.3497964,67,"Philippines",2011,"All","Philippines",TRUE
840,67,-0.4531034,69,"Philippines",2012,"All","Philippines",TRUE
840,68,-0.5136665,63,"Philippines",2013,"All","Philippines",TRUE
840,69,-0.4874269,78,"Philippines",2014,"All","Philippines",TRUE
840,70,-0.5061276,73,"Philippines",2015,"All","Philippines",TRUE
840,71,-0.7333866,78,"Philippines",2016,"All","Philippines",TRUE
840,72,-0.8038916,90,"Philippines",2017,"All","Philippines",TRUE
840,73,-0.345573,95,"Philippines",2018,"All","Philippines",TRUE
840,74,-0.4390589,91,"Philippines",2019,"All","Philippines",TRUE
850,22,-0.6729516,57,"Indonesia",1967,"All","Indonesia",TRUE
850,23,-0.2796447,47,"Indonesia",1968,"All","Indonesia",TRUE
850,24,-0.5244121,42,"Indonesia",1969,"All","Indonesia",TRUE
850,25,-0.2869801,65,"Indonesia",1970,"All","Indonesia",TRUE
850,26,-0.2521065,120,"Indonesia",1971,"All","Indonesia",TRUE
850,27,-0.252745,101,"Indonesia",1972,"All","Indonesia",TRUE
850,28,-0.0760203,91,"Indonesia",1973,"All","Indonesia",TRUE
850,29,0.06495108,73,"Indonesia",1974,"All","Indonesia",TRUE
850,30,-0.08496589,68,"Indonesia",1975,"All","Indonesia",TRUE
850,31,-0.1538655,86,"Indonesia",1976,"All","Indonesia",TRUE
850,32,-0.06446184,91,"Indonesia",1977,"All","Indonesia",TRUE
850,33,-0.09862379,127,"Indonesia",1978,"All","Indonesia",TRUE
850,34,-0.06708162,122,"Indonesia",1979,"All","Indonesia",TRUE
850,35,-0.2135397,103,"Indonesia",1980,"All","Indonesia",TRUE
850,36,-0.3144702,134,"Indonesia",1981,"All","Indonesia",TRUE
850,37,-0.3500995,158,"Indonesia",1982,"All","Indonesia",TRUE
850,38,-0.2669928,146,"Indonesia",1983,"All","Indonesia",TRUE
850,39,-0.276008,148,"Indonesia",1984,"All","Indonesia",TRUE
850,40,-0.4268037,153,"Indonesia",1985,"All","Indonesia",TRUE
850,41,-0.5426143,151,"Indonesia",1986,"All","Indonesia",TRUE
850,42,-0.5914532,142,"Indonesia",1987,"All","Indonesia",TRUE
850,43,-0.670573,136,"Indonesia",1988,"All","Indonesia",TRUE
850,44,-0.7345786,115,"Indonesia",1989,"All","Indonesia",TRUE
850,45,-0.8122087,86,"Indonesia",1990,"All","Indonesia",TRUE
850,46,-1.142011,74,"Indonesia",1991,"All","Indonesia",TRUE
850,47,-1.113237,74,"Indonesia",1992,"All","Indonesia",TRUE
850,48,-1.373436,65,"Indonesia",1993,"All","Indonesia",TRUE
850,49,-1.392622,67,"Indonesia",1994,"All","Indonesia",TRUE
850,50,-1.364504,79,"Indonesia",1995,"All","Indonesia",TRUE
850,51,-1.464736,72,"Indonesia",1996,"All","Indonesia",TRUE
850,52,-1.29599,72,"Indonesia",1997,"All","Indonesia",TRUE
850,53,-0.9823068,64,"Indonesia",1998,"All","Indonesia",TRUE
850,54,-0.9142857,66,"Indonesia",1999,"All","Indonesia",TRUE
850,55,-0.9440358,66,"Indonesia",2000,"All","Indonesia",TRUE
850,56,-0.9634497,68,"Indonesia",2001,"All","Indonesia",TRUE
850,57,-0.9641271,74,"Indonesia",2002,"All","Indonesia",TRUE
850,58,-0.8835887,76,"Indonesia",2003,"All","Indonesia",TRUE
850,59,-1.092105,72,"Indonesia",2004,"All","Indonesia",TRUE
850,60,-1.189872,74,"Indonesia",2005,"All","Indonesia",TRUE
850,61,-1.230157,92,"Indonesia",2006,"All","Indonesia",TRUE
850,62,-1.073251,79,"Indonesia",2007,"All","Indonesia",TRUE
850,63,-1.041075,76,"Indonesia",2008,"All","Indonesia",TRUE
850,64,-1.003387,68,"Indonesia",2009,"All","Indonesia",TRUE
850,65,-1.171411,68,"Indonesia",2010,"All","Indonesia",TRUE
850,66,-0.7867208,68,"Indonesia",2011,"All","Indonesia",TRUE
850,67,-0.9327182,69,"Indonesia",2012,"All","Indonesia",TRUE
850,68,-0.92844,64,"Indonesia",2013,"All","Indonesia",TRUE
850,69,-1.124931,80,"Indonesia",2014,"All","Indonesia",TRUE
850,70,-1.053798,73,"Indonesia",2015,"All","Indonesia",TRUE
850,71,-0.9989701,78,"Indonesia",2016,"All","Indonesia",TRUE
850,72,-1.031272,90,"Indonesia",2017,"All","Indonesia",TRUE
850,73,-1.09071,95,"Indonesia",2018,"All","Indonesia",TRUE
850,74,-0.8749062,91,"Indonesia",2019,"All","Indonesia",TRUE
2,25,2.731292,14,"United States",1970,"Human Rights","United States",FALSE
2,26,2.55991,8,"United States",1971,"Human Rights","United States",FALSE
2,27,2.781617,15,"United States",1972,"Human Rights","United States",FALSE
2,28,2.760918,23,"United States",1973,"Human Rights","United States",FALSE
2,29,2.685759,20,"United States",1974,"Human Rights","United States",FALSE
2,30,2.684721,21,"United States",1975,"Human Rights","United States",FALSE
2,31,2.929598,15,"United States",1976,"Human Rights","United States",FALSE
2,32,2.860904,18,"United States",1977,"Human Rights","United States",FALSE
2,33,2.787261,14,"United States",1978,"Human Rights","United States",FALSE
2,34,3.125536,16,"United States",1979,"Human Rights","United States",FALSE
2,35,3.127616,18,"United States",1980,"Human Rights","United States",FALSE
2,36,3.275289,13,"United States",1981,"Human Rights","United States",FALSE
2,37,3.207003,21,"United States",1982,"Human Rights","United States",FALSE
2,38,2.967989,19,"United States",1983,"Human Rights","United States",FALSE
2,39,3.013395,15,"United States",1984,"Human Rights","United States",FALSE
2,40,3.10423,16,"United States",1985,"Human Rights","United States",FALSE
2,41,3.070964,24,"United States",1986,"Human Rights","United States",FALSE
2,42,3.106385,19,"United States",1987,"Human Rights","United States",FALSE
2,43,2.974798,17,"United States",1988,"Human Rights","United States",FALSE
2,44,2.927021,13,"United States",1989,"Human Rights","United States",FALSE
2,45,2.939404,10,"United States",1990,"Human Rights","United States",FALSE
2,46,2.921711,11,"United States",1991,"Human Rights","United States",FALSE
2,47,2.713206,11,"United States",1992,"Human Rights","United States",FALSE
2,48,2.82987,11,"United States",1993,"Human Rights","United States",FALSE
2,49,3.102965,14,"United States",1994,"Human Rights","United States",FALSE
2,50,3.471337,14,"United States",1995,"Human Rights","United States",FALSE
2,51,3.438735,17,"United States",1996,"Human Rights","United States",FALSE
2,52,3.380132,20,"United States",1997,"Human Rights","United States",FALSE
2,53,2.950729,14,"United States",1998,"Human Rights","United States",FALSE
2,54,2.75,19,"United States",1999,"Human Rights","United States",FALSE
2,55,2.657247,17,"United States",2000,"Human Rights","United States",FALSE
2,56,2.567887,21,"United States",2001,"Human Rights","United States",FALSE
2,57,2.725257,19,"United States",2002,"Human Rights","United States",FALSE
2,58,2.765358,22,"United States",2003,"Human Rights","United States",FALSE
2,59,2.636171,19,"United States",2004,"Human Rights","United States",FALSE
2,60,2.513429,20,"United States",2005,"Human Rights","United States",FALSE
2,61,2.439074,27,"United States",2006,"Human Rights","United States",FALSE
2,62,2.212346,26,"United States",2007,"Human Rights","United States",FALSE
2,63,2.172848,26,"United States",2008,"Human Rights","United States",FALSE
2,64,2.121915,24,"United States",2009,"Human Rights","United States",FALSE
2,65,1.876482,23,"United States",2010,"Human Rights","United States",FALSE
2,66,2.064047,24,"United States",2011,"Human Rights","United States",FALSE
2,67,2.139595,22,"United States",2012,"Human Rights","United States",FALSE
2,68,2.329978,21,"United States",2013,"Human Rights","United States",FALSE
2,69,2.268829,17,"United States",2014,"Human Rights","United States",FALSE
2,70,2.144144,20,"United States",2015,"Human Rights","United States",FALSE
2,71,2.071962,18,"United States",2016,"Human Rights","United States",FALSE
2,72,2.069325,29,"United States",2017,"Human Rights","United States",FALSE
2,73,2.262777,22,"United States",2018,"Human Rights","United States",FALSE
2,74,2.152796,14,"United States",2019,"Human Rights","United States",FALSE
710,26,-1.194589,3,"China",1971,"Human Rights","China",FALSE
710,27,-1.144478,12,"China",1972,"Human Rights","China",FALSE
710,28,-0.9851026,21,"China",1973,"Human Rights","China",FALSE
710,29,-0.7454699,18,"China",1974,"Human Rights","China",FALSE
710,30,-0.8149996,15,"China",1975,"Human Rights","China",FALSE
710,31,-0.980486,14,"China",1976,"Human Rights","China",FALSE
710,32,-0.9641992,14,"China",1977,"Human Rights","China",FALSE
710,33,-0.9632952,11,"China",1978,"Human Rights","China",FALSE
710,34,-0.7063591,13,"China",1979,"Human Rights","China",FALSE
710,35,-0.6744908,15,"China",1980,"Human Rights","China",FALSE
710,36,-0.4286347,13,"China",1981,"Human Rights","China",FALSE
710,37,0.03908729,20,"China",1982,"Human Rights","China",FALSE
710,38,-0.07833678,19,"China",1983,"Human Rights","China",FALSE
710,39,-0.2104287,15,"China",1984,"Human Rights","China",FALSE
710,40,-0.1290283,15,"China",1985,"Human Rights","China",FALSE
710,41,-0.3913312,23,"China",1986,"Human Rights","China",FALSE
710,42,-0.2265361,18,"China",1987,"Human Rights","China",FALSE
710,43,-0.3252013,17,"China",1988,"Human Rights","China",FALSE
710,44,-0.4459684,13,"China",1989,"Human Rights","China",FALSE
710,45,-0.4751009,10,"China",1990,"Human Rights","China",FALSE
710,46,-0.7907908,10,"China",1991,"Human Rights","China",FALSE
710,47,-1.455593,11,"China",1992,"Human Rights","China",FALSE
710,48,-1.663223,11,"China",1993,"Human Rights","China",FALSE
710,49,-1.877995,14,"China",1994,"Human Rights","China",FALSE
710,50,-2.026055,14,"China",1995,"Human Rights","China",FALSE
710,51,-1.96785,17,"China",1996,"Human Rights","China",FALSE
710,52,-1.853405,20,"China",1997,"Human Rights","China",FALSE
710,53,-1.647814,13,"China",1998,"Human Rights","China",FALSE
710,54,-1.613756,19,"China",1999,"Human Rights","China",FALSE
710,55,-1.36047,17,"China",2000,"Human Rights","China",FALSE
710,56,-1.191583,21,"China",2001,"Human Rights","China",FALSE
710,57,-1.027524,19,"China",2002,"Human Rights","China",FALSE
710,58,-1.114912,22,"China",2003,"Human Rights","China",FALSE
710,59,-1.113902,19,"China",2004,"Human Rights","China",FALSE
710,60,-1.308951,20,"China",2005,"Human Rights","China",FALSE
710,61,-1.203532,27,"China",2006,"Human Rights","China",FALSE
710,62,-1.324776,26,"China",2007,"Human Rights","China",FALSE
710,63,-1.365911,26,"China",2008,"Human Rights","China",FALSE
710,64,-1.292413,24,"China",2009,"Human Rights","China",FALSE
710,65,-1.42383,23,"China",2010,"Human Rights","China",FALSE
710,66,-1.312785,24,"China",2011,"Human Rights","China",FALSE
710,67,-1.293004,22,"China",2012,"Human Rights","China",FALSE
710,68,-1.376486,21,"China",2013,"Human Rights","China",FALSE
710,69,-1.550729,18,"China",2014,"Human Rights","China",FALSE
710,70,-1.571789,20,"China",2015,"Human Rights","China",FALSE
710,71,-1.614393,18,"China",2016,"Human Rights","China",FALSE
710,72,-1.68252,29,"China",2017,"Human Rights","China",FALSE
710,73,-1.819899,21,"China",2018,"Human Rights","China",FALSE
710,74,-1.790664,14,"China",2019,"Human Rights","China",FALSE
775,25,0.5344595,14,"Myanmar (Burma)",1970,"Human Rights","Myanmar",TRUE
775,26,0.3835,8,"Myanmar (Burma)",1971,"Human Rights","Myanmar",TRUE
775,27,-0.01899767,15,"Myanmar (Burma)",1972,"Human Rights","Myanmar",TRUE
775,28,0.2010356,23,"Myanmar (Burma)",1973,"Human Rights","Myanmar",TRUE
775,29,-0.1476572,19,"Myanmar (Burma)",1974,"Human Rights","Myanmar",TRUE
775,30,-0.1370211,20,"Myanmar (Burma)",1975,"Human Rights","Myanmar",TRUE
775,31,-0.3046218,12,"Myanmar (Burma)",1976,"Human Rights","Myanmar",TRUE
775,32,-0.6182141,19,"Myanmar (Burma)",1977,"Human Rights","Myanmar",TRUE
775,33,-0.3515761,16,"Myanmar (Burma)",1978,"Human Rights","Myanmar",TRUE
775,34,0.1478116,16,"Myanmar (Burma)",1979,"Human Rights","Myanmar",TRUE
775,35,0.3636637,18,"Myanmar (Burma)",1980,"Human Rights","Myanmar",TRUE
775,36,0.3703117,13,"Myanmar (Burma)",1981,"Human Rights","Myanmar",TRUE
775,37,0.5870837,20,"Myanmar (Burma)",1982,"Human Rights","Myanmar",TRUE
775,38,0.3343321,19,"Myanmar (Burma)",1983,"Human Rights","Myanmar",TRUE
775,39,-0.0381242,15,"Myanmar (Burma)",1984,"Human Rights","Myanmar",TRUE
775,40,-0.2735197,16,"Myanmar (Burma)",1985,"Human Rights","Myanmar",TRUE
775,41,-0.4600628,23,"Myanmar (Burma)",1986,"Human Rights","Myanmar",TRUE
775,42,-0.5412002,18,"Myanmar (Burma)",1987,"Human Rights","Myanmar",TRUE
775,43,-0.4592498,18,"Myanmar (Burma)",1988,"Human Rights","Myanmar",TRUE
775,44,-0.4616081,13,"Myanmar (Burma)",1989,"Human Rights","Myanmar",TRUE
775,45,-0.5203717,10,"Myanmar (Burma)",1990,"Human Rights","Myanmar",TRUE
775,46,-0.5382685,11,"Myanmar (Burma)",1991,"Human Rights","Myanmar",TRUE
775,47,-1.345615,10,"Myanmar (Burma)",1992,"Human Rights","Myanmar",TRUE
775,48,-1.690111,7,"Myanmar (Burma)",1993,"Human Rights","Myanmar",TRUE
775,49,-1.632652,3,"Myanmar (Burma)",1994,"Human Rights","Myanmar",TRUE
775,50,-1.892878,14,"Myanmar (Burma)",1995,"Human Rights","Myanmar",TRUE
775,51,-1.838389,17,"Myanmar (Burma)",1996,"Human Rights","Myanmar",TRUE
775,52,-1.750474,20,"Myanmar (Burma)",1997,"Human Rights","Myanmar",TRUE
775,53,-1.450592,14,"Myanmar (Burma)",1998,"Human Rights","Myanmar",TRUE
775,54,-1.589939,19,"Myanmar (Burma)",1999,"Human Rights","Myanmar",TRUE
775,55,-1.263989,17,"Myanmar (Burma)",2000,"Human Rights","Myanmar",TRUE
775,56,-1.141102,21,"Myanmar (Burma)",2001,"Human Rights","Myanmar",TRUE
775,57,-1.009139,19,"Myanmar (Burma)",2002,"Human Rights","Myanmar",TRUE
775,58,-1.108275,22,"Myanmar (Burma)",2003,"Human Rights","Myanmar",TRUE
775,59,-1.140992,19,"Myanmar (Burma)",2004,"Human Rights","Myanmar",TRUE
775,60,-1.216665,19,"Myanmar (Burma)",2005,"Human Rights","Myanmar",TRUE
775,61,-1.05904,27,"Myanmar (Burma)",2006,"Human Rights","Myanmar",TRUE
775,62,-1.286713,26,"Myanmar (Burma)",2007,"Human Rights","Myanmar",TRUE
775,63,-1.339961,26,"Myanmar (Burma)",2008,"Human Rights","Myanmar",TRUE
775,64,-1.374549,18,"Myanmar (Burma)",2009,"Human Rights","Myanmar",TRUE
775,65,-1.358182,23,"Myanmar (Burma)",2010,"Human Rights","Myanmar",TRUE
775,66,-1.472614,19,"Myanmar (Burma)",2011,"Human Rights","Myanmar",TRUE
775,67,-0.9854664,18,"Myanmar (Burma)",2012,"Human Rights","Myanmar",TRUE
775,68,-0.9528796,19,"Myanmar (Burma)",2013,"Human Rights","Myanmar",TRUE
775,69,-1.172048,18,"Myanmar (Burma)",2014,"Human Rights","Myanmar",TRUE
775,70,-1.177614,20,"Myanmar (Burma)",2015,"Human Rights","Myanmar",TRUE
775,71,-0.6345495,18,"Myanmar (Burma)",2016,"Human Rights","Myanmar",TRUE
775,72,-0.7995368,21,"Myanmar (Burma)",2017,"Human Rights","Myanmar",TRUE
775,73,-0.7284672,15,"Myanmar (Burma)",2018,"Human Rights","Myanmar",TRUE
775,74,-0.5678385,11,"Myanmar (Burma)",2019,"Human Rights","Myanmar",TRUE
800,25,1.086674,14,"Thailand",1970,"Human Rights","Thailand",TRUE
800,26,0.9420456,8,"Thailand",1971,"Human Rights","Thailand",TRUE
800,27,0.9160072,15,"Thailand",1972,"Human Rights","Thailand",TRUE
800,28,0.181417,22,"Thailand",1973,"Human Rights","Thailand",TRUE
800,29,0.1004341,20,"Thailand",1974,"Human Rights","Thailand",TRUE
800,30,0.008743505,21,"Thailand",1975,"Human Rights","Thailand",TRUE
800,31,0.06028508,17,"Thailand",1976,"Human Rights","Thailand",TRUE
800,32,-0.0002283961,19,"Thailand",1977,"Human Rights","Thailand",TRUE
800,33,-0.2493793,16,"Thailand",1978,"Human Rights","Thailand",TRUE
800,34,0.006656034,16,"Thailand",1979,"Human Rights","Thailand",TRUE
800,35,0.1567394,18,"Thailand",1980,"Human Rights","Thailand",TRUE
800,36,0.005130477,13,"Thailand",1981,"Human Rights","Thailand",TRUE
800,37,0.03231116,21,"Thailand",1982,"Human Rights","Thailand",TRUE
800,38,-0.06321012,19,"Thailand",1983,"Human Rights","Thailand",TRUE
800,39,-0.2404461,15,"Thailand",1984,"Human Rights","Thailand",TRUE
800,40,-0.1351416,16,"Thailand",1985,"Human Rights","Thailand",TRUE
800,41,-0.1909926,24,"Thailand",1986,"Human Rights","Thailand",TRUE
800,42,-0.1911572,19,"Thailand",1987,"Human Rights","Thailand",TRUE
800,43,-0.2953382,18,"Thailand",1988,"Human Rights","Thailand",TRUE
800,44,-0.336063,12,"Thailand",1989,"Human Rights","Thailand",TRUE
800,45,-0.3933218,10,"Thailand",1990,"Human Rights","Thailand",TRUE
800,46,-0.2914269,11,"Thailand",1991,"Human Rights","Thailand",TRUE
800,47,-0.4960552,11,"Thailand",1992,"Human Rights","Thailand",TRUE
800,48,-0.7216743,11,"Thailand",1993,"Human Rights","Thailand",TRUE
800,49,-0.7220295,13,"Thailand",1994,"Human Rights","Thailand",TRUE
800,50,-0.5600966,14,"Thailand",1995,"Human Rights","Thailand",TRUE
800,51,-0.4230908,17,"Thailand",1996,"Human Rights","Thailand",TRUE
800,52,-0.4571426,20,"Thailand",1997,"Human Rights","Thailand",TRUE
800,53,-0.5569243,14,"Thailand",1998,"Human Rights","Thailand",TRUE
800,54,-0.3255332,19,"Thailand",1999,"Human Rights","Thailand",TRUE
800,55,-0.05499011,17,"Thailand",2000,"Human Rights","Thailand",TRUE
800,56,-0.249624,21,"Thailand",2001,"Human Rights","Thailand",TRUE
800,57,-0.204713,19,"Thailand",2002,"Human Rights","Thailand",TRUE
800,58,0.0310271,22,"Thailand",2003,"Human Rights","Thailand",TRUE
800,59,0.09643781,19,"Thailand",2004,"Human Rights","Thailand",TRUE
800,60,-0.1457176,20,"Thailand",2005,"Human Rights","Thailand",TRUE
800,61,-0.07528236,27,"Thailand",2006,"Human Rights","Thailand",TRUE
800,62,-0.1119171,26,"Thailand",2007,"Human Rights","Thailand",TRUE
800,63,-0.1041087,26,"Thailand",2008,"Human Rights","Thailand",TRUE
800,64,-0.3835821,24,"Thailand",2009,"Human Rights","Thailand",TRUE
800,65,-0.4505295,23,"Thailand",2010,"Human Rights","Thailand",TRUE
800,66,-0.3595475,24,"Thailand",2011,"Human Rights","Thailand",TRUE
800,67,-0.3279658,22,"Thailand",2012,"Human Rights","Thailand",TRUE
800,68,-0.3064832,21,"Thailand",2013,"Human Rights","Thailand",TRUE
800,69,-0.3087111,18,"Thailand",2014,"Human Rights","Thailand",TRUE
800,70,-0.2584442,20,"Thailand",2015,"Human Rights","Thailand",TRUE
800,71,-0.3140637,18,"Thailand",2016,"Human Rights","Thailand",TRUE
800,72,-0.364258,29,"Thailand",2017,"Human Rights","Thailand",TRUE
800,73,-0.3155175,22,"Thailand",2018,"Human Rights","Thailand",TRUE
800,74,-0.3163202,14,"Thailand",2019,"Human Rights","Thailand",TRUE
811,25,0.923405,9,"Cambodia",1970,"Human Rights","Cambodia",TRUE
811,26,0.7556047,5,"Cambodia",1971,"Human Rights","Cambodia",TRUE
811,27,0.3395326,13,"Cambodia",1972,"Human Rights","Cambodia",TRUE
811,28,0.4789545,19,"Cambodia",1973,"Human Rights","Cambodia",TRUE
811,29,0.2265603,19,"Cambodia",1974,"Human Rights","Cambodia",TRUE
811,30,-0.1653182,11,"Cambodia",1975,"Human Rights","Cambodia",TRUE
811,31,-0.4794846,7,"Cambodia",1976,"Human Rights","Cambodia",TRUE
811,33,-0.4845267,3,"Cambodia",1978,"Human Rights","Cambodia",TRUE
811,34,-0.3951152,12,"Cambodia",1979,"Human Rights","Cambodia",TRUE
811,35,-0.0638211,11,"Cambodia",1980,"Human Rights","Cambodia",TRUE
811,36,-0.0002543514,11,"Cambodia",1981,"Human Rights","Cambodia",TRUE
811,37,0.03462087,21,"Cambodia",1982,"Human Rights","Cambodia",TRUE
811,38,-0.068363,19,"Cambodia",1983,"Human Rights","Cambodia",TRUE
811,39,-0.1883465,14,"Cambodia",1984,"Human Rights","Cambodia",TRUE
811,40,-0.1312295,13,"Cambodia",1985,"Human Rights","Cambodia",TRUE
811,41,-0.01995857,18,"Cambodia",1986,"Human Rights","Cambodia",TRUE
811,42,-0.08035298,15,"Cambodia",1987,"Human Rights","Cambodia",TRUE
811,43,-0.2160801,13,"Cambodia",1988,"Human Rights","Cambodia",TRUE
811,44,-0.2182012,12,"Cambodia",1989,"Human Rights","Cambodia",TRUE
811,46,-0.2018699,6,"Cambodia",1991,"Human Rights","Cambodia",TRUE
811,48,-0.5290399,7,"Cambodia",1993,"Human Rights","Cambodia",TRUE
811,49,-0.2808496,10,"Cambodia",1994,"Human Rights","Cambodia",TRUE
811,50,-0.0799264,11,"Cambodia",1995,"Human Rights","Cambodia",TRUE
811,51,-0.06112996,17,"Cambodia",1996,"Human Rights","Cambodia",TRUE
811,54,-0.6740022,19,"Cambodia",1999,"Human Rights","Cambodia",TRUE
811,55,-0.7784723,16,"Cambodia",2000,"Human Rights","Cambodia",TRUE
811,56,-0.7921817,20,"Cambodia",2001,"Human Rights","Cambodia",TRUE
811,57,-0.8721281,19,"Cambodia",2002,"Human Rights","Cambodia",TRUE
811,58,-0.8234731,22,"Cambodia",2003,"Human Rights","Cambodia",TRUE
811,59,-0.5766424,19,"Cambodia",2004,"Human Rights","Cambodia",TRUE
811,60,-0.7216743,15,"Cambodia",2005,"Human Rights","Cambodia",TRUE
811,61,-0.8858912,24,"Cambodia",2006,"Human Rights","Cambodia",TRUE
811,62,-0.4622653,24,"Cambodia",2007,"Human Rights","Cambodia",TRUE
811,63,-0.5854967,24,"Cambodia",2008,"Human Rights","Cambodia",TRUE
811,64,-0.5645281,19,"Cambodia",2009,"Human Rights","Cambodia",TRUE
811,65,-0.7105218,22,"Cambodia",2010,"Human Rights","Cambodia",TRUE
811,66,-0.8005443,23,"Cambodia",2011,"Human Rights","Cambodia",TRUE
811,67,-0.8724176,21,"Cambodia",2012,"Human Rights","Cambodia",TRUE
811,68,-1.005361,19,"Cambodia",2013,"Human Rights","Cambodia",TRUE
811,69,-0.9425976,17,"Cambodia",2014,"Human Rights","Cambodia",TRUE
811,70,-1.10903,19,"Cambodia",2015,"Human Rights","Cambodia",TRUE
811,71,-1.098011,17,"Cambodia",2016,"Human Rights","Cambodia",TRUE
811,72,-1.081414,29,"Cambodia",2017,"Human Rights","Cambodia",TRUE
811,73,-1.272885,21,"Cambodia",2018,"Human Rights","Cambodia",TRUE
811,74,-1.469489,13,"Cambodia",2019,"Human Rights","Cambodia",TRUE
812,25,0.690606,7,"Laos",1970,"Human Rights","Laos",TRUE
812,26,0.8164488,6,"Laos",1971,"Human Rights","Laos",TRUE
812,27,1.256538,13,"Laos",1972,"Human Rights","Laos",TRUE
812,28,0.7211326,14,"Laos",1973,"Human Rights","Laos",TRUE
812,29,0.93426,19,"Laos",1974,"Human Rights","Laos",TRUE
812,30,-0.1532317,21,"Laos",1975,"Human Rights","Laos",TRUE
812,31,-0.4635889,17,"Laos",1976,"Human Rights","Laos",TRUE
812,32,-0.6657177,19,"Laos",1977,"Human Rights","Laos",TRUE
812,33,-1.237508,15,"Laos",1978,"Human Rights","Laos",TRUE
812,34,-1.333194,16,"Laos",1979,"Human Rights","Laos",TRUE
812,35,-1.579653,17,"Laos",1980,"Human Rights","Laos",TRUE
812,36,-1.63768,13,"Laos",1981,"Human Rights","Laos",TRUE
812,37,-1.463225,21,"Laos",1982,"Human Rights","Laos",TRUE
812,38,-1.453003,19,"Laos",1983,"Human Rights","Laos",TRUE
812,39,-1.315167,15,"Laos",1984,"Human Rights","Laos",TRUE
812,40,-1.365422,15,"Laos",1985,"Human Rights","Laos",TRUE
812,41,-1.284925,23,"Laos",1986,"Human Rights","Laos",TRUE
812,42,-1.303934,18,"Laos",1987,"Human Rights","Laos",TRUE
812,43,-1.006267,17,"Laos",1988,"Human Rights","Laos",TRUE
812,44,-0.8026476,12,"Laos",1989,"Human Rights","Laos",TRUE
812,45,-0.7309362,10,"Laos",1990,"Human Rights","Laos",TRUE
812,46,-0.8869873,11,"Laos",1991,"Human Rights","Laos",TRUE
812,47,-1.315469,11,"Laos",1992,"Human Rights","Laos",TRUE
812,48,-1.203092,11,"Laos",1993,"Human Rights","Laos",TRUE
812,49,-1.21275,12,"Laos",1994,"Human Rights","Laos",TRUE
812,50,-1.133943,11,"Laos",1995,"Human Rights","Laos",TRUE
812,51,-1.017119,15,"Laos",1996,"Human Rights","Laos",TRUE
812,52,-1.014771,20,"Laos",1997,"Human Rights","Laos",TRUE
812,53,-0.9800119,14,"Laos",1998,"Human Rights","Laos",TRUE
812,54,-0.9006042,19,"Laos",1999,"Human Rights","Laos",TRUE
812,55,-1.058004,17,"Laos",2000,"Human Rights","Laos",TRUE
812,56,-1.098856,20,"Laos",2001,"Human Rights","Laos",TRUE
812,57,-0.942681,17,"Laos",2002,"Human Rights","Laos",TRUE
812,58,-0.6703203,22,"Laos",2003,"Human Rights","Laos",TRUE
812,59,-0.5300945,19,"Laos",2004,"Human Rights","Laos",TRUE
812,60,-0.5891322,20,"Laos",2005,"Human Rights","Laos",TRUE
812,61,-0.7731773,26,"Laos",2006,"Human Rights","Laos",TRUE
812,62,-0.8468985,26,"Laos",2007,"Human Rights","Laos",TRUE
812,63,-0.7700195,26,"Laos",2008,"Human Rights","Laos",TRUE
812,64,-0.7111867,22,"Laos",2009,"Human Rights","Laos",TRUE
812,65,-0.6578905,23,"Laos",2010,"Human Rights","Laos",TRUE
812,66,-0.8946841,24,"Laos",2011,"Human Rights","Laos",TRUE
812,67,-0.6992905,22,"Laos",2012,"Human Rights","Laos",TRUE
812,68,-0.6108942,20,"Laos",2013,"Human Rights","Laos",TRUE
812,69,-0.8769361,18,"Laos",2014,"Human Rights","Laos",TRUE
812,70,-0.9841702,20,"Laos",2015,"Human Rights","Laos",TRUE
812,71,-0.7099757,18,"Laos",2016,"Human Rights","Laos",TRUE
812,72,-1.0864,29,"Laos",2017,"Human Rights","Laos",TRUE
812,73,-0.9668308,22,"Laos",2018,"Human Rights","Laos",TRUE
812,74,-0.8245837,14,"Laos",2019,"Human Rights","Laos",TRUE
816,32,-0.9772772,18,"Vietnam",1977,"Human Rights","Vietnam",TRUE
816,33,-0.9065795,14,"Vietnam",1978,"Human Rights","Vietnam",TRUE
816,34,-1.22089,16,"Vietnam",1979,"Human Rights","Vietnam",TRUE
816,35,-1.474787,17,"Vietnam",1980,"Human Rights","Vietnam",TRUE
816,36,-1.563196,13,"Vietnam",1981,"Human Rights","Vietnam",TRUE
816,37,-1.441676,21,"Vietnam",1982,"Human Rights","Vietnam",TRUE
816,38,-1.447415,19,"Vietnam",1983,"Human Rights","Vietnam",TRUE
816,39,-1.229405,15,"Vietnam",1984,"Human Rights","Vietnam",TRUE
816,40,-1.254897,15,"Vietnam",1985,"Human Rights","Vietnam",TRUE
816,41,-1.270173,23,"Vietnam",1986,"Human Rights","Vietnam",TRUE
816,42,-1.274981,18,"Vietnam",1987,"Human Rights","Vietnam",TRUE
816,43,-1.044235,17,"Vietnam",1988,"Human Rights","Vietnam",TRUE
816,44,-0.8762418,12,"Vietnam",1989,"Human Rights","Vietnam",TRUE
816,45,-0.7894098,9,"Vietnam",1990,"Human Rights","Vietnam",TRUE
816,46,-0.9875084,10,"Vietnam",1991,"Human Rights","Vietnam",TRUE
816,47,-1.347707,11,"Vietnam",1992,"Human Rights","Vietnam",TRUE
816,48,-1.606371,11,"Vietnam",1993,"Human Rights","Vietnam",TRUE
816,49,-1.758835,12,"Vietnam",1994,"Human Rights","Vietnam",TRUE
816,50,-1.831767,11,"Vietnam",1995,"Human Rights","Vietnam",TRUE
816,51,-1.511031,15,"Vietnam",1996,"Human Rights","Vietnam",TRUE
816,52,-1.457383,18,"Vietnam",1997,"Human Rights","Vietnam",TRUE
816,53,-1.33836,12,"Vietnam",1998,"Human Rights","Vietnam",TRUE
816,54,-1.310583,17,"Vietnam",1999,"Human Rights","Vietnam",TRUE
816,55,-1.278014,16,"Vietnam",2000,"Human Rights","Vietnam",TRUE
816,56,-1.209806,19,"Vietnam",2001,"Human Rights","Vietnam",TRUE
816,57,-1.021667,18,"Vietnam",2002,"Human Rights","Vietnam",TRUE
816,58,-1.210857,21,"Vietnam",2003,"Human Rights","Vietnam",TRUE
816,59,-1.174071,18,"Vietnam",2004,"Human Rights","Vietnam",TRUE
816,60,-1.331464,18,"Vietnam",2005,"Human Rights","Vietnam",TRUE
816,61,-1.353099,27,"Vietnam",2006,"Human Rights","Vietnam",TRUE
816,62,-1.309589,26,"Vietnam",2007,"Human Rights","Vietnam",TRUE
816,63,-1.265394,26,"Vietnam",2008,"Human Rights","Vietnam",TRUE
816,64,-1.262803,24,"Vietnam",2009,"Human Rights","Vietnam",TRUE
816,65,-1.165413,23,"Vietnam",2010,"Human Rights","Vietnam",TRUE
816,66,-1.318541,24,"Vietnam",2011,"Human Rights","Vietnam",TRUE
816,67,-1.138491,22,"Vietnam",2012,"Human Rights","Vietnam",TRUE
816,68,-1.087725,21,"Vietnam",2013,"Human Rights","Vietnam",TRUE
816,69,-1.239811,18,"Vietnam",2014,"Human Rights","Vietnam",TRUE
816,70,-1.220421,19,"Vietnam",2015,"Human Rights","Vietnam",TRUE
816,71,-1.089826,18,"Vietnam",2016,"Human Rights","Vietnam",TRUE
816,72,-0.9439817,29,"Vietnam",2017,"Human Rights","Vietnam",TRUE
816,73,-1.082805,22,"Vietnam",2018,"Human Rights","Vietnam",TRUE
816,74,-1.048693,14,"Vietnam",2019,"Human Rights","Vietnam",TRUE
820,25,0.1358069,14,"Malaysia",1970,"Human Rights","Malaysia",TRUE
820,26,-0.2267667,8,"Malaysia",1971,"Human Rights","Malaysia",TRUE
820,27,-0.3522822,14,"Malaysia",1972,"Human Rights","Malaysia",TRUE
820,28,-0.05943864,23,"Malaysia",1973,"Human Rights","Malaysia",TRUE
820,29,-0.2961574,20,"Malaysia",1974,"Human Rights","Malaysia",TRUE
820,30,-0.3381271,21,"Malaysia",1975,"Human Rights","Malaysia",TRUE
820,31,-0.08879421,17,"Malaysia",1976,"Human Rights","Malaysia",TRUE
820,32,-0.06578046,19,"Malaysia",1977,"Human Rights","Malaysia",TRUE
820,33,-0.2201553,16,"Malaysia",1978,"Human Rights","Malaysia",TRUE
820,34,-0.412662,16,"Malaysia",1979,"Human Rights","Malaysia",TRUE
820,35,-0.3768138,18,"Malaysia",1980,"Human Rights","Malaysia",TRUE
820,36,-0.2963247,13,"Malaysia",1981,"Human Rights","Malaysia",TRUE
820,37,-0.02700019,21,"Malaysia",1982,"Human Rights","Malaysia",TRUE
820,38,-0.1061507,19,"Malaysia",1983,"Human Rights","Malaysia",TRUE
820,39,-0.2013197,14,"Malaysia",1984,"Human Rights","Malaysia",TRUE
820,40,-0.2380393,15,"Malaysia",1985,"Human Rights","Malaysia",TRUE
820,41,-0.2583532,23,"Malaysia",1986,"Human Rights","Malaysia",TRUE
820,42,-0.2221499,19,"Malaysia",1987,"Human Rights","Malaysia",TRUE
820,43,-0.5818098,18,"Malaysia",1988,"Human Rights","Malaysia",TRUE
820,44,-0.5689229,12,"Malaysia",1989,"Human Rights","Malaysia",TRUE
820,45,-0.5403811,10,"Malaysia",1990,"Human Rights","Malaysia",TRUE
820,46,-1.041101,11,"Malaysia",1991,"Human Rights","Malaysia",TRUE
820,47,-1.112109,11,"Malaysia",1992,"Human Rights","Malaysia",TRUE
820,48,-1.240955,11,"Malaysia",1993,"Human Rights","Malaysia",TRUE
820,49,-1.002509,14,"Malaysia",1994,"Human Rights","Malaysia",TRUE
820,50,-0.7592954,14,"Malaysia",1995,"Human Rights","Malaysia",TRUE
820,51,-0.6770192,17,"Malaysia",1996,"Human Rights","Malaysia",TRUE
820,52,-0.6230782,20,"Malaysia",1997,"Human Rights","Malaysia",TRUE
820,53,-0.8020887,14,"Malaysia",1998,"Human Rights","Malaysia",TRUE
820,54,-0.613699,19,"Malaysia",1999,"Human Rights","Malaysia",TRUE
820,55,-0.5326938,17,"Malaysia",2000,"Human Rights","Malaysia",TRUE
820,56,-0.9251416,20,"Malaysia",2001,"Human Rights","Malaysia",TRUE
820,57,-0.6739254,19,"Malaysia",2002,"Human Rights","Malaysia",TRUE
820,58,-1.006754,22,"Malaysia",2003,"Human Rights","Malaysia",TRUE
820,59,-0.6688621,19,"Malaysia",2004,"Human Rights","Malaysia",TRUE
820,60,-1.196319,20,"Malaysia",2005,"Human Rights","Malaysia",TRUE
820,61,-0.7212483,27,"Malaysia",2006,"Human Rights","Malaysia",TRUE
820,62,-1.216421,26,"Malaysia",2007,"Human Rights","Malaysia",TRUE
820,63,-0.8975312,26,"Malaysia",2008,"Human Rights","Malaysia",TRUE
820,64,-1.173184,24,"Malaysia",2009,"Human Rights","Malaysia",TRUE
820,65,-1.388767,23,"Malaysia",2010,"Human Rights","Malaysia",TRUE
820,66,-0.739231,24,"Malaysia",2011,"Human Rights","Malaysia",TRUE
820,67,-0.6548042,22,"Malaysia",2012,"Human Rights","Malaysia",TRUE
820,68,-0.4671867,21,"Malaysia",2013,"Human Rights","Malaysia",TRUE
820,69,-0.6332736,18,"Malaysia",2014,"Human Rights","Malaysia",TRUE
820,70,-0.5570766,20,"Malaysia",2015,"Human Rights","Malaysia",TRUE
820,71,-0.6445598,18,"Malaysia",2016,"Human Rights","Malaysia",TRUE
820,72,-0.4505008,28,"Malaysia",2017,"Human Rights","Malaysia",TRUE
820,73,-0.490227,22,"Malaysia",2018,"Human Rights","Malaysia",TRUE
820,74,-0.5643445,14,"Malaysia",2019,"Human Rights","Malaysia",TRUE
830,25,0.6331632,14,"Singapore",1970,"Human Rights","Singapore",TRUE
830,26,0.4802645,8,"Singapore",1971,"Human Rights","Singapore",TRUE
830,27,0.7858223,12,"Singapore",1972,"Human Rights","Singapore",TRUE
830,28,0.09990291,23,"Singapore",1973,"Human Rights","Singapore",TRUE
830,29,0.1938305,19,"Singapore",1974,"Human Rights","Singapore",TRUE
830,30,0.04768693,20,"Singapore",1975,"Human Rights","Singapore",TRUE
830,31,-0.0226193,14,"Singapore",1976,"Human Rights","Singapore",TRUE
830,32,-0.0244081,18,"Singapore",1977,"Human Rights","Singapore",TRUE
830,33,-0.1229667,16,"Singapore",1978,"Human Rights","Singapore",TRUE
830,34,0.171334,15,"Singapore",1979,"Human Rights","Singapore",TRUE
830,35,0.2029148,17,"Singapore",1980,"Human Rights","Singapore",TRUE
830,36,0.3152129,13,"Singapore",1981,"Human Rights","Singapore",TRUE
830,37,0.09761994,19,"Singapore",1982,"Human Rights","Singapore",TRUE
830,38,-0.04127218,19,"Singapore",1983,"Human Rights","Singapore",TRUE
830,39,-0.3257842,14,"Singapore",1984,"Human Rights","Singapore",TRUE
830,40,-0.1425715,15,"Singapore",1985,"Human Rights","Singapore",TRUE
830,41,-0.1806229,23,"Singapore",1986,"Human Rights","Singapore",TRUE
830,42,0.1650267,19,"Singapore",1987,"Human Rights","Singapore",TRUE
830,43,-0.09448743,16,"Singapore",1988,"Human Rights","Singapore",TRUE
830,44,-0.2281602,13,"Singapore",1989,"Human Rights","Singapore",TRUE
830,45,-0.3254265,10,"Singapore",1990,"Human Rights","Singapore",TRUE
830,46,-0.2552136,11,"Singapore",1991,"Human Rights","Singapore",TRUE
830,47,0.001436497,11,"Singapore",1992,"Human Rights","Singapore",TRUE
830,48,0.03563981,11,"Singapore",1993,"Human Rights","Singapore",TRUE
830,49,-0.1016117,14,"Singapore",1994,"Human Rights","Singapore",TRUE
830,50,-0.0982784,14,"Singapore",1995,"Human Rights","Singapore",TRUE
830,51,-0.3376167,17,"Singapore",1996,"Human Rights","Singapore",TRUE
830,52,-0.4808511,20,"Singapore",1997,"Human Rights","Singapore",TRUE
830,53,-0.629862,14,"Singapore",1998,"Human Rights","Singapore",TRUE
830,54,-0.4917539,19,"Singapore",1999,"Human Rights","Singapore",TRUE
830,55,-0.054587,17,"Singapore",2000,"Human Rights","Singapore",TRUE
830,56,-0.1465816,21,"Singapore",2001,"Human Rights","Singapore",TRUE
830,57,0.04793224,19,"Singapore",2002,"Human Rights","Singapore",TRUE
830,58,0.02984989,22,"Singapore",2003,"Human Rights","Singapore",TRUE
830,59,0.01836896,19,"Singapore",2004,"Human Rights","Singapore",TRUE
830,60,-0.1483537,20,"Singapore",2005,"Human Rights","Singapore",TRUE
830,61,-0.07256963,27,"Singapore",2006,"Human Rights","Singapore",TRUE
830,62,-0.1192225,26,"Singapore",2007,"Human Rights","Singapore",TRUE
830,63,-0.2259818,26,"Singapore",2008,"Human Rights","Singapore",TRUE
830,64,-0.2994217,24,"Singapore",2009,"Human Rights","Singapore",TRUE
830,65,-0.3725454,23,"Singapore",2010,"Human Rights","Singapore",TRUE
830,66,-0.7629344,24,"Singapore",2011,"Human Rights","Singapore",TRUE
830,67,-0.4037142,22,"Singapore",2012,"Human Rights","Singapore",TRUE
830,68,-0.6681068,21,"Singapore",2013,"Human Rights","Singapore",TRUE
830,69,-0.4364108,18,"Singapore",2014,"Human Rights","Singapore",TRUE
830,70,-0.603099,20,"Singapore",2015,"Human Rights","Singapore",TRUE
830,71,-0.6568503,18,"Singapore",2016,"Human Rights","Singapore",TRUE
830,72,-0.6920029,29,"Singapore",2017,"Human Rights","Singapore",TRUE
830,73,-0.5672741,22,"Singapore",2018,"Human Rights","Singapore",TRUE
830,74,-0.668869,14,"Singapore",2019,"Human Rights","Singapore",TRUE
835,39,-0.02640765,15,"Brunei",1984,"Human Rights","Brunei",TRUE
835,40,-0.1690364,15,"Brunei",1985,"Human Rights","Brunei",TRUE
835,41,-0.3214302,23,"Brunei",1986,"Human Rights","Brunei",TRUE
835,42,-0.4111796,19,"Brunei",1987,"Human Rights","Brunei",TRUE
835,43,-0.6667111,18,"Brunei",1988,"Human Rights","Brunei",TRUE
835,44,-0.6351044,13,"Brunei",1989,"Human Rights","Brunei",TRUE
835,45,-0.6088898,10,"Brunei",1990,"Human Rights","Brunei",TRUE
835,46,-1.062582,11,"Brunei",1991,"Human Rights","Brunei",TRUE
835,47,-0.9426582,11,"Brunei",1992,"Human Rights","Brunei",TRUE
835,48,-0.9199309,11,"Brunei",1993,"Human Rights","Brunei",TRUE
835,49,-0.8897637,14,"Brunei",1994,"Human Rights","Brunei",TRUE
835,50,-0.9574098,14,"Brunei",1995,"Human Rights","Brunei",TRUE
835,51,-0.9102007,17,"Brunei",1996,"Human Rights","Brunei",TRUE
835,52,-0.8083361,20,"Brunei",1997,"Human Rights","Brunei",TRUE
835,53,-0.8817544,14,"Brunei",1998,"Human Rights","Brunei",TRUE
835,54,-0.7043323,19,"Brunei",1999,"Human Rights","Brunei",TRUE
835,55,-0.5782314,17,"Brunei",2000,"Human Rights","Brunei",TRUE
835,56,-0.7838709,21,"Brunei",2001,"Human Rights","Brunei",TRUE
835,57,-0.6427945,19,"Brunei",2002,"Human Rights","Brunei",TRUE
835,58,-0.9819994,22,"Brunei",2003,"Human Rights","Brunei",TRUE
835,59,-0.6559273,19,"Brunei",2004,"Human Rights","Brunei",TRUE
835,60,-1.031534,20,"Brunei",2005,"Human Rights","Brunei",TRUE
835,61,-0.8763946,27,"Brunei",2006,"Human Rights","Brunei",TRUE
835,62,-0.5795532,26,"Brunei",2007,"Human Rights","Brunei",TRUE
835,63,-0.5779438,26,"Brunei",2008,"Human Rights","Brunei",TRUE
835,64,-0.8626051,24,"Brunei",2009,"Human Rights","Brunei",TRUE
835,65,-1.031525,23,"Brunei",2010,"Human Rights","Brunei",TRUE
835,66,-1.075188,22,"Brunei",2011,"Human Rights","Brunei",TRUE
835,67,-0.9714146,22,"Brunei",2012,"Human Rights","Brunei",TRUE
835,68,-1.060585,21,"Brunei",2013,"Human Rights","Brunei",TRUE
835,69,-1.05261,17,"Brunei",2014,"Human Rights","Brunei",TRUE
835,70,-0.9701724,20,"Brunei",2015,"Human Rights","Brunei",TRUE
835,71,-1.051198,18,"Brunei",2016,"Human Rights","Brunei",TRUE
835,72,-0.8107669,29,"Brunei",2017,"Human Rights","Brunei",TRUE
835,73,-0.9998085,22,"Brunei",2018,"Human Rights","Brunei",TRUE
835,74,-0.8954882,14,"Brunei",2019,"Human Rights","Brunei",TRUE
840,25,0.7142327,14,"Philippines",1970,"Human Rights","Philippines",TRUE
840,26,0.7606194,8,"Philippines",1971,"Human Rights","Philippines",TRUE
840,27,0.5088937,15,"Philippines",1972,"Human Rights","Philippines",TRUE
840,28,0.07186639,23,"Philippines",1973,"Human Rights","Philippines",TRUE
840,29,-0.1557621,20,"Philippines",1974,"Human Rights","Philippines",TRUE
840,30,0.004643374,21,"Philippines",1975,"Human Rights","Philippines",TRUE
840,31,0.06883274,17,"Philippines",1976,"Human Rights","Philippines",TRUE
840,32,-0.04918405,19,"Philippines",1977,"Human Rights","Philippines",TRUE
840,33,-0.2777184,16,"Philippines",1978,"Human Rights","Philippines",TRUE
840,34,-0.183097,16,"Philippines",1979,"Human Rights","Philippines",TRUE
840,35,-0.1167971,18,"Philippines",1980,"Human Rights","Philippines",TRUE
840,36,0.2607124,13,"Philippines",1981,"Human Rights","Philippines",TRUE
840,37,0.02096772,21,"Philippines",1982,"Human Rights","Philippines",TRUE
840,38,0.05022227,19,"Philippines",1983,"Human Rights","Philippines",TRUE
840,39,0.1065769,14,"Philippines",1984,"Human Rights","Philippines",TRUE
840,40,0.1882614,16,"Philippines",1985,"Human Rights","Philippines",TRUE
840,41,0.1022054,24,"Philippines",1986,"Human Rights","Philippines",TRUE
840,42,0.05972784,19,"Philippines",1987,"Human Rights","Philippines",TRUE
840,43,0.3022018,18,"Philippines",1988,"Human Rights","Philippines",TRUE
840,44,0.4126863,13,"Philippines",1989,"Human Rights","Philippines",TRUE
840,45,-0.01523469,10,"Philippines",1990,"Human Rights","Philippines",TRUE
840,46,-0.1435479,11,"Philippines",1991,"Human Rights","Philippines",TRUE
840,47,-0.261134,11,"Philippines",1992,"Human Rights","Philippines",TRUE
840,48,-0.6602574,11,"Philippines",1993,"Human Rights","Philippines",TRUE
840,49,-0.7553855,14,"Philippines",1994,"Human Rights","Philippines",TRUE
840,50,-0.6549062,14,"Philippines",1995,"Human Rights","Philippines",TRUE
840,51,-0.5975725,17,"Philippines",1996,"Human Rights","Philippines",TRUE
840,52,-0.7939439,20,"Philippines",1997,"Human Rights","Philippines",TRUE
840,53,-0.9841637,14,"Philippines",1998,"Human Rights","Philippines",TRUE
840,54,-0.8680518,19,"Philippines",1999,"Human Rights","Philippines",TRUE
840,55,-0.4132556,17,"Philippines",2000,"Human Rights","Philippines",TRUE
840,56,-0.2861886,21,"Philippines",2001,"Human Rights","Philippines",TRUE
840,57,-0.2771855,19,"Philippines",2002,"Human Rights","Philippines",TRUE
840,58,-0.3296264,22,"Philippines",2003,"Human Rights","Philippines",TRUE
840,59,-0.3189881,19,"Philippines",2004,"Human Rights","Philippines",TRUE
840,60,-0.3052638,20,"Philippines",2005,"Human Rights","Philippines",TRUE
840,61,-0.2881983,27,"Philippines",2006,"Human Rights","Philippines",TRUE
840,62,-0.3748332,26,"Philippines",2007,"Human Rights","Philippines",TRUE
840,63,-0.3719591,26,"Philippines",2008,"Human Rights","Philippines",TRUE
840,64,-0.3891073,21,"Philippines",2009,"Human Rights","Philippines",TRUE
840,65,-0.3893896,23,"Philippines",2010,"Human Rights","Philippines",TRUE
840,66,-0.4421448,24,"Philippines",2011,"Human Rights","Philippines",TRUE
840,67,-0.3947816,22,"Philippines",2012,"Human Rights","Philippines",TRUE
840,68,-0.4724688,21,"Philippines",2013,"Human Rights","Philippines",TRUE
840,69,-0.370641,18,"Philippines",2014,"Human Rights","Philippines",TRUE
840,70,-0.3419481,20,"Philippines",2015,"Human Rights","Philippines",TRUE
840,71,-0.5686013,18,"Philippines",2016,"Human Rights","Philippines",TRUE
840,72,-0.8207153,29,"Philippines",2017,"Human Rights","Philippines",TRUE
840,73,-0.6168843,22,"Philippines",2018,"Human Rights","Philippines",TRUE
840,74,-0.8368738,14,"Philippines",2019,"Human Rights","Philippines",TRUE
850,25,0.03717709,14,"Indonesia",1970,"Human Rights","Indonesia",TRUE
850,26,-0.2724767,8,"Indonesia",1971,"Human Rights","Indonesia",TRUE
850,27,-0.3978468,15,"Indonesia",1972,"Human Rights","Indonesia",TRUE
850,28,-0.3459432,23,"Indonesia",1973,"Human Rights","Indonesia",TRUE
850,29,-0.40914,20,"Indonesia",1974,"Human Rights","Indonesia",TRUE
850,30,-0.3979517,21,"Indonesia",1975,"Human Rights","Indonesia",TRUE
850,31,-0.08712776,17,"Indonesia",1976,"Human Rights","Indonesia",TRUE
850,32,-0.06367452,19,"Indonesia",1977,"Human Rights","Indonesia",TRUE
850,33,-0.2199045,16,"Indonesia",1978,"Human Rights","Indonesia",TRUE
850,34,-0.3954394,16,"Indonesia",1979,"Human Rights","Indonesia",TRUE
850,35,-0.3505192,18,"Indonesia",1980,"Human Rights","Indonesia",TRUE
850,36,-0.2207118,13,"Indonesia",1981,"Human Rights","Indonesia",TRUE
850,37,-0.2637751,21,"Indonesia",1982,"Human Rights","Indonesia",TRUE
850,38,-0.07044219,19,"Indonesia",1983,"Human Rights","Indonesia",TRUE
850,39,-0.1222886,14,"Indonesia",1984,"Human Rights","Indonesia",TRUE
850,40,-0.3390145,15,"Indonesia",1985,"Human Rights","Indonesia",TRUE
850,41,-0.8942784,23,"Indonesia",1986,"Human Rights","Indonesia",TRUE
850,42,-0.9716464,18,"Indonesia",1987,"Human Rights","Indonesia",TRUE
850,43,-0.9778757,18,"Indonesia",1988,"Human Rights","Indonesia",TRUE
850,44,-0.9316756,13,"Indonesia",1989,"Human Rights","Indonesia",TRUE
850,45,-0.8373506,10,"Indonesia",1990,"Human Rights","Indonesia",TRUE
850,46,-1.205626,11,"Indonesia",1991,"Human Rights","Indonesia",TRUE
850,47,-1.154864,11,"Indonesia",1992,"Human Rights","Indonesia",TRUE
850,48,-1.55867,11,"Indonesia",1993,"Human Rights","Indonesia",TRUE
850,49,-1.694341,14,"Indonesia",1994,"Human Rights","Indonesia",TRUE
850,50,-1.634082,14,"Indonesia",1995,"Human Rights","Indonesia",TRUE
850,51,-1.406337,17,"Indonesia",1996,"Human Rights","Indonesia",TRUE
850,52,-1.368039,20,"Indonesia",1997,"Human Rights","Indonesia",TRUE
850,53,-1.174529,14,"Indonesia",1998,"Human Rights","Indonesia",TRUE
850,54,-1.043611,19,"Indonesia",1999,"Human Rights","Indonesia",TRUE
850,55,-1.132634,17,"Indonesia",2000,"Human Rights","Indonesia",TRUE
850,56,-1.084989,21,"Indonesia",2001,"Human Rights","Indonesia",TRUE
850,57,-0.9954208,19,"Indonesia",2002,"Human Rights","Indonesia",TRUE
850,58,-1.006091,22,"Indonesia",2003,"Human Rights","Indonesia",TRUE
850,59,-1.099873,19,"Indonesia",2004,"Human Rights","Indonesia",TRUE
850,60,-1.281534,20,"Indonesia",2005,"Human Rights","Indonesia",TRUE
850,61,-1.330671,27,"Indonesia",2006,"Human Rights","Indonesia",TRUE
850,62,-1.092348,26,"Indonesia",2007,"Human Rights","Indonesia",TRUE
850,63,-1.001818,26,"Indonesia",2008,"Human Rights","Indonesia",TRUE
850,64,-1.039658,24,"Indonesia",2009,"Human Rights","Indonesia",TRUE
850,65,-1.076986,23,"Indonesia",2010,"Human Rights","Indonesia",TRUE
850,66,-0.6226259,24,"Indonesia",2011,"Human Rights","Indonesia",TRUE
850,67,-0.5739336,22,"Indonesia",2012,"Human Rights","Indonesia",TRUE
850,68,-0.7843392,21,"Indonesia",2013,"Human Rights","Indonesia",TRUE
850,69,-0.8316384,18,"Indonesia",2014,"Human Rights","Indonesia",TRUE
850,70,-0.7856849,20,"Indonesia",2015,"Human Rights","Indonesia",TRUE
850,71,-0.8215741,18,"Indonesia",2016,"Human Rights","Indonesia",TRUE
850,72,-0.8056502,29,"Indonesia",2017,"Human Rights","Indonesia",TRUE
850,73,-0.965922,22,"Indonesia",2018,"Human Rights","Indonesia",TRUE
850,74,-0.8875055,14,"Indonesia",2019,"Human Rights","Indonesia",TRUE
2,33,2.972704,17,"United States",1978,"Nuclear","United States",FALSE
2,34,2.996378,16,"United States",1979,"Nuclear","United States",FALSE
2,35,3.123799,17,"United States",1980,"Nuclear","United States",FALSE
2,36,3.306909,18,"United States",1981,"Nuclear","United States",FALSE
2,37,3.401003,26,"United States",1982,"Nuclear","United States",FALSE
2,38,3.619651,32,"United States",1983,"Nuclear","United States",FALSE
2,39,3.630322,25,"United States",1984,"Nuclear","United States",FALSE
2,40,3.67775,25,"United States",1985,"Nuclear","United States",FALSE
2,41,3.693312,24,"United States",1986,"Nuclear","United States",FALSE
2,42,3.613828,19,"United States",1987,"Nuclear","United States",FALSE
2,43,3.596776,21,"United States",1988,"Nuclear","United States",FALSE
2,44,3.498615,20,"United States",1989,"Nuclear","United States",FALSE
2,45,3.525317,17,"United States",1990,"Nuclear","United States",FALSE
2,46,3.405946,11,"United States",1991,"Nuclear","United States",FALSE
2,47,3.374019,9,"United States",1992,"Nuclear","United States",FALSE
2,48,3.358857,5,"United States",1993,"Nuclear","United States",FALSE
2,49,3.247449,10,"United States",1994,"Nuclear","United States",FALSE
2,50,3.100058,12,"United States",1995,"Nuclear","United States",FALSE
2,51,2.949102,11,"United States",1996,"Nuclear","United States",FALSE
2,52,2.482245,9,"United States",1997,"Nuclear","United States",FALSE
2,53,2.433795,11,"United States",1998,"Nuclear","United States",FALSE
2,54,2.407476,10,"United States",1999,"Nuclear","United States",FALSE
2,55,2.366315,11,"United States",2000,"Nuclear","United States",FALSE
2,56,2.381791,10,"United States",2001,"Nuclear","United States",FALSE
2,57,2.511243,14,"United States",2002,"Nuclear","United States",FALSE
2,58,2.504767,11,"United States",2003,"Nuclear","United States",FALSE
2,59,2.540032,12,"United States",2004,"Nuclear","United States",FALSE
2,60,2.450584,11,"United States",2005,"Nuclear","United States",FALSE
2,61,2.577746,13,"United States",2006,"Nuclear","United States",FALSE
2,62,2.63143,12,"United States",2007,"Nuclear","United States",FALSE
2,63,2.627806,13,"United States",2008,"Nuclear","United States",FALSE
2,64,2.50146,13,"United States",2009,"Nuclear","United States",FALSE
2,65,2.473857,13,"United States",2010,"Nuclear","United States",FALSE
2,66,2.320967,12,"United States",2011,"Nuclear","United States",FALSE
2,67,2.427731,15,"United States",2012,"Nuclear","United States",FALSE
2,68,2.324305,12,"United States",2013,"Nuclear","United States",FALSE
2,69,2.361422,14,"United States",2014,"Nuclear","United States",FALSE
2,70,2.217923,19,"United States",2015,"Nuclear","United States",FALSE
2,71,2.185434,18,"United States",2016,"Nuclear","United States",FALSE
2,72,2.10741,16,"United States",2017,"Nuclear","United States",FALSE
2,73,2.081115,16,"United States",2018,"Nuclear","United States",FALSE
2,74,2.055774,17,"United States",2019,"Nuclear","United States",FALSE
710,33,0.9548611,10,"China",1978,"Nuclear","China",FALSE
710,34,0.7935395,10,"China",1979,"Nuclear","China",FALSE
710,35,0.6072133,13,"China",1980,"Nuclear","China",FALSE
710,36,0.4757338,12,"China",1981,"Nuclear","China",FALSE
710,37,0.6896014,18,"China",1982,"Nuclear","China",FALSE
710,38,0.8240373,25,"China",1983,"Nuclear","China",FALSE
710,39,0.8043541,24,"China",1984,"Nuclear","China",FALSE
710,40,0.7968076,23,"China",1985,"Nuclear","China",FALSE
710,41,0.826474,23,"China",1986,"Nuclear","China",FALSE
710,42,0.887585,19,"China",1987,"Nuclear","China",FALSE
710,43,0.7527809,17,"China",1988,"Nuclear","China",FALSE
710,44,0.6325205,19,"China",1989,"Nuclear","China",FALSE
710,45,0.5317576,16,"China",1990,"Nuclear","China",FALSE
710,46,0.3546147,10,"China",1991,"Nuclear","China",FALSE
710,47,0.2822124,8,"China",1992,"Nuclear","China",FALSE
710,48,0.1525422,4,"China",1993,"Nuclear","China",FALSE
710,49,-0.101077,8,"China",1994,"Nuclear","China",FALSE
710,50,-0.2559146,11,"China",1995,"Nuclear","China",FALSE
710,51,-0.3518149,11,"China",1996,"Nuclear","China",FALSE
710,52,-0.3734804,9,"China",1997,"Nuclear","China",FALSE
710,53,0.01340842,11,"China",1998,"Nuclear","China",FALSE
710,54,0.1635209,10,"China",1999,"Nuclear","China",FALSE
710,55,0.2169673,11,"China",2000,"Nuclear","China",FALSE
710,56,0.2412155,10,"China",2001,"Nuclear","China",FALSE
710,57,0.1821207,12,"China",2002,"Nuclear","China",FALSE
710,58,0.102568,10,"China",2003,"Nuclear","China",FALSE
710,59,0.06960371,12,"China",2004,"Nuclear","China",FALSE
710,60,0.06462417,11,"China",2005,"Nuclear","China",FALSE
710,61,0.05886999,13,"China",2006,"Nuclear","China",FALSE
710,62,0.1492162,12,"China",2007,"Nuclear","China",FALSE
710,63,0.2296379,13,"China",2008,"Nuclear","China",FALSE
710,64,0.1644733,13,"China",2009,"Nuclear","China",FALSE
710,65,0.103683,13,"China",2010,"Nuclear","China",FALSE
710,66,0.150612,12,"China",2011,"Nuclear","China",FALSE
710,67,0.1525341,14,"China",2012,"Nuclear","China",FALSE
710,68,0.174722,12,"China",2013,"Nuclear","China",FALSE
710,69,0.1616122,14,"China",2014,"Nuclear","China",FALSE
710,70,0.4625879,19,"China",2015,"Nuclear","China",FALSE
710,71,0.4577838,18,"China",2016,"Nuclear","China",FALSE
710,72,0.4573947,16,"China",2017,"Nuclear","China",FALSE
710,73,0.479836,16,"China",2018,"Nuclear","China",FALSE
710,74,0.4633204,17,"China",2019,"Nuclear","China",FALSE
775,33,0.4404046,17,"Myanmar (Burma)",1978,"Nuclear","Myanmar",TRUE
775,34,0.4024963,16,"Myanmar (Burma)",1979,"Nuclear","Myanmar",TRUE
775,35,0.3389401,17,"Myanmar (Burma)",1980,"Nuclear","Myanmar",TRUE
775,36,0.4487797,15,"Myanmar (Burma)",1981,"Nuclear","Myanmar",TRUE
775,37,0.3622875,24,"Myanmar (Burma)",1982,"Nuclear","Myanmar",TRUE
775,38,0.2064705,30,"Myanmar (Burma)",1983,"Nuclear","Myanmar",TRUE
775,39,0.2975653,24,"Myanmar (Burma)",1984,"Nuclear","Myanmar",TRUE
775,40,0.2757136,24,"Myanmar (Burma)",1985,"Nuclear","Myanmar",TRUE
775,41,0.2648083,23,"Myanmar (Burma)",1986,"Nuclear","Myanmar",TRUE
775,42,0.2064543,19,"Myanmar (Burma)",1987,"Nuclear","Myanmar",TRUE
775,43,0.08947304,19,"Myanmar (Burma)",1988,"Nuclear","Myanmar",TRUE
775,44,0.07198975,2,"Myanmar (Burma)",1989,"Nuclear","Myanmar",TRUE
775,45,0.05443041,16,"Myanmar (Burma)",1990,"Nuclear","Myanmar",TRUE
775,46,0.02785241,9,"Myanmar (Burma)",1991,"Nuclear","Myanmar",TRUE
775,47,-0.01959392,8,"Myanmar (Burma)",1992,"Nuclear","Myanmar",TRUE
775,48,-0.08441954,5,"Myanmar (Burma)",1993,"Nuclear","Myanmar",TRUE
775,50,-0.3600697,12,"Myanmar (Burma)",1995,"Nuclear","Myanmar",TRUE
775,51,-0.5768162,11,"Myanmar (Burma)",1996,"Nuclear","Myanmar",TRUE
775,52,-0.6490786,9,"Myanmar (Burma)",1997,"Nuclear","Myanmar",TRUE
775,53,-0.5695865,11,"Myanmar (Burma)",1998,"Nuclear","Myanmar",TRUE
775,54,-0.4922717,10,"Myanmar (Burma)",1999,"Nuclear","Myanmar",TRUE
775,55,-0.5303794,11,"Myanmar (Burma)",2000,"Nuclear","Myanmar",TRUE
775,56,-0.5332212,10,"Myanmar (Burma)",2001,"Nuclear","Myanmar",TRUE
775,57,-0.5517956,14,"Myanmar (Burma)",2002,"Nuclear","Myanmar",TRUE
775,58,-0.5559162,11,"Myanmar (Burma)",2003,"Nuclear","Myanmar",TRUE
775,59,-0.5582406,12,"Myanmar (Burma)",2004,"Nuclear","Myanmar",TRUE
775,60,-0.5901732,11,"Myanmar (Burma)",2005,"Nuclear","Myanmar",TRUE
775,61,-0.6127988,13,"Myanmar (Burma)",2006,"Nuclear","Myanmar",TRUE
775,62,-0.6161087,12,"Myanmar (Burma)",2007,"Nuclear","Myanmar",TRUE
775,63,-0.6349266,13,"Myanmar (Burma)",2008,"Nuclear","Myanmar",TRUE
775,64,-0.6052031,13,"Myanmar (Burma)",2009,"Nuclear","Myanmar",TRUE
775,65,-0.3429341,13,"Myanmar (Burma)",2010,"Nuclear","Myanmar",TRUE
775,66,-0.4118885,12,"Myanmar (Burma)",2011,"Nuclear","Myanmar",TRUE
775,67,-0.4606701,15,"Myanmar (Burma)",2012,"Nuclear","Myanmar",TRUE
775,68,-0.5043958,12,"Myanmar (Burma)",2013,"Nuclear","Myanmar",TRUE
775,69,-0.5270349,14,"Myanmar (Burma)",2014,"Nuclear","Myanmar",TRUE
775,70,-0.4827428,19,"Myanmar (Burma)",2015,"Nuclear","Myanmar",TRUE
775,71,-0.5032115,18,"Myanmar (Burma)",2016,"Nuclear","Myanmar",TRUE
775,72,-0.5165586,16,"Myanmar (Burma)",2017,"Nuclear","Myanmar",TRUE
775,73,-0.5130457,16,"Myanmar (Burma)",2018,"Nuclear","Myanmar",TRUE
775,74,-0.515533,17,"Myanmar (Burma)",2019,"Nuclear","Myanmar",TRUE
800,33,-0.5671836,16,"Thailand",1978,"Nuclear","Thailand",TRUE
800,34,-0.5363566,16,"Thailand",1979,"Nuclear","Thailand",TRUE
800,35,-0.4672458,17,"Thailand",1980,"Nuclear","Thailand",TRUE
800,36,-0.5196511,18,"Thailand",1981,"Nuclear","Thailand",TRUE
800,37,-0.5096394,25,"Thailand",1982,"Nuclear","Thailand",TRUE
800,38,-0.5318752,31,"Thailand",1983,"Nuclear","Thailand",TRUE
800,39,-0.5066653,25,"Thailand",1984,"Nuclear","Thailand",TRUE
800,40,-0.4186273,23,"Thailand",1985,"Nuclear","Thailand",TRUE
800,41,-0.5131444,24,"Thailand",1986,"Nuclear","Thailand",TRUE
800,42,-0.5407345,20,"Thailand",1987,"Nuclear","Thailand",TRUE
800,43,-0.5318489,21,"Thailand",1988,"Nuclear","Thailand",TRUE
800,44,-0.5617857,18,"Thailand",1989,"Nuclear","Thailand",TRUE
800,45,-0.5588451,17,"Thailand",1990,"Nuclear","Thailand",TRUE
800,46,-0.5983406,11,"Thailand",1991,"Nuclear","Thailand",TRUE
800,47,-0.6507512,9,"Thailand",1992,"Nuclear","Thailand",TRUE
800,48,-0.6977225,5,"Thailand",1993,"Nuclear","Thailand",TRUE
800,49,-0.7578448,10,"Thailand",1994,"Nuclear","Thailand",TRUE
800,50,-0.855317,12,"Thailand",1995,"Nuclear","Thailand",TRUE
800,51,-0.8245737,11,"Thailand",1996,"Nuclear","Thailand",TRUE
800,52,-0.7986905,9,"Thailand",1997,"Nuclear","Thailand",TRUE
800,53,-0.7379929,11,"Thailand",1998,"Nuclear","Thailand",TRUE
800,54,-0.7251979,10,"Thailand",1999,"Nuclear","Thailand",TRUE
800,55,-0.7234861,11,"Thailand",2000,"Nuclear","Thailand",TRUE
800,56,-0.7390761,10,"Thailand",2001,"Nuclear","Thailand",TRUE
800,57,-0.7434399,14,"Thailand",2002,"Nuclear","Thailand",TRUE
800,58,-0.7418099,11,"Thailand",2003,"Nuclear","Thailand",TRUE
800,59,-0.7348271,12,"Thailand",2004,"Nuclear","Thailand",TRUE
800,60,-0.7361231,11,"Thailand",2005,"Nuclear","Thailand",TRUE
800,61,-0.7022269,13,"Thailand",2006,"Nuclear","Thailand",TRUE
800,62,-0.701493,12,"Thailand",2007,"Nuclear","Thailand",TRUE
800,63,-0.6774308,13,"Thailand",2008,"Nuclear","Thailand",TRUE
800,64,-0.6836032,13,"Thailand",2009,"Nuclear","Thailand",TRUE
800,65,-0.7037001,13,"Thailand",2010,"Nuclear","Thailand",TRUE
800,66,-0.6922338,12,"Thailand",2011,"Nuclear","Thailand",TRUE
800,67,-0.6640623,15,"Thailand",2012,"Nuclear","Thailand",TRUE
800,68,-0.6621168,12,"Thailand",2013,"Nuclear","Thailand",TRUE
800,69,-0.65189,14,"Thailand",2014,"Nuclear","Thailand",TRUE
800,70,-0.6226577,19,"Thailand",2015,"Nuclear","Thailand",TRUE
800,71,-0.6026851,18,"Thailand",2016,"Nuclear","Thailand",TRUE
800,72,-0.5958732,16,"Thailand",2017,"Nuclear","Thailand",TRUE
800,73,-0.3517204,16,"Thailand",2018,"Nuclear","Thailand",TRUE
800,74,-0.400731,17,"Thailand",2019,"Nuclear","Thailand",TRUE
811,33,-1.491265,2,"Cambodia",1978,"Nuclear","Cambodia",TRUE
811,34,-1.507497,12,"Cambodia",1979,"Nuclear","Cambodia",TRUE
811,35,-1.368281,13,"Cambodia",1980,"Nuclear","Cambodia",TRUE
811,36,-1.3094,10,"Cambodia",1981,"Nuclear","Cambodia",TRUE
811,37,-1.184137,16,"Cambodia",1982,"Nuclear","Cambodia",TRUE
811,38,-1.192377,20,"Cambodia",1983,"Nuclear","Cambodia",TRUE
811,39,-1.195059,15,"Cambodia",1984,"Nuclear","Cambodia",TRUE
811,40,-0.4447024,21,"Cambodia",1985,"Nuclear","Cambodia",TRUE
811,41,-0.5225358,15,"Cambodia",1986,"Nuclear","Cambodia",TRUE
811,42,-0.5309552,12,"Cambodia",1987,"Nuclear","Cambodia",TRUE
811,43,-0.5802592,13,"Cambodia",1988,"Nuclear","Cambodia",TRUE
811,44,-0.5975219,18,"Cambodia",1989,"Nuclear","Cambodia",TRUE
811,46,-0.5958056,2,"Cambodia",1991,"Nuclear","Cambodia",TRUE
811,48,-0.5154799,5,"Cambodia",1993,"Nuclear","Cambodia",TRUE
811,49,-0.360826,10,"Cambodia",1994,"Nuclear","Cambodia",TRUE
811,50,-0.381926,12,"Cambodia",1995,"Nuclear","Cambodia",TRUE
811,51,-0.2325336,11,"Cambodia",1996,"Nuclear","Cambodia",TRUE
811,54,-0.296964,10,"Cambodia",1999,"Nuclear","Cambodia",TRUE
811,55,-0.3601684,11,"Cambodia",2000,"Nuclear","Cambodia",TRUE
811,56,-0.4241361,10,"Cambodia",2001,"Nuclear","Cambodia",TRUE
811,57,-0.437607,14,"Cambodia",2002,"Nuclear","Cambodia",TRUE
811,58,-0.462559,11,"Cambodia",2003,"Nuclear","Cambodia",TRUE
811,59,-0.4924563,11,"Cambodia",2004,"Nuclear","Cambodia",TRUE
811,60,-0.5490744,11,"Cambodia",2005,"Nuclear","Cambodia",TRUE
811,61,-0.5473847,12,"Cambodia",2006,"Nuclear","Cambodia",TRUE
811,62,-0.576911,12,"Cambodia",2007,"Nuclear","Cambodia",TRUE
811,63,-0.5872271,13,"Cambodia",2008,"Nuclear","Cambodia",TRUE
811,64,-0.5939598,13,"Cambodia",2009,"Nuclear","Cambodia",TRUE
811,65,-0.5781513,13,"Cambodia",2010,"Nuclear","Cambodia",TRUE
811,66,-0.5649455,12,"Cambodia",2011,"Nuclear","Cambodia",TRUE
811,67,-0.5277625,15,"Cambodia",2012,"Nuclear","Cambodia",TRUE
811,68,-0.5214864,12,"Cambodia",2013,"Nuclear","Cambodia",TRUE
811,69,-0.5439113,14,"Cambodia",2014,"Nuclear","Cambodia",TRUE
811,70,-0.5487431,19,"Cambodia",2015,"Nuclear","Cambodia",TRUE
811,71,-0.5216254,18,"Cambodia",2016,"Nuclear","Cambodia",TRUE
811,72,-0.5358358,16,"Cambodia",2017,"Nuclear","Cambodia",TRUE
811,73,-0.5475278,16,"Cambodia",2018,"Nuclear","Cambodia",TRUE
811,74,-0.5303808,17,"Cambodia",2019,"Nuclear","Cambodia",TRUE
812,33,-0.581861,15,"Laos",1978,"Nuclear","Laos",TRUE
812,34,-0.5809864,13,"Laos",1979,"Nuclear","Laos",TRUE
812,35,-0.3639333,17,"Laos",1980,"Nuclear","Laos",TRUE
812,36,-0.481036,19,"Laos",1981,"Nuclear","Laos",TRUE
812,37,-0.5461844,25,"Laos",1982,"Nuclear","Laos",TRUE
812,38,-0.562082,32,"Laos",1983,"Nuclear","Laos",TRUE
812,39,-0.6426815,25,"Laos",1984,"Nuclear","Laos",TRUE
812,40,-0.7116779,25,"Laos",1985,"Nuclear","Laos",TRUE
812,41,-0.7481772,24,"Laos",1986,"Nuclear","Laos",TRUE
812,42,-0.7448788,20,"Laos",1987,"Nuclear","Laos",TRUE
812,43,-0.7416882,21,"Laos",1988,"Nuclear","Laos",TRUE
812,44,-0.7674295,19,"Laos",1989,"Nuclear","Laos",TRUE
812,45,-0.7213982,17,"Laos",1990,"Nuclear","Laos",TRUE
812,46,-0.7465591,11,"Laos",1991,"Nuclear","Laos",TRUE
812,47,-0.8144646,9,"Laos",1992,"Nuclear","Laos",TRUE
812,48,-0.8602452,4,"Laos",1993,"Nuclear","Laos",TRUE
812,49,-0.8822044,7,"Laos",1994,"Nuclear","Laos",TRUE
812,50,-0.8899751,10,"Laos",1995,"Nuclear","Laos",TRUE
812,51,-0.8942771,10,"Laos",1996,"Nuclear","Laos",TRUE
812,52,-0.9069514,8,"Laos",1997,"Nuclear","Laos",TRUE
812,53,-0.8713439,10,"Laos",1998,"Nuclear","Laos",TRUE
812,54,-0.8721572,10,"Laos",1999,"Nuclear","Laos",TRUE
812,55,-0.8365442,11,"Laos",2000,"Nuclear","Laos",TRUE
812,56,-0.8436188,10,"Laos",2001,"Nuclear","Laos",TRUE
812,57,-0.8128759,13,"Laos",2002,"Nuclear","Laos",TRUE
812,58,-0.7864029,10,"Laos",2003,"Nuclear","Laos",TRUE
812,59,-0.7939671,12,"Laos",2004,"Nuclear","Laos",TRUE
812,60,-0.8082196,11,"Laos",2005,"Nuclear","Laos",TRUE
812,61,-0.8042233,12,"Laos",2006,"Nuclear","Laos",TRUE
812,62,-0.7757108,12,"Laos",2007,"Nuclear","Laos",TRUE
812,63,-0.7439948,12,"Laos",2008,"Nuclear","Laos",TRUE
812,64,-0.7410956,13,"Laos",2009,"Nuclear","Laos",TRUE
812,65,-0.7306885,13,"Laos",2010,"Nuclear","Laos",TRUE
812,66,-0.7062696,12,"Laos",2011,"Nuclear","Laos",TRUE
812,67,-0.7029638,15,"Laos",2012,"Nuclear","Laos",TRUE
812,68,-0.6901928,12,"Laos",2013,"Nuclear","Laos",TRUE
812,69,-0.6780145,14,"Laos",2014,"Nuclear","Laos",TRUE
812,70,-0.6633841,19,"Laos",2015,"Nuclear","Laos",TRUE
812,71,-0.6478727,18,"Laos",2016,"Nuclear","Laos",TRUE
812,72,-0.640466,16,"Laos",2017,"Nuclear","Laos",TRUE
812,73,-0.6411632,16,"Laos",2018,"Nuclear","Laos",TRUE
812,74,-0.6096225,17,"Laos",2019,"Nuclear","Laos",TRUE
816,33,-0.3691482,12,"Vietnam",1978,"Nuclear","Vietnam",TRUE
816,34,-0.3541111,15,"Vietnam",1979,"Nuclear","Vietnam",TRUE
816,35,-0.2046925,17,"Vietnam",1980,"Nuclear","Vietnam",TRUE
816,36,-0.352952,19,"Vietnam",1981,"Nuclear","Vietnam",TRUE
816,37,-0.3655048,26,"Vietnam",1982,"Nuclear","Vietnam",TRUE
816,38,-0.4695318,32,"Vietnam",1983,"Nuclear","Vietnam",TRUE
816,39,-0.5562209,25,"Vietnam",1984,"Nuclear","Vietnam",TRUE
816,40,-0.638402,25,"Vietnam",1985,"Nuclear","Vietnam",TRUE
816,41,-0.6852213,24,"Vietnam",1986,"Nuclear","Vietnam",TRUE
816,42,-0.7071146,20,"Vietnam",1987,"Nuclear","Vietnam",TRUE
816,43,-0.6885317,21,"Vietnam",1988,"Nuclear","Vietnam",TRUE
816,44,-0.7142979,20,"Vietnam",1989,"Nuclear","Vietnam",TRUE
816,45,-0.6928799,17,"Vietnam",1990,"Nuclear","Vietnam",TRUE
816,46,-0.7312359,11,"Vietnam",1991,"Nuclear","Vietnam",TRUE
816,47,-0.8194601,9,"Vietnam",1992,"Nuclear","Vietnam",TRUE
816,48,-0.8580847,5,"Vietnam",1993,"Nuclear","Vietnam",TRUE
816,49,-0.9645899,10,"Vietnam",1994,"Nuclear","Vietnam",TRUE
816,50,-0.9541044,12,"Vietnam",1995,"Nuclear","Vietnam",TRUE
816,51,-0.954698,11,"Vietnam",1996,"Nuclear","Vietnam",TRUE
816,52,-0.9771531,9,"Vietnam",1997,"Nuclear","Vietnam",TRUE
816,53,-0.9391455,11,"Vietnam",1998,"Nuclear","Vietnam",TRUE
816,54,-0.9164559,10,"Vietnam",1999,"Nuclear","Vietnam",TRUE
816,55,-0.8840767,11,"Vietnam",2000,"Nuclear","Vietnam",TRUE
816,56,-0.8830438,10,"Vietnam",2001,"Nuclear","Vietnam",TRUE
816,57,-0.8656374,14,"Vietnam",2002,"Nuclear","Vietnam",TRUE
816,58,-0.8443588,11,"Vietnam",2003,"Nuclear","Vietnam",TRUE
816,59,-0.83225,12,"Vietnam",2004,"Nuclear","Vietnam",TRUE
816,60,-0.8444752,11,"Vietnam",2005,"Nuclear","Vietnam",TRUE
816,61,-0.8412614,13,"Vietnam",2006,"Nuclear","Vietnam",TRUE
816,62,-0.8153674,12,"Vietnam",2007,"Nuclear","Vietnam",TRUE
816,63,-0.7865079,12,"Vietnam",2008,"Nuclear","Vietnam",TRUE
816,64,-0.7715032,13,"Vietnam",2009,"Nuclear","Vietnam",TRUE
816,65,-0.7501832,13,"Vietnam",2010,"Nuclear","Vietnam",TRUE
816,66,-0.7417512,12,"Vietnam",2011,"Nuclear","Vietnam",TRUE
816,67,-0.6952904,15,"Vietnam",2012,"Nuclear","Vietnam",TRUE
816,68,-0.6852876,12,"Vietnam",2013,"Nuclear","Vietnam",TRUE
816,69,-0.6788044,14,"Vietnam",2014,"Nuclear","Vietnam",TRUE
816,70,-0.6460994,19,"Vietnam",2015,"Nuclear","Vietnam",TRUE
816,71,-0.6482952,18,"Vietnam",2016,"Nuclear","Vietnam",TRUE
816,72,-0.6320259,16,"Vietnam",2017,"Nuclear","Vietnam",TRUE
816,73,-0.6265297,16,"Vietnam",2018,"Nuclear","Vietnam",TRUE
816,74,-0.6027181,17,"Vietnam",2019,"Nuclear","Vietnam",TRUE
820,33,-1.243447,17,"Malaysia",1978,"Nuclear","Malaysia",TRUE
820,34,-1.248073,16,"Malaysia",1979,"Nuclear","Malaysia",TRUE
820,35,-1.253225,17,"Malaysia",1980,"Nuclear","Malaysia",TRUE
820,36,-1.102122,19,"Malaysia",1981,"Nuclear","Malaysia",TRUE
820,37,-0.8410119,26,"Malaysia",1982,"Nuclear","Malaysia",TRUE
820,38,-0.617801,32,"Malaysia",1983,"Nuclear","Malaysia",TRUE
820,39,-0.4803487,25,"Malaysia",1984,"Nuclear","Malaysia",TRUE
820,40,-0.3016469,25,"Malaysia",1985,"Nuclear","Malaysia",TRUE
820,41,-0.3847629,24,"Malaysia",1986,"Nuclear","Malaysia",TRUE
820,42,-0.4334915,20,"Malaysia",1987,"Nuclear","Malaysia",TRUE
820,43,-0.4922099,21,"Malaysia",1988,"Nuclear","Malaysia",TRUE
820,44,-0.4955811,20,"Malaysia",1989,"Nuclear","Malaysia",TRUE
820,45,-0.5692456,17,"Malaysia",1990,"Nuclear","Malaysia",TRUE
820,46,-0.6063866,11,"Malaysia",1991,"Nuclear","Malaysia",TRUE
820,47,-0.675301,9,"Malaysia",1992,"Nuclear","Malaysia",TRUE
820,48,-0.720094,5,"Malaysia",1993,"Nuclear","Malaysia",TRUE
820,49,-0.7811945,10,"Malaysia",1994,"Nuclear","Malaysia",TRUE
820,50,-0.7568321,12,"Malaysia",1995,"Nuclear","Malaysia",TRUE
820,51,-0.7310131,11,"Malaysia",1996,"Nuclear","Malaysia",TRUE
820,52,-0.7380196,9,"Malaysia",1997,"Nuclear","Malaysia",TRUE
820,53,-0.6837949,11,"Malaysia",1998,"Nuclear","Malaysia",TRUE
820,54,-0.6652641,10,"Malaysia",1999,"Nuclear","Malaysia",TRUE
820,55,-0.6720772,11,"Malaysia",2000,"Nuclear","Malaysia",TRUE
820,56,-0.6916633,10,"Malaysia",2001,"Nuclear","Malaysia",TRUE
820,57,-0.7112672,14,"Malaysia",2002,"Nuclear","Malaysia",TRUE
820,58,-0.6909681,11,"Malaysia",2003,"Nuclear","Malaysia",TRUE
820,59,-0.6711387,12,"Malaysia",2004,"Nuclear","Malaysia",TRUE
820,60,-0.6953399,11,"Malaysia",2005,"Nuclear","Malaysia",TRUE
820,61,-0.6871258,13,"Malaysia",2006,"Nuclear","Malaysia",TRUE
820,62,-0.6969418,12,"Malaysia",2007,"Nuclear","Malaysia",TRUE
820,63,-0.6779512,12,"Malaysia",2008,"Nuclear","Malaysia",TRUE
820,64,-0.6789757,13,"Malaysia",2009,"Nuclear","Malaysia",TRUE
820,65,-0.6584143,13,"Malaysia",2010,"Nuclear","Malaysia",TRUE
820,66,-0.6298671,12,"Malaysia",2011,"Nuclear","Malaysia",TRUE
820,67,-0.6305773,15,"Malaysia",2012,"Nuclear","Malaysia",TRUE
820,68,-0.6541745,12,"Malaysia",2013,"Nuclear","Malaysia",TRUE
820,69,-0.6340056,14,"Malaysia",2014,"Nuclear","Malaysia",TRUE
820,70,-0.6061271,19,"Malaysia",2015,"Nuclear","Malaysia",TRUE
820,71,-0.6124288,18,"Malaysia",2016,"Nuclear","Malaysia",TRUE
820,72,-0.6181437,16,"Malaysia",2017,"Nuclear","Malaysia",TRUE
820,73,-0.587451,16,"Malaysia",2018,"Nuclear","Malaysia",TRUE
820,74,-0.5814589,17,"Malaysia",2019,"Nuclear","Malaysia",TRUE
830,33,0.4678278,16,"Singapore",1978,"Nuclear","Singapore",TRUE
830,34,0.4343981,16,"Singapore",1979,"Nuclear","Singapore",TRUE
830,35,0.2777112,16,"Singapore",1980,"Nuclear","Singapore",TRUE
830,36,0.2470705,17,"Singapore",1981,"Nuclear","Singapore",TRUE
830,37,0.3140515,25,"Singapore",1982,"Nuclear","Singapore",TRUE
830,38,0.2418057,31,"Singapore",1983,"Nuclear","Singapore",TRUE
830,39,0.1093768,22,"Singapore",1984,"Nuclear","Singapore",TRUE
830,40,-0.0205116,22,"Singapore",1985,"Nuclear","Singapore",TRUE
830,41,-0.1144372,19,"Singapore",1986,"Nuclear","Singapore",TRUE
830,42,0.007979754,18,"Singapore",1987,"Nuclear","Singapore",TRUE
830,43,0.1308874,19,"Singapore",1988,"Nuclear","Singapore",TRUE
830,44,0.1063929,19,"Singapore",1989,"Nuclear","Singapore",TRUE
830,45,0.04220063,17,"Singapore",1990,"Nuclear","Singapore",TRUE
830,46,-0.06251481,11,"Singapore",1991,"Nuclear","Singapore",TRUE
830,47,-0.1303288,9,"Singapore",1992,"Nuclear","Singapore",TRUE
830,48,-0.1278235,5,"Singapore",1993,"Nuclear","Singapore",TRUE
830,49,-0.227088,10,"Singapore",1994,"Nuclear","Singapore",TRUE
830,50,-0.2501927,12,"Singapore",1995,"Nuclear","Singapore",TRUE
830,51,-0.2878978,11,"Singapore",1996,"Nuclear","Singapore",TRUE
830,52,-0.3288244,9,"Singapore",1997,"Nuclear","Singapore",TRUE
830,53,-0.3623742,11,"Singapore",1998,"Nuclear","Singapore",TRUE
830,54,-0.4043629,10,"Singapore",1999,"Nuclear","Singapore",TRUE
830,55,-0.423254,11,"Singapore",2000,"Nuclear","Singapore",TRUE
830,56,-0.4381899,10,"Singapore",2001,"Nuclear","Singapore",TRUE
830,57,-0.4844153,14,"Singapore",2002,"Nuclear","Singapore",TRUE
830,58,-0.5002244,11,"Singapore",2003,"Nuclear","Singapore",TRUE
830,59,-0.4858118,11,"Singapore",2004,"Nuclear","Singapore",TRUE
830,60,-0.5557544,11,"Singapore",2005,"Nuclear","Singapore",TRUE
830,61,-0.5754496,13,"Singapore",2006,"Nuclear","Singapore",TRUE
830,62,-0.6115147,12,"Singapore",2007,"Nuclear","Singapore",TRUE
830,63,-0.6075284,13,"Singapore",2008,"Nuclear","Singapore",TRUE
830,64,-0.610244,13,"Singapore",2009,"Nuclear","Singapore",TRUE
830,65,-0.604258,13,"Singapore",2010,"Nuclear","Singapore",TRUE
830,66,-0.5997108,12,"Singapore",2011,"Nuclear","Singapore",TRUE
830,67,-0.6048057,15,"Singapore",2012,"Nuclear","Singapore",TRUE
830,68,-0.584578,12,"Singapore",2013,"Nuclear","Singapore",TRUE
830,69,-0.5877528,14,"Singapore",2014,"Nuclear","Singapore",TRUE
830,70,-0.5848673,19,"Singapore",2015,"Nuclear","Singapore",TRUE
830,71,-0.5797534,18,"Singapore",2016,"Nuclear","Singapore",TRUE
830,72,-0.5686316,16,"Singapore",2017,"Nuclear","Singapore",TRUE
830,73,-0.3265844,16,"Singapore",2018,"Nuclear","Singapore",TRUE
830,74,-0.1922078,17,"Singapore",2019,"Nuclear","Singapore",TRUE
835,39,-0.4188672,23,"Brunei",1984,"Nuclear","Brunei",TRUE
835,40,-0.4328101,24,"Brunei",1985,"Nuclear","Brunei",TRUE
835,41,-0.4918574,23,"Brunei",1986,"Nuclear","Brunei",TRUE
835,42,-0.5262451,19,"Brunei",1987,"Nuclear","Brunei",TRUE
835,43,-0.5592474,20,"Brunei",1988,"Nuclear","Brunei",TRUE
835,44,-0.5739119,19,"Brunei",1989,"Nuclear","Brunei",TRUE
835,45,-0.5806815,17,"Brunei",1990,"Nuclear","Brunei",TRUE
835,46,-0.6149573,11,"Brunei",1991,"Nuclear","Brunei",TRUE
835,47,-0.6549462,9,"Brunei",1992,"Nuclear","Brunei",TRUE
835,48,-0.7067849,5,"Brunei",1993,"Nuclear","Brunei",TRUE
835,49,-0.7622126,10,"Brunei",1994,"Nuclear","Brunei",TRUE
835,50,-0.7433553,12,"Brunei",1995,"Nuclear","Brunei",TRUE
835,51,-0.7249289,11,"Brunei",1996,"Nuclear","Brunei",TRUE
835,52,-0.3945582,9,"Brunei",1997,"Nuclear","Brunei",TRUE
835,53,-0.4302872,11,"Brunei",1998,"Nuclear","Brunei",TRUE
835,54,-0.4674703,10,"Brunei",1999,"Nuclear","Brunei",TRUE
835,55,-0.490502,11,"Brunei",2000,"Nuclear","Brunei",TRUE
835,56,-0.525542,10,"Brunei",2001,"Nuclear","Brunei",TRUE
835,57,-0.5366824,14,"Brunei",2002,"Nuclear","Brunei",TRUE
835,58,-0.5715448,11,"Brunei",2003,"Nuclear","Brunei",TRUE
835,59,-0.5644122,12,"Brunei",2004,"Nuclear","Brunei",TRUE
835,60,-0.5838472,11,"Brunei",2005,"Nuclear","Brunei",TRUE
835,61,-0.596872,13,"Brunei",2006,"Nuclear","Brunei",TRUE
835,62,-0.6141107,12,"Brunei",2007,"Nuclear","Brunei",TRUE
835,63,-0.6132537,13,"Brunei",2008,"Nuclear","Brunei",TRUE
835,64,-0.6266537,13,"Brunei",2009,"Nuclear","Brunei",TRUE
835,65,-0.6039953,13,"Brunei",2010,"Nuclear","Brunei",TRUE
835,66,-0.5983851,12,"Brunei",2011,"Nuclear","Brunei",TRUE
835,67,-0.600452,15,"Brunei",2012,"Nuclear","Brunei",TRUE
835,68,-0.5821805,12,"Brunei",2013,"Nuclear","Brunei",TRUE
835,69,-0.5823741,14,"Brunei",2014,"Nuclear","Brunei",TRUE
835,70,-0.5796684,19,"Brunei",2015,"Nuclear","Brunei",TRUE
835,71,-0.5667181,18,"Brunei",2016,"Nuclear","Brunei",TRUE
835,72,-0.5876703,16,"Brunei",2017,"Nuclear","Brunei",TRUE
835,73,-0.5822231,16,"Brunei",2018,"Nuclear","Brunei",TRUE
835,74,-0.5561355,17,"Brunei",2019,"Nuclear","Brunei",TRUE
840,33,-0.6197473,17,"Philippines",1978,"Nuclear","Philippines",TRUE
840,34,-0.5849283,16,"Philippines",1979,"Nuclear","Philippines",TRUE
840,35,-0.6264596,17,"Philippines",1980,"Nuclear","Philippines",TRUE
840,36,-0.7468769,19,"Philippines",1981,"Nuclear","Philippines",TRUE
840,37,-0.04885601,26,"Philippines",1982,"Nuclear","Philippines",TRUE
840,38,0.3833613,32,"Philippines",1983,"Nuclear","Philippines",TRUE
840,39,0.3321575,20,"Philippines",1984,"Nuclear","Philippines",TRUE
840,40,0.101548,21,"Philippines",1985,"Nuclear","Philippines",TRUE
840,41,-0.1308381,24,"Philippines",1986,"Nuclear","Philippines",TRUE
840,42,-0.1919775,19,"Philippines",1987,"Nuclear","Philippines",TRUE
840,43,-0.2691195,21,"Philippines",1988,"Nuclear","Philippines",TRUE
840,44,-0.3474271,20,"Philippines",1989,"Nuclear","Philippines",TRUE
840,45,-0.4390384,17,"Philippines",1990,"Nuclear","Philippines",TRUE
840,46,-0.4817282,11,"Philippines",1991,"Nuclear","Philippines",TRUE
840,47,-0.5655001,9,"Philippines",1992,"Nuclear","Philippines",TRUE
840,48,-0.6011271,5,"Philippines",1993,"Nuclear","Philippines",TRUE
840,49,-0.6753838,10,"Philippines",1994,"Nuclear","Philippines",TRUE
840,50,-0.6906669,12,"Philippines",1995,"Nuclear","Philippines",TRUE
840,51,-0.713425,11,"Philippines",1996,"Nuclear","Philippines",TRUE
840,52,-0.6777317,9,"Philippines",1997,"Nuclear","Philippines",TRUE
840,53,-0.6569429,11,"Philippines",1998,"Nuclear","Philippines",TRUE
840,54,-0.6691434,10,"Philippines",1999,"Nuclear","Philippines",TRUE
840,55,-0.6607783,11,"Philippines",2000,"Nuclear","Philippines",TRUE
840,56,-0.6701406,10,"Philippines",2001,"Nuclear","Philippines",TRUE
840,57,-0.6470735,14,"Philippines",2002,"Nuclear","Philippines",TRUE
840,58,-0.6489199,11,"Philippines",2003,"Nuclear","Philippines",TRUE
840,59,-0.6498188,12,"Philippines",2004,"Nuclear","Philippines",TRUE
840,60,-0.6760677,11,"Philippines",2005,"Nuclear","Philippines",TRUE
840,61,-0.6637515,13,"Philippines",2006,"Nuclear","Philippines",TRUE
840,62,-0.6867954,12,"Philippines",2007,"Nuclear","Philippines",TRUE
840,63,-0.6793301,12,"Philippines",2008,"Nuclear","Philippines",TRUE
840,64,-0.6818524,13,"Philippines",2009,"Nuclear","Philippines",TRUE
840,65,-0.6927859,13,"Philippines",2010,"Nuclear","Philippines",TRUE
840,66,-0.6664863,12,"Philippines",2011,"Nuclear","Philippines",TRUE
840,67,-0.6311827,15,"Philippines",2012,"Nuclear","Philippines",TRUE
840,68,-0.6403246,12,"Philippines",2013,"Nuclear","Philippines",TRUE
840,69,-0.623537,14,"Philippines",2014,"Nuclear","Philippines",TRUE
840,70,-0.6152057,19,"Philippines",2015,"Nuclear","Philippines",TRUE
840,71,-0.5848379,18,"Philippines",2016,"Nuclear","Philippines",TRUE
840,72,-0.5851394,16,"Philippines",2017,"Nuclear","Philippines",TRUE
840,73,-0.3538351,16,"Philippines",2018,"Nuclear","Philippines",TRUE
840,74,-0.2269259,17,"Philippines",2019,"Nuclear","Philippines",TRUE
850,33,-0.6277035,17,"Indonesia",1978,"Nuclear","Indonesia",TRUE
850,34,-0.6261705,16,"Indonesia",1979,"Nuclear","Indonesia",TRUE
850,35,-0.6709882,17,"Indonesia",1980,"Nuclear","Indonesia",TRUE
850,36,-0.7203762,19,"Indonesia",1981,"Nuclear","Indonesia",TRUE
850,37,-0.789333,26,"Indonesia",1982,"Nuclear","Indonesia",TRUE
850,38,-0.8261713,32,"Indonesia",1983,"Nuclear","Indonesia",TRUE
850,39,-0.831722,25,"Indonesia",1984,"Nuclear","Indonesia",TRUE
850,40,-0.8927411,25,"Indonesia",1985,"Nuclear","Indonesia",TRUE
850,41,-0.9281589,24,"Indonesia",1986,"Nuclear","Indonesia",TRUE
850,42,-0.9210049,20,"Indonesia",1987,"Nuclear","Indonesia",TRUE
850,43,-0.9388758,21,"Indonesia",1988,"Nuclear","Indonesia",TRUE
850,44,-0.9037835,20,"Indonesia",1989,"Nuclear","Indonesia",TRUE
850,45,-0.9408967,17,"Indonesia",1990,"Nuclear","Indonesia",TRUE
850,46,-0.9621893,11,"Indonesia",1991,"Nuclear","Indonesia",TRUE
850,47,-1.002056,9,"Indonesia",1992,"Nuclear","Indonesia",TRUE
850,48,-1.056742,5,"Indonesia",1993,"Nuclear","Indonesia",TRUE
850,49,-1.124141,10,"Indonesia",1994,"Nuclear","Indonesia",TRUE
850,50,-1.228782,12,"Indonesia",1995,"Nuclear","Indonesia",TRUE
850,51,-1.288867,11,"Indonesia",1996,"Nuclear","Indonesia",TRUE
850,52,-1.263246,9,"Indonesia",1997,"Nuclear","Indonesia",TRUE
850,53,-1.16508,11,"Indonesia",1998,"Nuclear","Indonesia",TRUE
850,54,-1.119654,10,"Indonesia",1999,"Nuclear","Indonesia",TRUE
850,55,-1.077228,11,"Indonesia",2000,"Nuclear","Indonesia",TRUE
850,56,-1.072342,10,"Indonesia",2001,"Nuclear","Indonesia",TRUE
850,57,-1.013116,14,"Indonesia",2002,"Nuclear","Indonesia",TRUE
850,58,-1.013702,11,"Indonesia",2003,"Nuclear","Indonesia",TRUE
850,59,-0.9694958,12,"Indonesia",2004,"Nuclear","Indonesia",TRUE
850,60,-0.9751422,10,"Indonesia",2005,"Nuclear","Indonesia",TRUE
850,61,-0.9461565,13,"Indonesia",2006,"Nuclear","Indonesia",TRUE
850,62,-0.9342116,12,"Indonesia",2007,"Nuclear","Indonesia",TRUE
850,63,-0.9076114,13,"Indonesia",2008,"Nuclear","Indonesia",TRUE
850,64,-0.8659557,13,"Indonesia",2009,"Nuclear","Indonesia",TRUE
850,65,-0.8612145,13,"Indonesia",2010,"Nuclear","Indonesia",TRUE
850,66,-0.8858508,12,"Indonesia",2011,"Nuclear","Indonesia",TRUE
850,67,-0.8324274,15,"Indonesia",2012,"Nuclear","Indonesia",TRUE
850,68,-0.8085102,12,"Indonesia",2013,"Nuclear","Indonesia",TRUE
850,69,-0.8062039,14,"Indonesia",2014,"Nuclear","Indonesia",TRUE
850,70,-0.7455811,19,"Indonesia",2015,"Nuclear","Indonesia",TRUE
850,71,-0.7215959,18,"Indonesia",2016,"Nuclear","Indonesia",TRUE
850,72,-0.6948794,16,"Indonesia",2017,"Nuclear","Indonesia",TRUE
850,73,-0.6645563,16,"Indonesia",2018,"Nuclear","Indonesia",TRUE
850,74,-0.6670048,17,"Indonesia",2019,"Nuclear","Indonesia",TRUE
2,29,3.222507,9,"United States",1974,"Middle East","United States",FALSE
2,30,3.160521,9,"United States",1975,"Middle East","United States",FALSE
2,31,3.325877,12,"United States",1976,"Middle East","United States",FALSE
2,32,3.262663,13,"United States",1977,"Middle East","United States",FALSE
2,33,3.318952,16,"United States",1978,"Middle East","United States",FALSE
2,34,3.157219,23,"United States",1979,"Middle East","United States",FALSE
2,35,3.183525,22,"United States",1980,"Middle East","United States",FALSE
2,36,3.479355,32,"United States",1981,"Middle East","United States",FALSE
2,37,3.287364,34,"United States",1982,"Middle East","United States",FALSE
2,38,2.976955,36,"United States",1983,"Middle East","United States",FALSE
2,39,3.013022,33,"United States",1984,"Middle East","United States",FALSE
2,40,2.916868,31,"United States",1985,"Middle East","United States",FALSE
2,41,2.877559,29,"United States",1986,"Middle East","United States",FALSE
2,42,3.195609,29,"United States",1987,"Middle East","United States",FALSE
2,43,2.87798,30,"United States",1988,"Middle East","United States",FALSE
2,44,2.840029,29,"United States",1989,"Middle East","United States",FALSE
2,45,2.809386,27,"United States",1990,"Middle East","United States",FALSE
2,46,2.853312,28,"United States",1991,"Middle East","United States",FALSE
2,47,2.942785,26,"United States",1992,"Middle East","United States",FALSE
2,48,3.114255,21,"United States",1993,"Middle East","United States",FALSE
2,49,3.711992,19,"United States",1994,"Middle East","United States",FALSE
2,50,3.866298,20,"United States",1995,"Middle East","United States",FALSE
2,51,4.117969,22,"United States",1996,"Middle East","United States",FALSE
2,52,4.164798,22,"United States",1997,"Middle East","United States",FALSE
2,53,3.49087,21,"United States",1998,"Middle East","United States",FALSE
2,54,3.370431,21,"United States",1999,"Middle East","United States",FALSE
2,55,3.334748,22,"United States",2000,"Middle East","United States",FALSE
2,56,3.330121,22,"United States",2001,"Middle East","United States",FALSE
2,57,3.199743,22,"United States",2002,"Middle East","United States",FALSE
2,58,3.101676,19,"United States",2003,"Middle East","United States",FALSE
2,59,2.98883,17,"United States",2004,"Middle East","United States",FALSE
2,60,2.917548,15,"United States",2005,"Middle East","United States",FALSE
2,61,2.89344,19,"United States",2006,"Middle East","United States",FALSE
2,62,2.776826,15,"United States",2007,"Middle East","United States",FALSE
2,63,2.784284,16,"United States",2008,"Middle East","United States",FALSE
2,64,2.763938,16,"United States",2009,"Middle East","United States",FALSE
2,65,2.7001,15,"United States",2010,"Middle East","United States",FALSE
2,66,2.617484,15,"United States",2011,"Middle East","United States",FALSE
2,67,2.603581,16,"United States",2012,"Middle East","United States",FALSE
2,68,2.65013,16,"United States",2013,"Middle East","United States",FALSE
2,69,2.676415,15,"United States",2014,"Middle East","United States",FALSE
2,70,2.64551,14,"United States",2015,"Middle East","United States",FALSE
2,71,2.650488,13,"United States",2016,"Middle East","United States",FALSE
2,72,2.591945,17,"United States",2017,"Middle East","United States",FALSE
2,73,2.707386,16,"United States",2018,"Middle East","United States",FALSE
2,74,2.717197,14,"United States",2019,"Middle East","United States",FALSE
710,29,-1.119156,9,"China",1974,"Middle East","China",FALSE
710,30,-1.153857,6,"China",1975,"Middle East","China",FALSE
710,31,-1.158594,11,"China",1976,"Middle East","China",FALSE
710,32,-1.14764,11,"China",1977,"Middle East","China",FALSE
710,33,-1.13164,12,"China",1978,"Middle East","China",FALSE
710,34,-0.9871394,18,"China",1979,"Middle East","China",FALSE
710,35,-0.9298287,20,"China",1980,"Middle East","China",FALSE
710,36,-0.7620469,33,"China",1981,"Middle East","China",FALSE
710,37,-0.6316076,34,"China",1982,"Middle East","China",FALSE
710,38,-0.5689103,36,"China",1983,"Middle East","China",FALSE
710,39,-0.448782,33,"China",1984,"Middle East","China",FALSE
710,40,-0.4427453,31,"China",1985,"Middle East","China",FALSE
710,41,-0.4889138,29,"China",1986,"Middle East","China",FALSE
710,42,-0.5554947,30,"China",1987,"Middle East","China",FALSE
710,43,-0.6005995,30,"China",1988,"Middle East","China",FALSE
710,44,-0.5993323,29,"China",1989,"Middle East","China",FALSE
710,45,-0.6725054,27,"China",1990,"Middle East","China",FALSE
710,46,-0.7190262,28,"China",1991,"Middle East","China",FALSE
710,47,-0.7888054,26,"China",1992,"Middle East","China",FALSE
710,48,-0.9012409,21,"China",1993,"Middle East","China",FALSE
710,49,-1.004672,19,"China",1994,"Middle East","China",FALSE
710,50,-1.136166,20,"China",1995,"Middle East","China",FALSE
710,51,-1.028187,22,"China",1996,"Middle East","China",FALSE
710,52,-1.053192,22,"China",1997,"Middle East","China",FALSE
710,53,-0.9322571,20,"China",1998,"Middle East","China",FALSE
710,54,-0.8779334,21,"China",1999,"Middle East","China",FALSE
710,55,-0.7666886,22,"China",2000,"Middle East","China",FALSE
710,56,-0.7318135,22,"China",2001,"Middle East","China",FALSE
710,57,-0.7808828,22,"China",2002,"Middle East","China",FALSE
710,58,-0.8988063,19,"China",2003,"Middle East","China",FALSE
710,59,-0.8500635,17,"China",2004,"Middle East","China",FALSE
710,60,-0.809632,15,"China",2005,"Middle East","China",FALSE
710,61,-0.7389137,19,"China",2006,"Middle East","China",FALSE
710,62,-0.7049863,15,"China",2007,"Middle East","China",FALSE
710,63,-0.7100522,16,"China",2008,"Middle East","China",FALSE
710,64,-0.692108,16,"China",2009,"Middle East","China",FALSE
710,65,-0.7163737,16,"China",2010,"Middle East","China",FALSE
710,66,-0.6480271,15,"China",2011,"Middle East","China",FALSE
710,67,-0.6652528,16,"China",2012,"Middle East","China",FALSE
710,68,-0.6698263,16,"China",2013,"Middle East","China",FALSE
710,69,-0.7454046,14,"China",2014,"Middle East","China",FALSE
710,70,-0.7610861,14,"China",2015,"Middle East","China",FALSE
710,71,-0.7818664,13,"China",2016,"Middle East","China",FALSE
710,72,-0.7561805,17,"China",2017,"Middle East","China",FALSE
710,73,-0.7456449,16,"China",2018,"Middle East","China",FALSE
710,74,-0.7452046,14,"China",2019,"Middle East","China",FALSE
775,29,0.1625574,8,"Myanmar (Burma)",1974,"Middle East","Myanmar",TRUE
775,30,0.1251437,9,"Myanmar (Burma)",1975,"Middle East","Myanmar",TRUE
775,31,-0.257166,11,"Myanmar (Burma)",1976,"Middle East","Myanmar",TRUE
775,32,-0.1200208,13,"Myanmar (Burma)",1977,"Middle East","Myanmar",TRUE
775,33,0.1773884,16,"Myanmar (Burma)",1978,"Middle East","Myanmar",TRUE
775,34,0.7046786,23,"Myanmar (Burma)",1979,"Middle East","Myanmar",TRUE
775,35,0.807273,22,"Myanmar (Burma)",1980,"Middle East","Myanmar",TRUE
775,36,0.5703302,31,"Myanmar (Burma)",1981,"Middle East","Myanmar",TRUE
775,37,0.8449516,32,"Myanmar (Burma)",1982,"Middle East","Myanmar",TRUE
775,38,0.5186302,34,"Myanmar (Burma)",1983,"Middle East","Myanmar",TRUE
775,39,0.4181122,31,"Myanmar (Burma)",1984,"Middle East","Myanmar",TRUE
775,40,0.3388218,28,"Myanmar (Burma)",1985,"Middle East","Myanmar",TRUE
775,41,0.3760512,28,"Myanmar (Burma)",1986,"Middle East","Myanmar",TRUE
775,42,0.2546287,28,"Myanmar (Burma)",1987,"Middle East","Myanmar",TRUE
775,43,0.1352827,28,"Myanmar (Burma)",1988,"Middle East","Myanmar",TRUE
775,44,-0.05651418,28,"Myanmar (Burma)",1989,"Middle East","Myanmar",TRUE
775,45,0.0913288,26,"Myanmar (Burma)",1990,"Middle East","Myanmar",TRUE
775,46,-0.0583825,27,"Myanmar (Burma)",1991,"Middle East","Myanmar",TRUE
775,47,-0.07747742,25,"Myanmar (Burma)",1992,"Middle East","Myanmar",TRUE
775,48,-0.3187154,17,"Myanmar (Burma)",1993,"Middle East","Myanmar",TRUE
775,49,-0.3412552,4,"Myanmar (Burma)",1994,"Middle East","Myanmar",TRUE
775,50,-0.5718552,20,"Myanmar (Burma)",1995,"Middle East","Myanmar",TRUE
775,51,-0.4534491,21,"Myanmar (Burma)",1996,"Middle East","Myanmar",TRUE
775,52,-0.4623427,22,"Myanmar (Burma)",1997,"Middle East","Myanmar",TRUE
775,53,-0.5664767,21,"Myanmar (Burma)",1998,"Middle East","Myanmar",TRUE
775,54,-0.6425366,21,"Myanmar (Burma)",1999,"Middle East","Myanmar",TRUE
775,55,-0.6796414,22,"Myanmar (Burma)",2000,"Middle East","Myanmar",TRUE
775,56,-0.6566943,22,"Myanmar (Burma)",2001,"Middle East","Myanmar",TRUE
775,57,-0.7412105,22,"Myanmar (Burma)",2002,"Middle East","Myanmar",TRUE
775,58,-0.8252736,19,"Myanmar (Burma)",2003,"Middle East","Myanmar",TRUE
775,59,-0.8144441,16,"Myanmar (Burma)",2004,"Middle East","Myanmar",TRUE
775,60,-0.7908402,15,"Myanmar (Burma)",2005,"Middle East","Myanmar",TRUE
775,61,-0.7159397,19,"Myanmar (Burma)",2006,"Middle East","Myanmar",TRUE
775,62,-0.6813832,15,"Myanmar (Burma)",2007,"Middle East","Myanmar",TRUE
775,63,-0.636979,16,"Myanmar (Burma)",2008,"Middle East","Myanmar",TRUE
775,64,-0.6497312,15,"Myanmar (Burma)",2009,"Middle East","Myanmar",TRUE
775,65,-0.6650995,16,"Myanmar (Burma)",2010,"Middle East","Myanmar",TRUE
775,66,-0.6563568,7,"Myanmar (Burma)",2011,"Middle East","Myanmar",TRUE
775,67,-0.7114346,11,"Myanmar (Burma)",2012,"Middle East","Myanmar",TRUE
775,68,-0.6899575,16,"Myanmar (Burma)",2013,"Middle East","Myanmar",TRUE
775,69,-0.7372677,15,"Myanmar (Burma)",2014,"Middle East","Myanmar",TRUE
775,70,-0.7461775,14,"Myanmar (Burma)",2015,"Middle East","Myanmar",TRUE
775,71,-0.7433854,13,"Myanmar (Burma)",2016,"Middle East","Myanmar",TRUE
775,72,-0.5645705,1,"Myanmar (Burma)",2017,"Middle East","Myanmar",TRUE
775,73,-0.003518374,1,"Myanmar (Burma)",2018,"Middle East","Myanmar",TRUE
775,74,0.2441533,1,"Myanmar (Burma)",2019,"Middle East","Myanmar",TRUE
800,29,-0.0477973,9,"Thailand",1974,"Middle East","Thailand",TRUE
800,30,-0.3550276,9,"Thailand",1975,"Middle East","Thailand",TRUE
800,31,-0.6191052,12,"Thailand",1976,"Middle East","Thailand",TRUE
800,32,-0.2389787,13,"Thailand",1977,"Middle East","Thailand",TRUE
800,33,0.03591211,15,"Thailand",1978,"Middle East","Thailand",TRUE
800,34,0.3148371,23,"Thailand",1979,"Middle East","Thailand",TRUE
800,35,0.3168063,22,"Thailand",1980,"Middle East","Thailand",TRUE
800,36,-0.3430264,33,"Thailand",1981,"Middle East","Thailand",TRUE
800,37,-0.1140779,34,"Thailand",1982,"Middle East","Thailand",TRUE
800,38,0.02152077,35,"Thailand",1983,"Middle East","Thailand",TRUE
800,39,-0.0671899,32,"Thailand",1984,"Middle East","Thailand",TRUE
800,40,-0.0430664,29,"Thailand",1985,"Middle East","Thailand",TRUE
800,41,-0.1309558,28,"Thailand",1986,"Middle East","Thailand",TRUE
800,42,-0.1178582,29,"Thailand",1987,"Middle East","Thailand",TRUE
800,43,-0.1526843,29,"Thailand",1988,"Middle East","Thailand",TRUE
800,44,-0.1465796,28,"Thailand",1989,"Middle East","Thailand",TRUE
800,45,-0.159466,26,"Thailand",1990,"Middle East","Thailand",TRUE
800,46,-0.5163559,28,"Thailand",1991,"Middle East","Thailand",TRUE
800,47,-0.3137948,26,"Thailand",1992,"Middle East","Thailand",TRUE
800,48,-0.4024133,21,"Thailand",1993,"Middle East","Thailand",TRUE
800,49,-0.7376321,19,"Thailand",1994,"Middle East","Thailand",TRUE
800,50,-0.9734288,20,"Thailand",1995,"Middle East","Thailand",TRUE
800,51,-0.9267152,22,"Thailand",1996,"Middle East","Thailand",TRUE
800,52,-0.9320302,22,"Thailand",1997,"Middle East","Thailand",TRUE
800,53,-0.8332739,21,"Thailand",1998,"Middle East","Thailand",TRUE
800,54,-0.7686819,21,"Thailand",1999,"Middle East","Thailand",TRUE
800,55,-0.7520219,22,"Thailand",2000,"Middle East","Thailand",TRUE
800,56,-0.8054446,22,"Thailand",2001,"Middle East","Thailand",TRUE
800,57,-0.7818765,22,"Thailand",2002,"Middle East","Thailand",TRUE
800,58,0.1506869,19,"Thailand",2003,"Middle East","Thailand",TRUE
800,59,0.4844467,17,"Thailand",2004,"Middle East","Thailand",TRUE
800,60,0.5800309,15,"Thailand",2005,"Middle East","Thailand",TRUE
800,61,0.5289154,19,"Thailand",2006,"Middle East","Thailand",TRUE
800,62,0.6395607,15,"Thailand",2007,"Middle East","Thailand",TRUE
800,63,0.6653619,16,"Thailand",2008,"Middle East","Thailand",TRUE
800,64,0.1588158,16,"Thailand",2009,"Middle East","Thailand",TRUE
800,65,0.06128945,16,"Thailand",2010,"Middle East","Thailand",TRUE
800,66,0.02396262,15,"Thailand",2011,"Middle East","Thailand",TRUE
800,67,-0.06177953,16,"Thailand",2012,"Middle East","Thailand",TRUE
800,68,-0.05779127,16,"Thailand",2013,"Middle East","Thailand",TRUE
800,69,-0.1315479,15,"Thailand",2014,"Middle East","Thailand",TRUE
800,70,-0.1488123,14,"Thailand",2015,"Middle East","Thailand",TRUE
800,71,-0.1660566,13,"Thailand",2016,"Middle East","Thailand",TRUE
800,72,-0.1801718,17,"Thailand",2017,"Middle East","Thailand",TRUE
800,73,-0.171185,16,"Thailand",2018,"Middle East","Thailand",TRUE
800,74,-0.1930632,14,"Thailand",2019,"Middle East","Thailand",TRUE
811,29,-0.0423602,9,"Cambodia",1974,"Middle East","Cambodia",TRUE
811,30,-0.1867619,5,"Cambodia",1975,"Middle East","Cambodia",TRUE
811,31,-0.4325692,5,"Cambodia",1976,"Middle East","Cambodia",TRUE
811,33,-0.5925573,4,"Cambodia",1978,"Middle East","Cambodia",TRUE
811,34,-0.5075532,20,"Cambodia",1979,"Middle East","Cambodia",TRUE
811,35,-0.6280541,18,"Cambodia",1980,"Middle East","Cambodia",TRUE
811,36,-0.5930985,29,"Cambodia",1981,"Middle East","Cambodia",TRUE
811,37,-0.6317328,33,"Cambodia",1982,"Middle East","Cambodia",TRUE
811,38,-0.6108125,34,"Cambodia",1983,"Middle East","Cambodia",TRUE
811,39,-0.4458801,32,"Cambodia",1984,"Middle East","Cambodia",TRUE
811,40,-0.4568759,31,"Cambodia",1985,"Middle East","Cambodia",TRUE
811,41,-0.465551,25,"Cambodia",1986,"Middle East","Cambodia",TRUE
811,42,-0.5256035,30,"Cambodia",1987,"Middle East","Cambodia",TRUE
811,43,-0.6293186,28,"Cambodia",1988,"Middle East","Cambodia",TRUE
811,44,-0.6259066,29,"Cambodia",1989,"Middle East","Cambodia",TRUE
811,46,-0.6436853,3,"Cambodia",1991,"Middle East","Cambodia",TRUE
811,48,-0.3211859,8,"Cambodia",1993,"Middle East","Cambodia",TRUE
811,49,-0.1962544,12,"Cambodia",1994,"Middle East","Cambodia",TRUE
811,50,0.2073574,11,"Cambodia",1995,"Middle East","Cambodia",TRUE
811,51,-0.04227569,22,"Cambodia",1996,"Middle East","Cambodia",TRUE
811,54,-0.3670392,20,"Cambodia",1999,"Middle East","Cambodia",TRUE
811,55,-0.5099092,22,"Cambodia",2000,"Middle East","Cambodia",TRUE
811,56,-0.5936202,22,"Cambodia",2001,"Middle East","Cambodia",TRUE
811,57,-0.6597812,21,"Cambodia",2002,"Middle East","Cambodia",TRUE
811,58,-0.7208602,19,"Cambodia",2003,"Middle East","Cambodia",TRUE
811,59,-0.7439825,17,"Cambodia",2004,"Middle East","Cambodia",TRUE
811,60,-0.7561132,15,"Cambodia",2005,"Middle East","Cambodia",TRUE
811,61,-0.6831619,18,"Cambodia",2006,"Middle East","Cambodia",TRUE
811,62,-0.6507709,15,"Cambodia",2007,"Middle East","Cambodia",TRUE
811,63,-0.646376,16,"Cambodia",2008,"Middle East","Cambodia",TRUE
811,64,-0.6397291,8,"Cambodia",2009,"Middle East","Cambodia",TRUE
811,65,-0.6625734,16,"Cambodia",2010,"Middle East","Cambodia",TRUE
811,66,-0.6665656,15,"Cambodia",2011,"Middle East","Cambodia",TRUE
811,67,-0.6937844,16,"Cambodia",2012,"Middle East","Cambodia",TRUE
811,68,-0.7111351,16,"Cambodia",2013,"Middle East","Cambodia",TRUE
811,69,-0.7408596,15,"Cambodia",2014,"Middle East","Cambodia",TRUE
811,70,-0.7430144,14,"Cambodia",2015,"Middle East","Cambodia",TRUE
811,71,-0.7681822,12,"Cambodia",2016,"Middle East","Cambodia",TRUE
811,72,-0.7524964,17,"Cambodia",2017,"Middle East","Cambodia",TRUE
811,73,-0.7314461,16,"Cambodia",2018,"Middle East","Cambodia",TRUE
811,74,-0.7250017,14,"Cambodia",2019,"Middle East","Cambodia",TRUE
812,29,1.140638,8,"Laos",1974,"Middle East","Laos",TRUE
812,30,0.1317778,9,"Laos",1975,"Middle East","Laos",TRUE
812,31,-0.334348,12,"Laos",1976,"Middle East","Laos",TRUE
812,32,-0.5244847,13,"Laos",1977,"Middle East","Laos",TRUE
812,33,-0.7351878,15,"Laos",1978,"Middle East","Laos",TRUE
812,34,-0.7869431,19,"Laos",1979,"Middle East","Laos",TRUE
812,35,-0.7835678,20,"Laos",1980,"Middle East","Laos",TRUE
812,36,-0.8686391,33,"Laos",1981,"Middle East","Laos",TRUE
812,37,-0.7520112,33,"Laos",1982,"Middle East","Laos",TRUE
812,38,-0.672049,35,"Laos",1983,"Middle East","Laos",TRUE
812,39,-1.205909,33,"Laos",1984,"Middle East","Laos",TRUE
812,40,-1.444701,31,"Laos",1985,"Middle East","Laos",TRUE
812,41,-1.361166,29,"Laos",1986,"Middle East","Laos",TRUE
812,42,-1.098481,29,"Laos",1987,"Middle East","Laos",TRUE
812,43,-0.8553175,30,"Laos",1988,"Middle East","Laos",TRUE
812,44,-0.7796063,29,"Laos",1989,"Middle East","Laos",TRUE
812,45,-0.7281433,27,"Laos",1990,"Middle East","Laos",TRUE
812,46,-0.75626,28,"Laos",1991,"Middle East","Laos",TRUE
812,47,-0.8122522,26,"Laos",1992,"Middle East","Laos",TRUE
812,48,-0.8252316,19,"Laos",1993,"Middle East","Laos",TRUE
812,49,-0.9049708,18,"Laos",1994,"Middle East","Laos",TRUE
812,50,-0.9981952,19,"Laos",1995,"Middle East","Laos",TRUE
812,51,-0.948914,21,"Laos",1996,"Middle East","Laos",TRUE
812,52,-0.9815451,20,"Laos",1997,"Middle East","Laos",TRUE
812,53,-0.8829811,21,"Laos",1998,"Middle East","Laos",TRUE
812,54,-0.8349445,21,"Laos",1999,"Middle East","Laos",TRUE
812,55,-0.7936583,22,"Laos",2000,"Middle East","Laos",TRUE
812,56,-0.7791794,22,"Laos",2001,"Middle East","Laos",TRUE
812,57,-0.7460968,22,"Laos",2002,"Middle East","Laos",TRUE
812,58,-0.7452884,18,"Laos",2003,"Middle East","Laos",TRUE
812,59,-0.7845139,16,"Laos",2004,"Middle East","Laos",TRUE
812,60,-0.7538926,15,"Laos",2005,"Middle East","Laos",TRUE
812,61,-0.7063668,18,"Laos",2006,"Middle East","Laos",TRUE
812,62,-0.679801,15,"Laos",2007,"Middle East","Laos",TRUE
812,63,-0.651795,16,"Laos",2008,"Middle East","Laos",TRUE
812,64,-0.6438876,16,"Laos",2009,"Middle East","Laos",TRUE
812,65,-0.6399297,16,"Laos",2010,"Middle East","Laos",TRUE
812,66,-0.6795972,15,"Laos",2011,"Middle East","Laos",TRUE
812,67,-0.7108581,16,"Laos",2012,"Middle East","Laos",TRUE
812,68,-0.7125576,16,"Laos",2013,"Middle East","Laos",TRUE
812,69,-0.7249803,15,"Laos",2014,"Middle East","Laos",TRUE
812,70,-0.7349309,14,"Laos",2015,"Middle East","Laos",TRUE
812,71,-0.786566,13,"Laos",2016,"Middle East","Laos",TRUE
812,72,-0.7639111,17,"Laos",2017,"Middle East","Laos",TRUE
812,73,-0.7669188,16,"Laos",2018,"Middle East","Laos",TRUE
812,74,-0.7861924,14,"Laos",2019,"Middle East","Laos",TRUE
816,32,-1.042625,12,"Vietnam",1977,"Middle East","Vietnam",TRUE
816,33,-1.075751,15,"Vietnam",1978,"Middle East","Vietnam",TRUE
816,34,-0.996881,19,"Vietnam",1979,"Middle East","Vietnam",TRUE
816,35,-0.9466231,20,"Vietnam",1980,"Middle East","Vietnam",TRUE
816,36,-0.9677578,33,"Vietnam",1981,"Middle East","Vietnam",TRUE
816,37,-1.066378,33,"Vietnam",1982,"Middle East","Vietnam",TRUE
816,38,-1.09977,36,"Vietnam",1983,"Middle East","Vietnam",TRUE
816,39,-1.342053,33,"Vietnam",1984,"Middle East","Vietnam",TRUE
816,40,-1.453953,31,"Vietnam",1985,"Middle East","Vietnam",TRUE
816,41,-1.370776,29,"Vietnam",1986,"Middle East","Vietnam",TRUE
816,42,-1.309399,30,"Vietnam",1987,"Middle East","Vietnam",TRUE
816,43,-1.152217,30,"Vietnam",1988,"Middle East","Vietnam",TRUE
816,44,-0.9141382,29,"Vietnam",1989,"Middle East","Vietnam",TRUE
816,45,-0.7913654,27,"Vietnam",1990,"Middle East","Vietnam",TRUE
816,46,-0.7900289,28,"Vietnam",1991,"Middle East","Vietnam",TRUE
816,47,-0.7987829,26,"Vietnam",1992,"Middle East","Vietnam",TRUE
816,48,-0.9130559,21,"Vietnam",1993,"Middle East","Vietnam",TRUE
816,49,-1.018154,19,"Vietnam",1994,"Middle East","Vietnam",TRUE
816,50,-1.121587,20,"Vietnam",1995,"Middle East","Vietnam",TRUE
816,51,-1.089622,22,"Vietnam",1996,"Middle East","Vietnam",TRUE
816,52,-1.086409,22,"Vietnam",1997,"Middle East","Vietnam",TRUE
816,53,-0.9605684,21,"Vietnam",1998,"Middle East","Vietnam",TRUE
816,54,-0.8577743,21,"Vietnam",1999,"Middle East","Vietnam",TRUE
816,55,-0.7934215,22,"Vietnam",2000,"Middle East","Vietnam",TRUE
816,56,-0.7567529,21,"Vietnam",2001,"Middle East","Vietnam",TRUE
816,57,-0.7969829,22,"Vietnam",2002,"Middle East","Vietnam",TRUE
816,58,-0.8186734,18,"Vietnam",2003,"Middle East","Vietnam",TRUE
816,59,-0.8013872,17,"Vietnam",2004,"Middle East","Vietnam",TRUE
816,60,-0.7724201,15,"Vietnam",2005,"Middle East","Vietnam",TRUE
816,61,-0.7342334,19,"Vietnam",2006,"Middle East","Vietnam",TRUE
816,62,-0.7124193,15,"Vietnam",2007,"Middle East","Vietnam",TRUE
816,63,-0.6462072,16,"Vietnam",2008,"Middle East","Vietnam",TRUE
816,64,-0.6479321,16,"Vietnam",2009,"Middle East","Vietnam",TRUE
816,65,-0.6596046,16,"Vietnam",2010,"Middle East","Vietnam",TRUE
816,66,-0.7032818,15,"Vietnam",2011,"Middle East","Vietnam",TRUE
816,67,-0.7109594,16,"Vietnam",2012,"Middle East","Vietnam",TRUE
816,68,-0.7428875,16,"Vietnam",2013,"Middle East","Vietnam",TRUE
816,69,-0.7854878,15,"Vietnam",2014,"Middle East","Vietnam",TRUE
816,70,-0.7655895,14,"Vietnam",2015,"Middle East","Vietnam",TRUE
816,71,-0.7767398,13,"Vietnam",2016,"Middle East","Vietnam",TRUE
816,72,-0.761957,17,"Vietnam",2017,"Middle East","Vietnam",TRUE
816,73,-0.7659224,16,"Vietnam",2018,"Middle East","Vietnam",TRUE
816,74,-0.7672715,14,"Vietnam",2019,"Middle East","Vietnam",TRUE
820,29,-1.089205,9,"Malaysia",1974,"Middle East","Malaysia",TRUE
820,30,-1.111353,9,"Malaysia",1975,"Middle East","Malaysia",TRUE
820,31,-1.157301,12,"Malaysia",1976,"Middle East","Malaysia",TRUE
820,32,-1.121061,13,"Malaysia",1977,"Middle East","Malaysia",TRUE
820,33,-1.033084,16,"Malaysia",1978,"Middle East","Malaysia",TRUE
820,34,-0.6232057,23,"Malaysia",1979,"Middle East","Malaysia",TRUE
820,35,-0.5632259,22,"Malaysia",1980,"Middle East","Malaysia",TRUE
820,36,-0.6036754,33,"Malaysia",1981,"Middle East","Malaysia",TRUE
820,37,-0.5623292,34,"Malaysia",1982,"Middle East","Malaysia",TRUE
820,38,-0.5274208,36,"Malaysia",1983,"Middle East","Malaysia",TRUE
820,39,-0.4453029,33,"Malaysia",1984,"Middle East","Malaysia",TRUE
820,40,-0.4541386,31,"Malaysia",1985,"Middle East","Malaysia",TRUE
820,41,-0.5010471,29,"Malaysia",1986,"Middle East","Malaysia",TRUE
820,42,-0.541088,30,"Malaysia",1987,"Middle East","Malaysia",TRUE
820,43,-0.5966714,30,"Malaysia",1988,"Middle East","Malaysia",TRUE
820,44,-0.6138058,29,"Malaysia",1989,"Middle East","Malaysia",TRUE
820,45,-0.6691303,27,"Malaysia",1990,"Middle East","Malaysia",TRUE
820,46,-0.7079271,28,"Malaysia",1991,"Middle East","Malaysia",TRUE
820,47,-0.7637494,26,"Malaysia",1992,"Middle East","Malaysia",TRUE
820,48,-0.8857094,21,"Malaysia",1993,"Middle East","Malaysia",TRUE
820,49,-1.014523,19,"Malaysia",1994,"Middle East","Malaysia",TRUE
820,50,-1.087063,20,"Malaysia",1995,"Middle East","Malaysia",TRUE
820,51,-1.070906,22,"Malaysia",1996,"Middle East","Malaysia",TRUE
820,52,-1.045068,22,"Malaysia",1997,"Middle East","Malaysia",TRUE
820,53,-0.8995834,21,"Malaysia",1998,"Middle East","Malaysia",TRUE
820,54,-0.8557115,21,"Malaysia",1999,"Middle East","Malaysia",TRUE
820,55,-0.8195361,22,"Malaysia",2000,"Middle East","Malaysia",TRUE
820,56,-0.7968012,22,"Malaysia",2001,"Middle East","Malaysia",TRUE
820,57,-0.790155,22,"Malaysia",2002,"Middle East","Malaysia",TRUE
820,58,-0.8982326,19,"Malaysia",2003,"Middle East","Malaysia",TRUE
820,59,-0.8460711,17,"Malaysia",2004,"Middle East","Malaysia",TRUE
820,60,-0.8106454,15,"Malaysia",2005,"Middle East","Malaysia",TRUE
820,61,-0.7712943,19,"Malaysia",2006,"Middle East","Malaysia",TRUE
820,62,-0.7297159,15,"Malaysia",2007,"Middle East","Malaysia",TRUE
820,63,-0.6760195,16,"Malaysia",2008,"Middle East","Malaysia",TRUE
820,64,-0.6688796,16,"Malaysia",2009,"Middle East","Malaysia",TRUE
820,65,-0.6649656,16,"Malaysia",2010,"Middle East","Malaysia",TRUE
820,66,-0.6843076,15,"Malaysia",2011,"Middle East","Malaysia",TRUE
820,67,-0.6864279,16,"Malaysia",2012,"Middle East","Malaysia",TRUE
820,68,-0.7042697,16,"Malaysia",2013,"Middle East","Malaysia",TRUE
820,69,-0.7197626,15,"Malaysia",2014,"Middle East","Malaysia",TRUE
820,70,-0.7134279,14,"Malaysia",2015,"Middle East","Malaysia",TRUE
820,71,-0.7581481,13,"Malaysia",2016,"Middle East","Malaysia",TRUE
820,72,-0.7459748,17,"Malaysia",2017,"Middle East","Malaysia",TRUE
820,73,-0.7046033,16,"Malaysia",2018,"Middle East","Malaysia",TRUE
820,74,-0.7647953,14,"Malaysia",2019,"Middle East","Malaysia",TRUE
830,29,0.06918811,8,"Singapore",1974,"Middle East","Singapore",TRUE
830,30,-0.334714,9,"Singapore",1975,"Middle East","Singapore",TRUE
830,31,-0.141782,12,"Singapore",1976,"Middle East","Singapore",TRUE
830,32,-0.0880775,13,"Singapore",1977,"Middle East","Singapore",TRUE
830,33,0.1878442,16,"Singapore",1978,"Middle East","Singapore",TRUE
830,34,0.3396975,23,"Singapore",1979,"Middle East","Singapore",TRUE
830,35,0.1988186,21,"Singapore",1980,"Middle East","Singapore",TRUE
830,36,0.2368946,29,"Singapore",1981,"Middle East","Singapore",TRUE
830,37,0.2989932,30,"Singapore",1982,"Middle East","Singapore",TRUE
830,38,0.09991594,34,"Singapore",1983,"Middle East","Singapore",TRUE
830,39,-0.0255303,31,"Singapore",1984,"Middle East","Singapore",TRUE
830,40,-0.005440521,28,"Singapore",1985,"Middle East","Singapore",TRUE
830,41,-0.01110526,26,"Singapore",1986,"Middle East","Singapore",TRUE
830,42,0.2806008,29,"Singapore",1987,"Middle East","Singapore",TRUE
830,43,0.1944529,30,"Singapore",1988,"Middle East","Singapore",TRUE
830,44,0.09401133,29,"Singapore",1989,"Middle East","Singapore",TRUE
830,45,0.05952736,27,"Singapore",1990,"Middle East","Singapore",TRUE
830,46,-0.1655931,28,"Singapore",1991,"Middle East","Singapore",TRUE
830,47,-0.03673138,26,"Singapore",1992,"Middle East","Singapore",TRUE
830,48,-0.1735049,21,"Singapore",1993,"Middle East","Singapore",TRUE
830,49,-0.1225778,19,"Singapore",1994,"Middle East","Singapore",TRUE
830,50,-0.2056925,20,"Singapore",1995,"Middle East","Singapore",TRUE
830,51,-0.03595664,22,"Singapore",1996,"Middle East","Singapore",TRUE
830,52,0.009318852,22,"Singapore",1997,"Middle East","Singapore",TRUE
830,53,0.1155395,21,"Singapore",1998,"Middle East","Singapore",TRUE
830,54,-0.1496298,21,"Singapore",1999,"Middle East","Singapore",TRUE
830,55,-0.2158549,22,"Singapore",2000,"Middle East","Singapore",TRUE
830,56,-0.427648,22,"Singapore",2001,"Middle East","Singapore",TRUE
830,57,-0.5925312,22,"Singapore",2002,"Middle East","Singapore",TRUE
830,58,-0.6698044,19,"Singapore",2003,"Middle East","Singapore",TRUE
830,59,-0.7673079,17,"Singapore",2004,"Middle East","Singapore",TRUE
830,60,-0.7346553,15,"Singapore",2005,"Middle East","Singapore",TRUE
830,61,-0.7268835,19,"Singapore",2006,"Middle East","Singapore",TRUE
830,62,-0.7021437,15,"Singapore",2007,"Middle East","Singapore",TRUE
830,63,-0.6856135,16,"Singapore",2008,"Middle East","Singapore",TRUE
830,64,-0.6896942,16,"Singapore",2009,"Middle East","Singapore",TRUE
830,65,-0.6701896,16,"Singapore",2010,"Middle East","Singapore",TRUE
830,66,-0.6542909,15,"Singapore",2011,"Middle East","Singapore",TRUE
830,67,-0.2856941,16,"Singapore",2012,"Middle East","Singapore",TRUE
830,68,-0.5175664,16,"Singapore",2013,"Middle East","Singapore",TRUE
830,69,-0.678103,15,"Singapore",2014,"Middle East","Singapore",TRUE
830,70,-0.6911069,14,"Singapore",2015,"Middle East","Singapore",TRUE
830,71,-0.7227881,13,"Singapore",2016,"Middle East","Singapore",TRUE
830,72,-0.7458586,17,"Singapore",2017,"Middle East","Singapore",TRUE
830,73,-0.7282656,16,"Singapore",2018,"Middle East","Singapore",TRUE
830,74,-0.741541,14,"Singapore",2019,"Middle East","Singapore",TRUE
835,39,-0.4405315,33,"Brunei",1984,"Middle East","Brunei",TRUE
835,40,-0.4280014,31,"Brunei",1985,"Middle East","Brunei",TRUE
835,41,-0.4988161,29,"Brunei",1986,"Middle East","Brunei",TRUE
835,42,-0.535946,30,"Brunei",1987,"Middle East","Brunei",TRUE
835,43,-0.6306737,30,"Brunei",1988,"Middle East","Brunei",TRUE
835,44,-0.6488364,29,"Brunei",1989,"Middle East","Brunei",TRUE
835,45,-0.6917878,27,"Brunei",1990,"Middle East","Brunei",TRUE
835,46,-0.7010546,28,"Brunei",1991,"Middle East","Brunei",TRUE
835,47,-0.7836194,26,"Brunei",1992,"Middle East","Brunei",TRUE
835,48,-0.8916373,21,"Brunei",1993,"Middle East","Brunei",TRUE
835,49,-1.062569,19,"Brunei",1994,"Middle East","Brunei",TRUE
835,50,-1.154872,20,"Brunei",1995,"Middle East","Brunei",TRUE
835,51,-1.054026,22,"Brunei",1996,"Middle East","Brunei",TRUE
835,52,-1.015958,22,"Brunei",1997,"Middle East","Brunei",TRUE
835,53,-0.9455819,21,"Brunei",1998,"Middle East","Brunei",TRUE
835,54,-0.8371324,20,"Brunei",1999,"Middle East","Brunei",TRUE
835,55,-0.7561854,22,"Brunei",2000,"Middle East","Brunei",TRUE
835,56,-0.7496137,20,"Brunei",2001,"Middle East","Brunei",TRUE
835,57,-0.7720208,22,"Brunei",2002,"Middle East","Brunei",TRUE
835,58,-0.8658563,19,"Brunei",2003,"Middle East","Brunei",TRUE
835,59,-0.8335108,17,"Brunei",2004,"Middle East","Brunei",TRUE
835,60,-0.7913464,15,"Brunei",2005,"Middle East","Brunei",TRUE
835,61,-0.7470242,19,"Brunei",2006,"Middle East","Brunei",TRUE
835,62,-0.6929676,15,"Brunei",2007,"Middle East","Brunei",TRUE
835,63,-0.6985117,16,"Brunei",2008,"Middle East","Brunei",TRUE
835,64,-0.699524,16,"Brunei",2009,"Middle East","Brunei",TRUE
835,65,-0.6763373,16,"Brunei",2010,"Middle East","Brunei",TRUE
835,66,-0.6696804,15,"Brunei",2011,"Middle East","Brunei",TRUE
835,67,-0.6796245,16,"Brunei",2012,"Middle East","Brunei",TRUE
835,68,-0.7029414,16,"Brunei",2013,"Middle East","Brunei",TRUE
835,69,-0.7266026,15,"Brunei",2014,"Middle East","Brunei",TRUE
835,70,-0.7456424,14,"Brunei",2015,"Middle East","Brunei",TRUE
835,71,-0.7538817,13,"Brunei",2016,"Middle East","Brunei",TRUE
835,72,-0.7942455,17,"Brunei",2017,"Middle East","Brunei",TRUE
835,73,-0.7729728,16,"Brunei",2018,"Middle East","Brunei",TRUE
835,74,-0.7725438,14,"Brunei",2019,"Middle East","Brunei",TRUE
840,29,-1.115632,9,"Philippines",1974,"Middle East","Philippines",TRUE
840,30,-1.102208,9,"Philippines",1975,"Middle East","Philippines",TRUE
840,31,-1.129673,12,"Philippines",1976,"Middle East","Philippines",TRUE
840,32,-1.069842,12,"Philippines",1977,"Middle East","Philippines",TRUE
840,33,-0.2583567,16,"Philippines",1978,"Middle East","Philippines",TRUE
840,34,0.07790073,23,"Philippines",1979,"Middle East","Philippines",TRUE
840,35,-0.0758455,22,"Philippines",1980,"Middle East","Philippines",TRUE
840,36,-0.1486353,33,"Philippines",1981,"Middle East","Philippines",TRUE
840,37,0.08654333,34,"Philippines",1982,"Middle East","Philippines",TRUE
840,38,0.1591886,35,"Philippines",1983,"Middle East","Philippines",TRUE
840,39,-0.03348271,32,"Philippines",1984,"Middle East","Philippines",TRUE
840,40,-0.1028219,30,"Philippines",1985,"Middle East","Philippines",TRUE
840,41,-0.1539091,29,"Philippines",1986,"Middle East","Philippines",TRUE
840,42,-0.1021749,29,"Philippines",1987,"Middle East","Philippines",TRUE
840,43,-0.1441156,30,"Philippines",1988,"Middle East","Philippines",TRUE
840,44,-0.1414738,29,"Philippines",1989,"Middle East","Philippines",TRUE
840,45,-0.465506,27,"Philippines",1990,"Middle East","Philippines",TRUE
840,46,-0.6219962,27,"Philippines",1991,"Middle East","Philippines",TRUE
840,47,-0.7122382,26,"Philippines",1992,"Middle East","Philippines",TRUE
840,48,-0.9156296,21,"Philippines",1993,"Middle East","Philippines",TRUE
840,49,-1.000927,19,"Philippines",1994,"Middle East","Philippines",TRUE
840,50,-1.120516,20,"Philippines",1995,"Middle East","Philippines",TRUE
840,51,-1.090276,22,"Philippines",1996,"Middle East","Philippines",TRUE
840,52,-1.049513,22,"Philippines",1997,"Middle East","Philippines",TRUE
840,53,-0.8825508,21,"Philippines",1998,"Middle East","Philippines",TRUE
840,54,-0.8379524,21,"Philippines",1999,"Middle East","Philippines",TRUE
840,55,-0.8146067,22,"Philippines",2000,"Middle East","Philippines",TRUE
840,56,-0.7314427,22,"Philippines",2001,"Middle East","Philippines",TRUE
840,57,-0.7556676,22,"Philippines",2002,"Middle East","Philippines",TRUE
840,58,-0.728502,18,"Philippines",2003,"Middle East","Philippines",TRUE
840,59,-0.2724607,16,"Philippines",2004,"Middle East","Philippines",TRUE
840,60,-0.07154967,15,"Philippines",2005,"Middle East","Philippines",TRUE
840,61,-0.01380175,19,"Philippines",2006,"Middle East","Philippines",TRUE
840,62,0.0163557,15,"Philippines",2007,"Middle East","Philippines",TRUE
840,63,0.04371476,16,"Philippines",2008,"Middle East","Philippines",TRUE
840,64,0.01733114,16,"Philippines",2009,"Middle East","Philippines",TRUE
840,65,0.04638005,16,"Philippines",2010,"Middle East","Philippines",TRUE
840,66,0.02372437,15,"Philippines",2011,"Middle East","Philippines",TRUE
840,67,-0.06609457,16,"Philippines",2012,"Middle East","Philippines",TRUE
840,68,-0.05377955,15,"Philippines",2013,"Middle East","Philippines",TRUE
840,69,-0.1425078,14,"Philippines",2014,"Middle East","Philippines",TRUE
840,70,-0.1503485,14,"Philippines",2015,"Middle East","Philippines",TRUE
840,71,-0.1500555,13,"Philippines",2016,"Middle East","Philippines",TRUE
840,72,-0.06069535,17,"Philippines",2017,"Middle East","Philippines",TRUE
840,73,-0.1578075,16,"Philippines",2018,"Middle East","Philippines",TRUE
840,74,-0.1933849,14,"Philippines",2019,"Middle East","Philippines",TRUE
850,29,-1.015091,9,"Indonesia",1974,"Middle East","Indonesia",TRUE
850,30,-1.046859,9,"Indonesia",1975,"Middle East","Indonesia",TRUE
850,31,-1.104394,12,"Indonesia",1976,"Middle East","Indonesia",TRUE
850,32,-1.052491,13,"Indonesia",1977,"Middle East","Indonesia",TRUE
850,33,-0.9709421,16,"Indonesia",1978,"Middle East","Indonesia",TRUE
850,34,-0.6438833,23,"Indonesia",1979,"Middle East","Indonesia",TRUE
850,35,-0.5884729,22,"Indonesia",1980,"Middle East","Indonesia",TRUE
850,36,-0.6322396,33,"Indonesia",1981,"Middle East","Indonesia",TRUE
850,37,-0.5776694,34,"Indonesia",1982,"Middle East","Indonesia",TRUE
850,38,-0.5433151,36,"Indonesia",1983,"Middle East","Indonesia",TRUE
850,39,-0.475841,33,"Indonesia",1984,"Middle East","Indonesia",TRUE
850,40,-0.4669678,31,"Indonesia",1985,"Middle East","Indonesia",TRUE
850,41,-0.4970795,28,"Indonesia",1986,"Middle East","Indonesia",TRUE
850,42,-0.5522541,30,"Indonesia",1987,"Middle East","Indonesia",TRUE
850,43,-0.5808622,30,"Indonesia",1988,"Middle East","Indonesia",TRUE
850,44,-0.6353736,29,"Indonesia",1989,"Middle East","Indonesia",TRUE
850,45,-0.6478873,27,"Indonesia",1990,"Middle East","Indonesia",TRUE
850,46,-0.656838,28,"Indonesia",1991,"Middle East","Indonesia",TRUE
850,47,-0.7477251,26,"Indonesia",1992,"Middle East","Indonesia",TRUE
850,48,-0.9053034,21,"Indonesia",1993,"Middle East","Indonesia",TRUE
850,49,-1.025778,19,"Indonesia",1994,"Middle East","Indonesia",TRUE
850,50,-1.14815,20,"Indonesia",1995,"Middle East","Indonesia",TRUE
850,51,-1.054217,22,"Indonesia",1996,"Middle East","Indonesia",TRUE
850,52,-1.0602,22,"Indonesia",1997,"Middle East","Indonesia",TRUE
850,53,-0.9615781,21,"Indonesia",1998,"Middle East","Indonesia",TRUE
850,54,-0.8621835,21,"Indonesia",1999,"Middle East","Indonesia",TRUE
850,55,-0.8232023,22,"Indonesia",2000,"Middle East","Indonesia",TRUE
850,56,-0.8038731,22,"Indonesia",2001,"Middle East","Indonesia",TRUE
850,57,-0.7632841,22,"Indonesia",2002,"Middle East","Indonesia",TRUE
850,58,-0.741801,19,"Indonesia",2003,"Middle East","Indonesia",TRUE
850,59,-0.7834607,17,"Indonesia",2004,"Middle East","Indonesia",TRUE
850,60,-0.8023726,15,"Indonesia",2005,"Middle East","Indonesia",TRUE
850,61,-0.7125898,19,"Indonesia",2006,"Middle East","Indonesia",TRUE
850,62,-0.6547271,15,"Indonesia",2007,"Middle East","Indonesia",TRUE
850,63,-0.6474472,16,"Indonesia",2008,"Middle East","Indonesia",TRUE
850,64,-0.6506821,16,"Indonesia",2009,"Middle East","Indonesia",TRUE
850,65,-0.6731183,16,"Indonesia",2010,"Middle East","Indonesia",TRUE
850,66,-0.6875546,15,"Indonesia",2011,"Middle East","Indonesia",TRUE
850,67,-0.6927601,16,"Indonesia",2012,"Middle East","Indonesia",TRUE
850,68,-0.7256581,16,"Indonesia",2013,"Middle East","Indonesia",TRUE
850,69,-0.7500713,15,"Indonesia",2014,"Middle East","Indonesia",TRUE
850,70,-0.7865731,14,"Indonesia",2015,"Middle East","Indonesia",TRUE
850,71,-0.7810908,13,"Indonesia",2016,"Middle East","Indonesia",TRUE
850,72,-0.8110538,17,"Indonesia",2017,"Middle East","Indonesia",TRUE
850,73,-0.7999536,16,"Indonesia",2018,"Middle East","Indonesia",TRUE
850,74,-0.788455,14,"Indonesia",2019,"Middle East","Indonesia",TRUE
2,38,2.504208,8,"United States",1983,"Important Votes","United States",FALSE
2,39,2.440089,8,"United States",1984,"Important Votes","United States",FALSE
2,40,2.309937,9,"United States",1985,"Important Votes","United States",FALSE
2,41,2.171326,10,"United States",1986,"Important Votes","United States",FALSE
2,42,2.451228,9,"United States",1987,"Important Votes","United States",FALSE
2,43,3.02045,6,"United States",1988,"Important Votes","United States",FALSE
2,44,3.392913,14,"United States",1989,"Important Votes","United States",FALSE
2,45,3.325712,8,"United States",1990,"Important Votes","United States",FALSE
2,46,3.262035,10,"United States",1991,"Important Votes","United States",FALSE
2,47,3.345111,16,"United States",1992,"Important Votes","United States",FALSE
2,48,3.279363,13,"United States",1993,"Important Votes","United States",FALSE
2,49,3.459286,15,"United States",1994,"Important Votes","United States",FALSE
2,50,2.992701,28,"United States",1995,"Important Votes","United States",FALSE
2,51,2.978976,11,"United States",1996,"Important Votes","United States",FALSE
2,52,3.019311,11,"United States",1997,"Important Votes","United States",FALSE
2,53,3.09124,10,"United States",1998,"Important Votes","United States",FALSE
2,54,3.466065,13,"United States",1999,"Important Votes","United States",FALSE
2,55,3.372021,10,"United States",2000,"Important Votes","United States",FALSE
2,56,3.188321,10,"United States",2001,"Important Votes","United States",FALSE
2,57,2.992859,13,"United States",2002,"Important Votes","United States",FALSE
2,58,2.859733,13,"United States",2003,"Important Votes","United States",FALSE
2,59,2.62523,8,"United States",2004,"Important Votes","United States",FALSE
2,60,2.523164,10,"United States",2005,"Important Votes","United States",FALSE
2,61,2.367331,12,"United States",2006,"Important Votes","United States",FALSE
2,62,2.271071,12,"United States",2007,"Important Votes","United States",FALSE
2,63,2.144936,12,"United States",2008,"Important Votes","United States",FALSE
2,64,2.134013,12,"United States",2009,"Important Votes","United States",FALSE
2,65,1.93649,13,"United States",2010,"Important Votes","United States",FALSE
2,66,2.196673,10,"United States",2011,"Important Votes","United States",FALSE
2,67,2.368743,8,"United States",2012,"Important Votes","United States",FALSE
2,68,2.4546,11,"United States",2013,"Important Votes","United States",FALSE
2,69,2.363717,13,"United States",2014,"Important Votes","United States",FALSE
2,70,2.429806,13,"United States",2015,"Important Votes","United States",FALSE
2,71,2.25332,13,"United States",2016,"Important Votes","United States",FALSE
2,72,2.51722,17,"United States",2017,"Important Votes","United States",FALSE
2,73,2.667015,16,"United States",2018,"Important Votes","United States",FALSE
710,38,0.01135141,8,"China",1983,"Important Votes","China",FALSE
710,39,-0.03546739,8,"China",1984,"Important Votes","China",FALSE
710,40,0.07718604,8,"China",1985,"Important Votes","China",FALSE
710,41,0.002417654,10,"China",1986,"Important Votes","China",FALSE
710,42,0.1640001,8,"China",1987,"Important Votes","China",FALSE
710,43,0.1968561,5,"China",1988,"Important Votes","China",FALSE
710,44,0.5495436,13,"China",1989,"Important Votes","China",FALSE
710,45,0.06364692,8,"China",1990,"Important Votes","China",FALSE
710,46,-0.4795161,7,"China",1991,"Important Votes","China",FALSE
710,47,-1.388691,15,"China",1992,"Important Votes","China",FALSE
710,48,-1.825468,13,"China",1993,"Important Votes","China",FALSE
710,49,-2.140734,14,"China",1994,"Important Votes","China",FALSE
710,50,-1.668094,28,"China",1995,"Important Votes","China",FALSE
710,51,-1.674213,11,"China",1996,"Important Votes","China",FALSE
710,52,-1.808112,11,"China",1997,"Important Votes","China",FALSE
710,53,-1.503338,10,"China",1998,"Important Votes","China",FALSE
710,54,-1.270411,13,"China",1999,"Important Votes","China",FALSE
710,55,-1.105585,10,"China",2000,"Important Votes","China",FALSE
710,56,-1.156745,10,"China",2001,"Important Votes","China",FALSE
710,57,-1.135653,13,"China",2002,"Important Votes","China",FALSE
710,58,-1.600128,13,"China",2003,"Important Votes","China",FALSE
710,59,-1.590615,8,"China",2004,"Important Votes","China",FALSE
710,60,-0.7293021,9,"China",2005,"Important Votes","China",FALSE
710,61,-1.294494,12,"China",2006,"Important Votes","China",FALSE
710,62,-1.342925,12,"China",2007,"Important Votes","China",FALSE
710,63,-1.39157,12,"China",2008,"Important Votes","China",FALSE
710,64,-1.275397,12,"China",2009,"Important Votes","China",FALSE
710,65,-1.579828,13,"China",2010,"Important Votes","China",FALSE
710,66,-1.49349,10,"China",2011,"Important Votes","China",FALSE
710,67,-1.485178,8,"China",2012,"Important Votes","China",FALSE
710,68,-1.21006,11,"China",2013,"Important Votes","China",FALSE
710,69,-1.629355,13,"China",2014,"Important Votes","China",FALSE
710,70,-1.48665,13,"China",2015,"Important Votes","China",FALSE
710,71,-1.811443,13,"China",2016,"Important Votes","China",FALSE
710,72,-1.814516,17,"China",2017,"Important Votes","China",FALSE
710,73,-2.021882,16,"China",2018,"Important Votes","China",FALSE
775,38,0.1952862,8,"Myanmar (Burma)",1983,"Important Votes","Myanmar",TRUE
775,39,0.5695812,8,"Myanmar (Burma)",1984,"Important Votes","Myanmar",TRUE
775,40,-0.005497652,9,"Myanmar (Burma)",1985,"Important Votes","Myanmar",TRUE
775,41,0.0453398,10,"Myanmar (Burma)",1986,"Important Votes","Myanmar",TRUE
775,42,-0.007700818,9,"Myanmar (Burma)",1987,"Important Votes","Myanmar",TRUE
775,43,-0.1690045,6,"Myanmar (Burma)",1988,"Important Votes","Myanmar",TRUE
775,44,-0.1542548,9,"Myanmar (Burma)",1989,"Important Votes","Myanmar",TRUE
775,45,-0.1403734,8,"Myanmar (Burma)",1990,"Important Votes","Myanmar",TRUE
775,46,-0.5381998,8,"Myanmar (Burma)",1991,"Important Votes","Myanmar",TRUE
775,47,-1.61799,14,"Myanmar (Burma)",1992,"Important Votes","Myanmar",TRUE
775,48,-1.401879,11,"Myanmar (Burma)",1993,"Important Votes","Myanmar",TRUE
775,50,-1.306042,28,"Myanmar (Burma)",1995,"Important Votes","Myanmar",TRUE
775,51,-1.410965,11,"Myanmar (Burma)",1996,"Important Votes","Myanmar",TRUE
775,52,-1.560061,11,"Myanmar (Burma)",1997,"Important Votes","Myanmar",TRUE
775,53,-1.1236,10,"Myanmar (Burma)",1998,"Important Votes","Myanmar",TRUE
775,54,-1.160789,13,"Myanmar (Burma)",1999,"Important Votes","Myanmar",TRUE
775,55,-1.442035,10,"Myanmar (Burma)",2000,"Important Votes","Myanmar",TRUE
775,56,-1.310524,10,"Myanmar (Burma)",2001,"Important Votes","Myanmar",TRUE
775,57,-1.171921,13,"Myanmar (Burma)",2002,"Important Votes","Myanmar",TRUE
775,58,-1.608453,12,"Myanmar (Burma)",2003,"Important Votes","Myanmar",TRUE
775,59,-1.610072,8,"Myanmar (Burma)",2004,"Important Votes","Myanmar",TRUE
775,60,-1.290991,10,"Myanmar (Burma)",2005,"Important Votes","Myanmar",TRUE
775,61,-1.158339,11,"Myanmar (Burma)",2006,"Important Votes","Myanmar",TRUE
775,62,-1.292533,12,"Myanmar (Burma)",2007,"Important Votes","Myanmar",TRUE
775,63,-1.375543,12,"Myanmar (Burma)",2008,"Important Votes","Myanmar",TRUE
775,64,-1.317908,11,"Myanmar (Burma)",2009,"Important Votes","Myanmar",TRUE
775,65,-1.289225,13,"Myanmar (Burma)",2010,"Important Votes","Myanmar",TRUE
775,66,-1.654831,9,"Myanmar (Burma)",2011,"Important Votes","Myanmar",TRUE
775,67,-1.291868,4,"Myanmar (Burma)",2012,"Important Votes","Myanmar",TRUE
775,68,-1.335169,9,"Myanmar (Burma)",2013,"Important Votes","Myanmar",TRUE
775,69,-1.167801,13,"Myanmar (Burma)",2014,"Important Votes","Myanmar",TRUE
775,70,-1.121979,13,"Myanmar (Burma)",2015,"Important Votes","Myanmar",TRUE
775,71,-0.7800369,13,"Myanmar (Burma)",2016,"Important Votes","Myanmar",TRUE
775,72,-0.6300831,10,"Myanmar (Burma)",2017,"Important Votes","Myanmar",TRUE
775,73,-0.8260196,7,"Myanmar (Burma)",2018,"Important Votes","Myanmar",TRUE
800,38,0.395725,8,"Thailand",1983,"Important Votes","Thailand",TRUE
800,39,0.3501657,8,"Thailand",1984,"Important Votes","Thailand",TRUE
800,40,0.2641338,9,"Thailand",1985,"Important Votes","Thailand",TRUE
800,41,0.199163,8,"Thailand",1986,"Important Votes","Thailand",TRUE
800,42,-0.01029288,8,"Thailand",1987,"Important Votes","Thailand",TRUE
800,43,-0.07208417,4,"Thailand",1988,"Important Votes","Thailand",TRUE
800,44,0.1727359,12,"Thailand",1989,"Important Votes","Thailand",TRUE
800,45,0.1602829,7,"Thailand",1990,"Important Votes","Thailand",TRUE
800,46,-0.1265493,10,"Thailand",1991,"Important Votes","Thailand",TRUE
800,47,-0.2813881,16,"Thailand",1992,"Important Votes","Thailand",TRUE
800,48,-0.4921951,13,"Thailand",1993,"Important Votes","Thailand",TRUE
800,49,-0.75872,15,"Thailand",1994,"Important Votes","Thailand",TRUE
800,50,-0.6184357,28,"Thailand",1995,"Important Votes","Thailand",TRUE
800,51,-0.6538424,11,"Thailand",1996,"Important Votes","Thailand",TRUE
800,52,-0.6219372,11,"Thailand",1997,"Important Votes","Thailand",TRUE
800,53,-0.6114404,10,"Thailand",1998,"Important Votes","Thailand",TRUE
800,54,-0.5738593,13,"Thailand",1999,"Important Votes","Thailand",TRUE
800,55,-0.2554361,10,"Thailand",2000,"Important Votes","Thailand",TRUE
800,56,-0.656486,10,"Thailand",2001,"Important Votes","Thailand",TRUE
800,57,-0.665636,13,"Thailand",2002,"Important Votes","Thailand",TRUE
800,58,0.02925592,13,"Thailand",2003,"Important Votes","Thailand",TRUE
800,59,0.3858853,8,"Thailand",2004,"Important Votes","Thailand",TRUE
800,60,0.2284973,10,"Thailand",2005,"Important Votes","Thailand",TRUE
800,61,0.1685258,12,"Thailand",2006,"Important Votes","Thailand",TRUE
800,62,0.1064267,12,"Thailand",2007,"Important Votes","Thailand",TRUE
800,63,0.0232193,12,"Thailand",2008,"Important Votes","Thailand",TRUE
800,64,-0.2304558,12,"Thailand",2009,"Important Votes","Thailand",TRUE
800,65,-0.2557244,13,"Thailand",2010,"Important Votes","Thailand",TRUE
800,66,-0.1297666,10,"Thailand",2011,"Important Votes","Thailand",TRUE
800,67,-0.09261119,8,"Thailand",2012,"Important Votes","Thailand",TRUE
800,68,-0.04919576,11,"Thailand",2013,"Important Votes","Thailand",TRUE
800,69,-0.04813714,13,"Thailand",2014,"Important Votes","Thailand",TRUE
800,70,-0.0446492,13,"Thailand",2015,"Important Votes","Thailand",TRUE
800,71,-0.1040758,13,"Thailand",2016,"Important Votes","Thailand",TRUE
800,72,-0.1328188,17,"Thailand",2017,"Important Votes","Thailand",TRUE
800,73,-0.1079661,16,"Thailand",2018,"Important Votes","Thailand",TRUE
811,38,0.05985564,7,"Cambodia",1983,"Important Votes","Cambodia",TRUE
811,39,0.04589448,7,"Cambodia",1984,"Important Votes","Cambodia",TRUE
811,40,0.1339443,7,"Cambodia",1985,"Important Votes","Cambodia",TRUE
811,41,0.1633228,8,"Cambodia",1986,"Important Votes","Cambodia",TRUE
811,42,0.2923257,7,"Cambodia",1987,"Important Votes","Cambodia",TRUE
811,43,0.2046967,3,"Cambodia",1988,"Important Votes","Cambodia",TRUE
811,44,-0.1997695,9,"Cambodia",1989,"Important Votes","Cambodia",TRUE
811,46,-0.2056906,5,"Cambodia",1991,"Important Votes","Cambodia",TRUE
811,48,-0.3712576,9,"Cambodia",1993,"Important Votes","Cambodia",TRUE
811,49,0.1018583,11,"Cambodia",1994,"Important Votes","Cambodia",TRUE
811,50,-0.1195406,14,"Cambodia",1995,"Important Votes","Cambodia",TRUE
811,51,-0.3065473,11,"Cambodia",1996,"Important Votes","Cambodia",TRUE
811,54,-0.7403733,11,"Cambodia",1999,"Important Votes","Cambodia",TRUE
811,55,-0.7977283,9,"Cambodia",2000,"Important Votes","Cambodia",TRUE
811,56,-0.9420494,9,"Cambodia",2001,"Important Votes","Cambodia",TRUE
811,57,-1.042472,13,"Cambodia",2002,"Important Votes","Cambodia",TRUE
811,58,-0.648391,13,"Cambodia",2003,"Important Votes","Cambodia",TRUE
811,59,-0.5070126,8,"Cambodia",2004,"Important Votes","Cambodia",TRUE
811,60,-0.6853513,9,"Cambodia",2005,"Important Votes","Cambodia",TRUE
811,61,-0.875148,10,"Cambodia",2006,"Important Votes","Cambodia",TRUE
811,62,-0.3641294,10,"Cambodia",2007,"Important Votes","Cambodia",TRUE
811,63,-0.529621,10,"Cambodia",2008,"Important Votes","Cambodia",TRUE
811,64,-0.4778742,11,"Cambodia",2009,"Important Votes","Cambodia",TRUE
811,65,-0.6685605,13,"Cambodia",2010,"Important Votes","Cambodia",TRUE
811,66,-0.5897906,9,"Cambodia",2011,"Important Votes","Cambodia",TRUE
811,67,-0.8043693,7,"Cambodia",2012,"Important Votes","Cambodia",TRUE
811,68,-0.7921217,9,"Cambodia",2013,"Important Votes","Cambodia",TRUE
811,69,-0.7988739,12,"Cambodia",2014,"Important Votes","Cambodia",TRUE
811,70,-0.8264562,12,"Cambodia",2015,"Important Votes","Cambodia",TRUE
811,71,-1.018949,12,"Cambodia",2016,"Important Votes","Cambodia",TRUE
811,72,-0.9464838,17,"Cambodia",2017,"Important Votes","Cambodia",TRUE
811,73,-1.468934,15,"Cambodia",2018,"Important Votes","Cambodia",TRUE
812,38,-2.177023,8,"Laos",1983,"Important Votes","Laos",TRUE
812,39,-2.115436,8,"Laos",1984,"Important Votes","Laos",TRUE
812,40,-2.178418,7,"Laos",1985,"Important Votes","Laos",TRUE
812,41,-2.123903,8,"Laos",1986,"Important Votes","Laos",TRUE
812,42,-2.074692,8,"Laos",1987,"Important Votes","Laos",TRUE
812,43,-2.107613,5,"Laos",1988,"Important Votes","Laos",TRUE
812,44,-1.964505,14,"Laos",1989,"Important Votes","Laos",TRUE
812,45,-1.747793,7,"Laos",1990,"Important Votes","Laos",TRUE
812,46,-1.378494,10,"Laos",1991,"Important Votes","Laos",TRUE
812,47,-1.633425,15,"Laos",1992,"Important Votes","Laos",TRUE
812,48,-1.380203,10,"Laos",1993,"Important Votes","Laos",TRUE
812,49,-1.562334,9,"Laos",1994,"Important Votes","Laos",TRUE
812,50,-1.065539,24,"Laos",1995,"Important Votes","Laos",TRUE
812,51,-0.9513066,9,"Laos",1996,"Important Votes","Laos",TRUE
812,52,-1.144502,10,"Laos",1997,"Important Votes","Laos",TRUE
812,53,-1.166583,9,"Laos",1998,"Important Votes","Laos",TRUE
812,54,-1.271878,13,"Laos",1999,"Important Votes","Laos",TRUE
812,55,-1.284068,10,"Laos",2000,"Important Votes","Laos",TRUE
812,56,-1.270535,10,"Laos",2001,"Important Votes","Laos",TRUE
812,57,-1.159858,9,"Laos",2002,"Important Votes","Laos",TRUE
812,58,-0.6282682,11,"Laos",2003,"Important Votes","Laos",TRUE
812,59,-0.7232429,8,"Laos",2004,"Important Votes","Laos",TRUE
812,60,-0.6228705,9,"Laos",2005,"Important Votes","Laos",TRUE
812,61,-0.7690891,11,"Laos",2006,"Important Votes","Laos",TRUE
812,62,-0.7839096,12,"Laos",2007,"Important Votes","Laos",TRUE
812,63,-0.7238157,12,"Laos",2008,"Important Votes","Laos",TRUE
812,64,-0.6570383,10,"Laos",2009,"Important Votes","Laos",TRUE
812,65,-0.5793251,12,"Laos",2010,"Important Votes","Laos",TRUE
812,66,-0.7117117,9,"Laos",2011,"Important Votes","Laos",TRUE
812,67,-0.6984952,7,"Laos",2012,"Important Votes","Laos",TRUE
812,68,-0.7665477,11,"Laos",2013,"Important Votes","Laos",TRUE
812,69,-0.9279078,11,"Laos",2014,"Important Votes","Laos",TRUE
812,70,-1.20547,11,"Laos",2015,"Important Votes","Laos",TRUE
812,71,-0.8932606,13,"Laos",2016,"Important Votes","Laos",TRUE
812,72,-0.999587,16,"Laos",2017,"Important Votes","Laos",TRUE
812,73,-0.8612981,16,"Laos",2018,"Important Votes","Laos",TRUE
816,38,-2.131643,8,"Vietnam",1983,"Important Votes","Vietnam",TRUE
816,39,-2.147412,8,"Vietnam",1984,"Important Votes","Vietnam",TRUE
816,40,-2.164542,7,"Vietnam",1985,"Important Votes","Vietnam",TRUE
816,41,-2.155835,8,"Vietnam",1986,"Important Votes","Vietnam",TRUE
816,42,-2.052253,8,"Vietnam",1987,"Important Votes","Vietnam",TRUE
816,43,-2.129403,5,"Vietnam",1988,"Important Votes","Vietnam",TRUE
816,44,-1.914872,14,"Vietnam",1989,"Important Votes","Vietnam",TRUE
816,45,-1.804739,7,"Vietnam",1990,"Important Votes","Vietnam",TRUE
816,46,-1.748383,9,"Vietnam",1991,"Important Votes","Vietnam",TRUE
816,47,-1.77151,16,"Vietnam",1992,"Important Votes","Vietnam",TRUE
816,48,-1.91173,13,"Vietnam",1993,"Important Votes","Vietnam",TRUE
816,49,-2.100567,13,"Vietnam",1994,"Important Votes","Vietnam",TRUE
816,50,-1.626201,26,"Vietnam",1995,"Important Votes","Vietnam",TRUE
816,51,-1.606468,9,"Vietnam",1996,"Important Votes","Vietnam",TRUE
816,52,-1.790374,9,"Vietnam",1997,"Important Votes","Vietnam",TRUE
816,53,-1.713231,8,"Vietnam",1998,"Important Votes","Vietnam",TRUE
816,54,-1.693844,11,"Vietnam",1999,"Important Votes","Vietnam",TRUE
816,55,-1.544171,10,"Vietnam",2000,"Important Votes","Vietnam",TRUE
816,56,-1.403011,9,"Vietnam",2001,"Important Votes","Vietnam",TRUE
816,57,-1.496845,12,"Vietnam",2002,"Important Votes","Vietnam",TRUE
816,58,-1.729389,9,"Vietnam",2003,"Important Votes","Vietnam",TRUE
816,59,-1.684999,8,"Vietnam",2004,"Important Votes","Vietnam",TRUE
816,60,-1.424861,9,"Vietnam",2005,"Important Votes","Vietnam",TRUE
816,61,-1.494869,11,"Vietnam",2006,"Important Votes","Vietnam",TRUE
816,62,-1.380785,12,"Vietnam",2007,"Important Votes","Vietnam",TRUE
816,63,-1.314493,12,"Vietnam",2008,"Important Votes","Vietnam",TRUE
816,64,-1.224288,12,"Vietnam",2009,"Important Votes","Vietnam",TRUE
816,65,-1.211351,12,"Vietnam",2010,"Important Votes","Vietnam",TRUE
816,66,-1.328911,10,"Vietnam",2011,"Important Votes","Vietnam",TRUE
816,67,-1.285302,7,"Vietnam",2012,"Important Votes","Vietnam",TRUE
816,68,-1.082855,9,"Vietnam",2013,"Important Votes","Vietnam",TRUE
816,69,-1.109588,12,"Vietnam",2014,"Important Votes","Vietnam",TRUE
816,70,-1.209583,11,"Vietnam",2015,"Important Votes","Vietnam",TRUE
816,71,-0.9890041,12,"Vietnam",2016,"Important Votes","Vietnam",TRUE
816,72,-0.9586942,17,"Vietnam",2017,"Important Votes","Vietnam",TRUE
816,73,-0.95913,16,"Vietnam",2018,"Important Votes","Vietnam",TRUE
820,38,0.0377648,8,"Malaysia",1983,"Important Votes","Malaysia",TRUE
820,39,-0.05094306,8,"Malaysia",1984,"Important Votes","Malaysia",TRUE
820,40,-0.004991671,9,"Malaysia",1985,"Important Votes","Malaysia",TRUE
820,41,0.03013217,10,"Malaysia",1986,"Important Votes","Malaysia",TRUE
820,42,-0.06081223,9,"Malaysia",1987,"Important Votes","Malaysia",TRUE
820,43,-0.2557585,6,"Malaysia",1988,"Important Votes","Malaysia",TRUE
820,44,-0.3319993,14,"Malaysia",1989,"Important Votes","Malaysia",TRUE
820,45,-0.5088955,8,"Malaysia",1990,"Important Votes","Malaysia",TRUE
820,46,-1.311292,10,"Malaysia",1991,"Important Votes","Malaysia",TRUE
820,47,-1.388022,16,"Malaysia",1992,"Important Votes","Malaysia",TRUE
820,48,-1.344752,13,"Malaysia",1993,"Important Votes","Malaysia",TRUE
820,49,-1.124445,15,"Malaysia",1994,"Important Votes","Malaysia",TRUE
820,50,-0.802282,28,"Malaysia",1995,"Important Votes","Malaysia",TRUE
820,51,-0.857246,11,"Malaysia",1996,"Important Votes","Malaysia",TRUE
820,52,-0.9268007,11,"Malaysia",1997,"Important Votes","Malaysia",TRUE
820,53,-0.9312479,10,"Malaysia",1998,"Important Votes","Malaysia",TRUE
820,54,-0.9555441,13,"Malaysia",1999,"Important Votes","Malaysia",TRUE
820,55,-1.174405,10,"Malaysia",2000,"Important Votes","Malaysia",TRUE
820,56,-1.218897,10,"Malaysia",2001,"Important Votes","Malaysia",TRUE
820,57,-1.155732,13,"Malaysia",2002,"Important Votes","Malaysia",TRUE
820,58,-1.11547,13,"Malaysia",2003,"Important Votes","Malaysia",TRUE
820,59,-1.058647,8,"Malaysia",2004,"Important Votes","Malaysia",TRUE
820,60,-1.043127,10,"Malaysia",2005,"Important Votes","Malaysia",TRUE
820,61,-1.119802,12,"Malaysia",2006,"Important Votes","Malaysia",TRUE
820,62,-1.418971,12,"Malaysia",2007,"Important Votes","Malaysia",TRUE
820,63,-1.408765,12,"Malaysia",2008,"Important Votes","Malaysia",TRUE
820,64,-1.449015,12,"Malaysia",2009,"Important Votes","Malaysia",TRUE
820,65,-1.350284,13,"Malaysia",2010,"Important Votes","Malaysia",TRUE
820,66,-0.8286607,10,"Malaysia",2011,"Important Votes","Malaysia",TRUE
820,67,-0.7209948,8,"Malaysia",2012,"Important Votes","Malaysia",TRUE
820,68,-0.4982043,11,"Malaysia",2013,"Important Votes","Malaysia",TRUE
820,69,-0.6452148,13,"Malaysia",2014,"Important Votes","Malaysia",TRUE
820,70,-0.6329548,13,"Malaysia",2015,"Important Votes","Malaysia",TRUE
820,71,-0.3017044,13,"Malaysia",2016,"Important Votes","Malaysia",TRUE
820,72,-0.4385166,17,"Malaysia",2017,"Important Votes","Malaysia",TRUE
820,73,-0.4703478,16,"Malaysia",2018,"Important Votes","Malaysia",TRUE
830,38,0.3816183,8,"Singapore",1983,"Important Votes","Singapore",TRUE
830,39,0.3475978,8,"Singapore",1984,"Important Votes","Singapore",TRUE
830,40,0.2645956,9,"Singapore",1985,"Important Votes","Singapore",TRUE
830,41,0.2061332,8,"Singapore",1986,"Important Votes","Singapore",TRUE
830,42,0.3117664,9,"Singapore",1987,"Important Votes","Singapore",TRUE
830,43,0.1464926,4,"Singapore",1988,"Important Votes","Singapore",TRUE
830,44,0.2744838,13,"Singapore",1989,"Important Votes","Singapore",TRUE
830,45,0.2857214,8,"Singapore",1990,"Important Votes","Singapore",TRUE
830,46,-0.05728488,10,"Singapore",1991,"Important Votes","Singapore",TRUE
830,47,0.126259,16,"Singapore",1992,"Important Votes","Singapore",TRUE
830,48,0.2783514,13,"Singapore",1993,"Important Votes","Singapore",TRUE
830,49,0.1897314,15,"Singapore",1994,"Important Votes","Singapore",TRUE
830,50,-0.1065888,28,"Singapore",1995,"Important Votes","Singapore",TRUE
830,51,-0.2886211,11,"Singapore",1996,"Important Votes","Singapore",TRUE
830,52,-0.5514246,11,"Singapore",1997,"Important Votes","Singapore",TRUE
830,53,-0.6353176,10,"Singapore",1998,"Important Votes","Singapore",TRUE
830,54,-0.7400932,13,"Singapore",1999,"Important Votes","Singapore",TRUE
830,55,-0.2370234,10,"Singapore",2000,"Important Votes","Singapore",TRUE
830,56,-0.3057244,10,"Singapore",2001,"Important Votes","Singapore",TRUE
830,57,-0.2537858,13,"Singapore",2002,"Important Votes","Singapore",TRUE
830,58,-0.2441699,13,"Singapore",2003,"Important Votes","Singapore",TRUE
830,59,-0.3988965,8,"Singapore",2004,"Important Votes","Singapore",TRUE
830,60,-0.5443368,10,"Singapore",2005,"Important Votes","Singapore",TRUE
830,61,-0.4640055,12,"Singapore",2006,"Important Votes","Singapore",TRUE
830,62,-0.432991,12,"Singapore",2007,"Important Votes","Singapore",TRUE
830,63,-0.4908613,12,"Singapore",2008,"Important Votes","Singapore",TRUE
830,64,-0.4933072,12,"Singapore",2009,"Important Votes","Singapore",TRUE
830,65,-0.5597991,13,"Singapore",2010,"Important Votes","Singapore",TRUE
830,66,-0.732875,10,"Singapore",2011,"Important Votes","Singapore",TRUE
830,67,-0.4174266,8,"Singapore",2012,"Important Votes","Singapore",TRUE
830,68,-0.526924,11,"Singapore",2013,"Important Votes","Singapore",TRUE
830,69,-0.5734424,13,"Singapore",2014,"Important Votes","Singapore",TRUE
830,70,-0.6165871,13,"Singapore",2015,"Important Votes","Singapore",TRUE
830,71,-0.5133506,13,"Singapore",2016,"Important Votes","Singapore",TRUE
830,72,-0.6059711,17,"Singapore",2017,"Important Votes","Singapore",TRUE
830,73,-0.6010982,16,"Singapore",2018,"Important Votes","Singapore",TRUE
835,39,-0.0499933,8,"Brunei",1984,"Important Votes","Brunei",TRUE
835,40,0.07598724,9,"Brunei",1985,"Important Votes","Brunei",TRUE
835,41,0.07332912,10,"Brunei",1986,"Important Votes","Brunei",TRUE
835,42,0.1684867,9,"Brunei",1987,"Important Votes","Brunei",TRUE
835,43,0.1001215,6,"Brunei",1988,"Important Votes","Brunei",TRUE
835,44,0.137277,14,"Brunei",1989,"Important Votes","Brunei",TRUE
835,45,-0.06349863,7,"Brunei",1990,"Important Votes","Brunei",TRUE
835,46,-0.6911773,9,"Brunei",1991,"Important Votes","Brunei",TRUE
835,47,-0.8476084,15,"Brunei",1992,"Important Votes","Brunei",TRUE
835,48,-0.9523052,12,"Brunei",1993,"Important Votes","Brunei",TRUE
835,49,-0.9522622,14,"Brunei",1994,"Important Votes","Brunei",TRUE
835,50,-0.9421772,28,"Brunei",1995,"Important Votes","Brunei",TRUE
835,51,-0.7454198,11,"Brunei",1996,"Important Votes","Brunei",TRUE
835,52,-1.037646,11,"Brunei",1997,"Important Votes","Brunei",TRUE
835,53,-1.008675,10,"Brunei",1998,"Important Votes","Brunei",TRUE
835,54,-0.9717485,13,"Brunei",1999,"Important Votes","Brunei",TRUE
835,55,-1.324645,10,"Brunei",2000,"Important Votes","Brunei",TRUE
835,56,-1.250981,10,"Brunei",2001,"Important Votes","Brunei",TRUE
835,57,-1.183168,13,"Brunei",2002,"Important Votes","Brunei",TRUE
835,58,-1.363595,13,"Brunei",2003,"Important Votes","Brunei",TRUE
835,59,-1.17623,8,"Brunei",2004,"Important Votes","Brunei",TRUE
835,60,-1.093231,10,"Brunei",2005,"Important Votes","Brunei",TRUE
835,61,-0.8885234,12,"Brunei",2006,"Important Votes","Brunei",TRUE
835,62,-0.4793443,12,"Brunei",2007,"Important Votes","Brunei",TRUE
835,63,-0.6963326,12,"Brunei",2008,"Important Votes","Brunei",TRUE
835,64,-0.9910817,12,"Brunei",2009,"Important Votes","Brunei",TRUE
835,65,-0.9752126,13,"Brunei",2010,"Important Votes","Brunei",TRUE
835,66,-1.025817,10,"Brunei",2011,"Important Votes","Brunei",TRUE
835,67,-0.9652026,8,"Brunei",2012,"Important Votes","Brunei",TRUE
835,68,-1.028569,11,"Brunei",2013,"Important Votes","Brunei",TRUE
835,69,-1.108694,13,"Brunei",2014,"Important Votes","Brunei",TRUE
835,70,-1.03093,13,"Brunei",2015,"Important Votes","Brunei",TRUE
835,71,-0.7583802,13,"Brunei",2016,"Important Votes","Brunei",TRUE
835,72,-0.909303,17,"Brunei",2017,"Important Votes","Brunei",TRUE
835,73,-0.8912369,15,"Brunei",2018,"Important Votes","Brunei",TRUE
840,38,0.4994162,8,"Philippines",1983,"Important Votes","Philippines",TRUE
840,39,0.384292,8,"Philippines",1984,"Important Votes","Philippines",TRUE
840,40,0.2749782,9,"Philippines",1985,"Important Votes","Philippines",TRUE
840,41,0.267541,10,"Philippines",1986,"Important Votes","Philippines",TRUE
840,42,0.3471392,9,"Philippines",1987,"Important Votes","Philippines",TRUE
840,43,0.4248888,6,"Philippines",1988,"Important Votes","Philippines",TRUE
840,44,0.1958638,14,"Philippines",1989,"Important Votes","Philippines",TRUE
840,45,-0.1771352,8,"Philippines",1990,"Important Votes","Philippines",TRUE
840,46,-0.5230845,10,"Philippines",1991,"Important Votes","Philippines",TRUE
840,47,-0.8966343,16,"Philippines",1992,"Important Votes","Philippines",TRUE
840,48,-1.111784,13,"Philippines",1993,"Important Votes","Philippines",TRUE
840,49,-0.9609737,15,"Philippines",1994,"Important Votes","Philippines",TRUE
840,50,-0.5337751,28,"Philippines",1995,"Important Votes","Philippines",TRUE
840,51,-0.5663145,10,"Philippines",1996,"Important Votes","Philippines",TRUE
840,52,-0.8795971,11,"Philippines",1997,"Important Votes","Philippines",TRUE
840,53,-1.010956,10,"Philippines",1998,"Important Votes","Philippines",TRUE
840,54,-0.9397624,11,"Philippines",1999,"Important Votes","Philippines",TRUE
840,55,-0.7758582,10,"Philippines",2000,"Important Votes","Philippines",TRUE
840,56,-0.6210965,10,"Philippines",2001,"Important Votes","Philippines",TRUE
840,57,-0.6293504,13,"Philippines",2002,"Important Votes","Philippines",TRUE
840,58,-0.6718832,13,"Philippines",2003,"Important Votes","Philippines",TRUE
840,59,-0.2402985,8,"Philippines",2004,"Important Votes","Philippines",TRUE
840,60,-0.2247224,10,"Philippines",2005,"Important Votes","Philippines",TRUE
840,61,-0.1473264,12,"Philippines",2006,"Important Votes","Philippines",TRUE
840,62,-0.2119129,12,"Philippines",2007,"Important Votes","Philippines",TRUE
840,63,-0.2387948,12,"Philippines",2008,"Important Votes","Philippines",TRUE
840,64,-0.262188,11,"Philippines",2009,"Important Votes","Philippines",TRUE
840,65,-0.2249841,13,"Philippines",2010,"Important Votes","Philippines",TRUE
840,66,-0.2073458,10,"Philippines",2011,"Important Votes","Philippines",TRUE
840,67,-0.192416,8,"Philippines",2012,"Important Votes","Philippines",TRUE
840,68,-0.210162,11,"Philippines",2013,"Important Votes","Philippines",TRUE
840,69,-0.1684867,13,"Philippines",2014,"Important Votes","Philippines",TRUE
840,70,-0.1683234,13,"Philippines",2015,"Important Votes","Philippines",TRUE
840,71,-0.6320737,13,"Philippines",2016,"Important Votes","Philippines",TRUE
840,72,-0.4346881,17,"Philippines",2017,"Important Votes","Philippines",TRUE
840,73,-0.3302138,16,"Philippines",2018,"Important Votes","Philippines",TRUE
850,38,0.04956814,8,"Indonesia",1983,"Important Votes","Indonesia",TRUE
850,39,0.01611332,8,"Indonesia",1984,"Important Votes","Indonesia",TRUE
850,40,-0.1014516,8,"Indonesia",1985,"Important Votes","Indonesia",TRUE
850,41,-0.1583158,9,"Indonesia",1986,"Important Votes","Indonesia",TRUE
850,42,-0.3703611,8,"Indonesia",1987,"Important Votes","Indonesia",TRUE
850,43,-0.5620346,6,"Indonesia",1988,"Important Votes","Indonesia",TRUE
850,44,-0.6157329,14,"Indonesia",1989,"Important Votes","Indonesia",TRUE
850,45,-0.7237296,8,"Indonesia",1990,"Important Votes","Indonesia",TRUE
850,46,-1.190312,9,"Indonesia",1991,"Important Votes","Indonesia",TRUE
850,47,-1.249875,16,"Indonesia",1992,"Important Votes","Indonesia",TRUE
850,48,-1.50033,13,"Indonesia",1993,"Important Votes","Indonesia",TRUE
850,49,-1.599264,15,"Indonesia",1994,"Important Votes","Indonesia",TRUE
850,50,-1.178315,28,"Indonesia",1995,"Important Votes","Indonesia",TRUE
850,51,-1.37731,11,"Indonesia",1996,"Important Votes","Indonesia",TRUE
850,52,-1.404639,11,"Indonesia",1997,"Important Votes","Indonesia",TRUE
850,53,-1.160968,10,"Indonesia",1998,"Important Votes","Indonesia",TRUE
850,54,-1.022101,13,"Indonesia",1999,"Important Votes","Indonesia",TRUE
850,55,-1.055566,10,"Indonesia",2000,"Important Votes","Indonesia",TRUE
850,56,-1.143215,10,"Indonesia",2001,"Important Votes","Indonesia",TRUE
850,57,-1.097083,13,"Indonesia",2002,"Important Votes","Indonesia",TRUE
850,58,-0.9996436,13,"Indonesia",2003,"Important Votes","Indonesia",TRUE
850,59,-0.9686712,8,"Indonesia",2004,"Important Votes","Indonesia",TRUE
850,60,-1.164341,10,"Indonesia",2005,"Important Votes","Indonesia",TRUE
850,61,-1.402603,12,"Indonesia",2006,"Important Votes","Indonesia",TRUE
850,62,-1.17299,12,"Indonesia",2007,"Important Votes","Indonesia",TRUE
850,63,-1.008301,12,"Indonesia",2008,"Important Votes","Indonesia",TRUE
850,64,-1.15194,12,"Indonesia",2009,"Important Votes","Indonesia",TRUE
850,65,-1.153071,13,"Indonesia",2010,"Important Votes","Indonesia",TRUE
850,66,-0.7003075,10,"Indonesia",2011,"Important Votes","Indonesia",TRUE
850,67,-0.6583269,8,"Indonesia",2012,"Important Votes","Indonesia",TRUE
850,68,-1.014588,11,"Indonesia",2013,"Important Votes","Indonesia",TRUE
850,69,-1.106311,13,"Indonesia",2014,"Important Votes","Indonesia",TRUE
850,70,-1.141816,13,"Indonesia",2015,"Important Votes","Indonesia",TRUE
850,71,-0.74096,13,"Indonesia",2016,"Important Votes","Indonesia",TRUE
850,72,-0.9346489,17,"Indonesia",2017,"Important Votes","Indonesia",TRUE
850,73,-0.9558749,16,"Indonesia",2018,"Important Votes","Indonesia",TRUE
2,22,2.412595,53,"United States",1967,"Non-Nuclear","United States",FALSE
2,23,2.298023,47,"United States",1968,"Non-Nuclear","United States",FALSE
2,24,2.110631,41,"United States",1969,"Non-Nuclear","United States",FALSE
2,25,2.138307,64,"United States",1970,"Non-Nuclear","United States",FALSE
2,26,1.771414,114,"United States",1971,"Non-Nuclear","United States",FALSE
2,27,2.173104,92,"United States",1972,"Non-Nuclear","United States",FALSE
2,28,2.217385,86,"United States",1973,"Non-Nuclear","United States",FALSE
2,29,2.167212,62,"United States",1974,"Non-Nuclear","United States",FALSE
2,30,2.501608,58,"United States",1975,"Non-Nuclear","United States",FALSE
2,31,2.785702,76,"United States",1976,"Non-Nuclear","United States",FALSE
2,32,2.320957,81,"United States",1977,"Non-Nuclear","United States",FALSE
2,33,2.245043,107,"United States",1978,"Non-Nuclear","United States",FALSE
2,34,2.297626,105,"United States",1979,"Non-Nuclear","United States",FALSE
2,35,2.369428,86,"United States",1980,"Non-Nuclear","United States",FALSE
2,36,2.702694,115,"United States",1981,"Non-Nuclear","United States",FALSE
2,37,2.630828,132,"United States",1982,"Non-Nuclear","United States",FALSE
2,38,2.577447,117,"United States",1983,"Non-Nuclear","United States",FALSE
2,39,2.760373,126,"United States",1984,"Non-Nuclear","United States",FALSE
2,40,2.773443,127,"United States",1985,"Non-Nuclear","United States",FALSE
2,41,2.940705,127,"United States",1986,"Non-Nuclear","United States",FALSE
2,42,3.031489,121,"United States",1987,"Non-Nuclear","United States",FALSE
2,43,3.013705,112,"United States",1988,"Non-Nuclear","United States",FALSE
2,44,3.136412,94,"United States",1989,"Non-Nuclear","United States",FALSE
2,45,3.048921,67,"United States",1990,"Non-Nuclear","United States",FALSE
2,46,2.959138,61,"United States",1991,"Non-Nuclear","United States",FALSE
2,47,2.943147,64,"United States",1992,"Non-Nuclear","United States",FALSE
2,48,2.923423,59,"United States",1993,"Non-Nuclear","United States",FALSE
2,49,3.07938,58,"United States",1994,"Non-Nuclear","United States",FALSE
2,50,3.284506,69,"United States",1995,"Non-Nuclear","United States",FALSE
2,51,3.406155,63,"United States",1996,"Non-Nuclear","United States",FALSE
2,52,3.260079,63,"United States",1997,"Non-Nuclear","United States",FALSE
2,53,3.009997,53,"United States",1998,"Non-Nuclear","United States",FALSE
2,54,2.815928,58,"United States",1999,"Non-Nuclear","United States",FALSE
2,55,2.791143,56,"United States",2000,"Non-Nuclear","United States",FALSE
2,56,2.776079,59,"United States",2001,"Non-Nuclear","United States",FALSE
2,57,2.879599,61,"United States",2002,"Non-Nuclear","United States",FALSE
2,58,3.075062,65,"United States",2003,"Non-Nuclear","United States",FALSE
2,59,2.95537,60,"United States",2004,"Non-Nuclear","United States",FALSE
2,60,2.993309,63,"United States",2005,"Non-Nuclear","United States",FALSE
2,61,2.803737,79,"United States",2006,"Non-Nuclear","United States",FALSE
2,62,2.721347,67,"United States",2007,"Non-Nuclear","United States",FALSE
2,63,2.697073,63,"United States",2008,"Non-Nuclear","United States",FALSE
2,64,2.547983,55,"United States",2009,"Non-Nuclear","United States",FALSE
2,65,2.496517,54,"United States",2010,"Non-Nuclear","United States",FALSE
2,66,2.517181,56,"United States",2011,"Non-Nuclear","United States",FALSE
2,67,2.594647,54,"United States",2012,"Non-Nuclear","United States",FALSE
2,68,2.760444,52,"United States",2013,"Non-Nuclear","United States",FALSE
2,69,2.720512,65,"United States",2014,"Non-Nuclear","United States",FALSE
2,70,2.607562,54,"United States",2015,"Non-Nuclear","United States",FALSE
2,71,2.582056,60,"United States",2016,"Non-Nuclear","United States",FALSE
2,72,2.718879,74,"United States",2017,"Non-Nuclear","United States",FALSE
2,73,2.876313,79,"United States",2018,"Non-Nuclear","United States",FALSE
2,74,2.779945,74,"United States",2019,"Non-Nuclear","United States",FALSE
710,26,-0.874594,43,"China",1971,"Non-Nuclear","China",FALSE
710,27,-0.8152633,73,"China",1972,"Non-Nuclear","China",FALSE
710,28,-0.5512493,67,"China",1973,"Non-Nuclear","China",FALSE
710,29,-0.806259,47,"China",1974,"Non-Nuclear","China",FALSE
710,30,-0.331507,40,"China",1975,"Non-Nuclear","China",FALSE
710,31,-1.13053,61,"China",1976,"Non-Nuclear","China",FALSE
710,32,-0.8797116,56,"China",1977,"Non-Nuclear","China",FALSE
710,33,-0.3355613,77,"China",1978,"Non-Nuclear","China",FALSE
710,34,-0.07855172,89,"China",1979,"Non-Nuclear","China",FALSE
710,35,0.01412094,73,"China",1980,"Non-Nuclear","China",FALSE
710,36,-0.04049149,105,"China",1981,"Non-Nuclear","China",FALSE
710,37,0.03060733,123,"China",1982,"Non-Nuclear","China",FALSE
710,38,-0.1096046,111,"China",1983,"Non-Nuclear","China",FALSE
710,39,-0.02008337,123,"China",1984,"Non-Nuclear","China",FALSE
710,40,-0.02193362,127,"China",1985,"Non-Nuclear","China",FALSE
710,41,0.008668966,127,"China",1986,"Non-Nuclear","China",FALSE
710,42,-0.0538274,119,"China",1987,"Non-Nuclear","China",FALSE
710,43,-0.2483772,111,"China",1988,"Non-Nuclear","China",FALSE
710,44,-0.3130107,93,"China",1989,"Non-Nuclear","China",FALSE
710,45,-0.6756167,68,"China",1990,"Non-Nuclear","China",FALSE
710,46,-0.901679,60,"China",1991,"Non-Nuclear","China",FALSE
710,47,-1.373362,62,"China",1992,"Non-Nuclear","China",FALSE
710,48,-1.538445,58,"China",1993,"Non-Nuclear","China",FALSE
710,49,-1.687723,58,"China",1994,"Non-Nuclear","China",FALSE
710,50,-1.643561,67,"China",1995,"Non-Nuclear","China",FALSE
710,51,-1.369822,63,"China",1996,"Non-Nuclear","China",FALSE
710,52,-1.210441,62,"China",1997,"Non-Nuclear","China",FALSE
710,53,-1.116003,51,"China",1998,"Non-Nuclear","China",FALSE
710,54,-1.231821,58,"China",1999,"Non-Nuclear","China",FALSE
710,55,-1.4214,56,"China",2000,"Non-Nuclear","China",FALSE
710,56,-1.225334,58,"China",2001,"Non-Nuclear","China",FALSE
710,57,-1.178515,60,"China",2002,"Non-Nuclear","China",FALSE
710,58,-1.499709,65,"China",2003,"Non-Nuclear","China",FALSE
710,59,-1.344689,59,"China",2004,"Non-Nuclear","China",FALSE
710,60,-1.352246,63,"China",2005,"Non-Nuclear","China",FALSE
710,61,-1.236102,77,"China",2006,"Non-Nuclear","China",FALSE
710,62,-1.263166,66,"China",2007,"Non-Nuclear","China",FALSE
710,63,-1.336076,61,"China",2008,"Non-Nuclear","China",FALSE
710,64,-1.2312,55,"China",2009,"Non-Nuclear","China",FALSE
710,65,-1.473132,54,"China",2010,"Non-Nuclear","China",FALSE
710,66,-1.266392,56,"China",2011,"Non-Nuclear","China",FALSE
710,67,-1.403848,53,"China",2012,"Non-Nuclear","China",FALSE
710,68,-1.115805,52,"China",2013,"Non-Nuclear","China",FALSE
710,69,-1.343422,64,"China",2014,"Non-Nuclear","China",FALSE
710,70,-1.561699,53,"China",2015,"Non-Nuclear","China",FALSE
710,71,-1.618711,59,"China",2016,"Non-Nuclear","China",FALSE
710,72,-1.787184,74,"China",2017,"Non-Nuclear","China",FALSE
710,73,-1.774517,77,"China",2018,"Non-Nuclear","China",FALSE
710,74,-1.687587,72,"China",2019,"Non-Nuclear","China",FALSE
775,22,-0.3474991,51,"Myanmar (Burma)",1967,"Non-Nuclear","Myanmar",TRUE
775,23,-0.3511134,38,"Myanmar (Burma)",1968,"Non-Nuclear","Myanmar",TRUE
775,24,-0.1234877,41,"Myanmar (Burma)",1969,"Non-Nuclear","Myanmar",TRUE
775,25,0.1432594,59,"Myanmar (Burma)",1970,"Non-Nuclear","Myanmar",TRUE
775,26,-0.2573515,112,"Myanmar (Burma)",1971,"Non-Nuclear","Myanmar",TRUE
775,27,-0.1221626,93,"Myanmar (Burma)",1972,"Non-Nuclear","Myanmar",TRUE
775,28,-0.005117875,86,"Myanmar (Burma)",1973,"Non-Nuclear","Myanmar",TRUE
775,29,0.01686028,61,"Myanmar (Burma)",1974,"Non-Nuclear","Myanmar",TRUE
775,30,-0.07015759,56,"Myanmar (Burma)",1975,"Non-Nuclear","Myanmar",TRUE
775,31,-0.3827756,69,"Myanmar (Burma)",1976,"Non-Nuclear","Myanmar",TRUE
775,32,-0.512027,82,"Myanmar (Burma)",1977,"Non-Nuclear","Myanmar",TRUE
775,33,0.1310336,110,"Myanmar (Burma)",1978,"Non-Nuclear","Myanmar",TRUE
775,34,0.3456661,106,"Myanmar (Burma)",1979,"Non-Nuclear","Myanmar",TRUE
775,35,0.4355419,86,"Myanmar (Burma)",1980,"Non-Nuclear","Myanmar",TRUE
775,36,0.2081372,112,"Myanmar (Burma)",1981,"Non-Nuclear","Myanmar",TRUE
775,37,0.2961153,126,"Myanmar (Burma)",1982,"Non-Nuclear","Myanmar",TRUE
775,38,0.1998776,111,"Myanmar (Burma)",1983,"Non-Nuclear","Myanmar",TRUE
775,39,0.06183257,122,"Myanmar (Burma)",1984,"Non-Nuclear","Myanmar",TRUE
775,40,-0.1849441,126,"Myanmar (Burma)",1985,"Non-Nuclear","Myanmar",TRUE
775,41,0.002834397,128,"Myanmar (Burma)",1986,"Non-Nuclear","Myanmar",TRUE
775,42,-0.1639844,120,"Myanmar (Burma)",1987,"Non-Nuclear","Myanmar",TRUE
775,43,-0.2007258,113,"Myanmar (Burma)",1988,"Non-Nuclear","Myanmar",TRUE
775,44,-0.3390507,75,"Myanmar (Burma)",1989,"Non-Nuclear","Myanmar",TRUE
775,45,-0.5239642,69,"Myanmar (Burma)",1990,"Non-Nuclear","Myanmar",TRUE
775,46,-0.6648693,62,"Myanmar (Burma)",1991,"Non-Nuclear","Myanmar",TRUE
775,47,-1.362997,63,"Myanmar (Burma)",1992,"Non-Nuclear","Myanmar",TRUE
775,48,-1.444821,55,"Myanmar (Burma)",1993,"Non-Nuclear","Myanmar",TRUE
775,49,-1.4317,4,"Myanmar (Burma)",1994,"Non-Nuclear","Myanmar",TRUE
775,50,-1.575003,68,"Myanmar (Burma)",1995,"Non-Nuclear","Myanmar",TRUE
775,51,-1.620928,61,"Myanmar (Burma)",1996,"Non-Nuclear","Myanmar",TRUE
775,52,-1.514137,63,"Myanmar (Burma)",1997,"Non-Nuclear","Myanmar",TRUE
775,53,-1.306202,53,"Myanmar (Burma)",1998,"Non-Nuclear","Myanmar",TRUE
775,54,-1.532864,58,"Myanmar (Burma)",1999,"Non-Nuclear","Myanmar",TRUE
775,55,-1.436489,56,"Myanmar (Burma)",2000,"Non-Nuclear","Myanmar",TRUE
775,56,-1.466867,58,"Myanmar (Burma)",2001,"Non-Nuclear","Myanmar",TRUE
775,57,-1.332869,60,"Myanmar (Burma)",2002,"Non-Nuclear","Myanmar",TRUE
775,58,-1.55841,64,"Myanmar (Burma)",2003,"Non-Nuclear","Myanmar",TRUE
775,59,-1.382833,59,"Myanmar (Burma)",2004,"Non-Nuclear","Myanmar",TRUE
775,60,-1.12371,62,"Myanmar (Burma)",2005,"Non-Nuclear","Myanmar",TRUE
775,61,-1.223098,77,"Myanmar (Burma)",2006,"Non-Nuclear","Myanmar",TRUE
775,62,-1.247619,67,"Myanmar (Burma)",2007,"Non-Nuclear","Myanmar",TRUE
775,63,-1.366608,63,"Myanmar (Burma)",2008,"Non-Nuclear","Myanmar",TRUE
775,64,-1.358047,49,"Myanmar (Burma)",2009,"Non-Nuclear","Myanmar",TRUE
775,65,-1.42079,54,"Myanmar (Burma)",2010,"Non-Nuclear","Myanmar",TRUE
775,66,-1.461352,42,"Myanmar (Burma)",2011,"Non-Nuclear","Myanmar",TRUE
775,67,-1.013518,46,"Myanmar (Burma)",2012,"Non-Nuclear","Myanmar",TRUE
775,68,-1.269247,49,"Myanmar (Burma)",2013,"Non-Nuclear","Myanmar",TRUE
775,69,-1.006428,65,"Myanmar (Burma)",2014,"Non-Nuclear","Myanmar",TRUE
775,70,-1.148746,54,"Myanmar (Burma)",2015,"Non-Nuclear","Myanmar",TRUE
775,71,-0.8001483,59,"Myanmar (Burma)",2016,"Non-Nuclear","Myanmar",TRUE
775,72,-0.8596733,54,"Myanmar (Burma)",2017,"Non-Nuclear","Myanmar",TRUE
775,73,-1.032362,57,"Myanmar (Burma)",2018,"Non-Nuclear","Myanmar",TRUE
775,74,-0.977936,55,"Myanmar (Burma)",2019,"Non-Nuclear","Myanmar",TRUE
800,22,0.3147355,53,"Thailand",1967,"Non-Nuclear","Thailand",TRUE
800,23,0.4872418,47,"Thailand",1968,"Non-Nuclear","Thailand",TRUE
800,24,0.4785297,41,"Thailand",1969,"Non-Nuclear","Thailand",TRUE
800,25,0.6297724,62,"Thailand",1970,"Non-Nuclear","Thailand",TRUE
800,26,0.4654422,112,"Thailand",1971,"Non-Nuclear","Thailand",TRUE
800,27,0.3916124,92,"Thailand",1972,"Non-Nuclear","Thailand",TRUE
800,28,0.1742128,83,"Thailand",1973,"Non-Nuclear","Thailand",TRUE
800,29,0.3433598,62,"Thailand",1974,"Non-Nuclear","Thailand",TRUE
800,30,0.2260896,58,"Thailand",1975,"Non-Nuclear","Thailand",TRUE
800,31,-0.1749067,78,"Thailand",1976,"Non-Nuclear","Thailand",TRUE
800,32,0.1439678,82,"Thailand",1977,"Non-Nuclear","Thailand",TRUE
800,33,0.1662544,106,"Thailand",1978,"Non-Nuclear","Thailand",TRUE
800,34,0.2457345,105,"Thailand",1979,"Non-Nuclear","Thailand",TRUE
800,35,0.2412638,84,"Thailand",1980,"Non-Nuclear","Thailand",TRUE
800,36,-0.06631566,113,"Thailand",1981,"Non-Nuclear","Thailand",TRUE
800,37,-0.01107556,131,"Thailand",1982,"Non-Nuclear","Thailand",TRUE
800,38,-0.02126531,115,"Thailand",1983,"Non-Nuclear","Thailand",TRUE
800,39,-0.1375343,123,"Thailand",1984,"Non-Nuclear","Thailand",TRUE
800,40,-0.08547595,128,"Thailand",1985,"Non-Nuclear","Thailand",TRUE
800,41,-0.1132354,124,"Thailand",1986,"Non-Nuclear","Thailand",TRUE
800,42,-0.2020598,119,"Thailand",1987,"Non-Nuclear","Thailand",TRUE
800,43,-0.2331818,109,"Thailand",1988,"Non-Nuclear","Thailand",TRUE
800,44,-0.2155233,91,"Thailand",1989,"Non-Nuclear","Thailand",TRUE
800,45,-0.3280845,67,"Thailand",1990,"Non-Nuclear","Thailand",TRUE
800,46,-0.4649486,64,"Thailand",1991,"Non-Nuclear","Thailand",TRUE
800,47,-0.4551265,64,"Thailand",1992,"Non-Nuclear","Thailand",TRUE
800,48,-0.6062718,60,"Thailand",1993,"Non-Nuclear","Thailand",TRUE
800,49,-0.5629685,57,"Thailand",1994,"Non-Nuclear","Thailand",TRUE
800,50,-0.5723441,69,"Thailand",1995,"Non-Nuclear","Thailand",TRUE
800,51,-0.5309995,61,"Thailand",1996,"Non-Nuclear","Thailand",TRUE
800,52,-0.6663498,63,"Thailand",1997,"Non-Nuclear","Thailand",TRUE
800,53,-0.5065015,53,"Thailand",1998,"Non-Nuclear","Thailand",TRUE
800,54,-0.4569694,58,"Thailand",1999,"Non-Nuclear","Thailand",TRUE
800,55,-0.2619832,56,"Thailand",2000,"Non-Nuclear","Thailand",TRUE
800,56,-0.3666262,59,"Thailand",2001,"Non-Nuclear","Thailand",TRUE
800,57,-0.3209199,61,"Thailand",2002,"Non-Nuclear","Thailand",TRUE
800,58,-0.18391,65,"Thailand",2003,"Non-Nuclear","Thailand",TRUE
800,59,-0.04632805,60,"Thailand",2004,"Non-Nuclear","Thailand",TRUE
800,60,-0.2205673,64,"Thailand",2005,"Non-Nuclear","Thailand",TRUE
800,61,-0.2703649,79,"Thailand",2006,"Non-Nuclear","Thailand",TRUE
800,62,-0.2159853,67,"Thailand",2007,"Non-Nuclear","Thailand",TRUE
800,63,-0.2327304,62,"Thailand",2008,"Non-Nuclear","Thailand",TRUE
800,64,-0.4597298,55,"Thailand",2009,"Non-Nuclear","Thailand",TRUE
800,65,-0.533285,55,"Thailand",2010,"Non-Nuclear","Thailand",TRUE
800,66,-0.450777,56,"Thailand",2011,"Non-Nuclear","Thailand",TRUE
800,67,-0.413231,54,"Thailand",2012,"Non-Nuclear","Thailand",TRUE
800,68,-0.3642693,52,"Thailand",2013,"Non-Nuclear","Thailand",TRUE
800,69,-0.3673724,66,"Thailand",2014,"Non-Nuclear","Thailand",TRUE
800,70,-0.361108,54,"Thailand",2015,"Non-Nuclear","Thailand",TRUE
800,71,-0.3968638,60,"Thailand",2016,"Non-Nuclear","Thailand",TRUE
800,72,-0.4776527,74,"Thailand",2017,"Non-Nuclear","Thailand",TRUE
800,73,-0.4422742,79,"Thailand",2018,"Non-Nuclear","Thailand",TRUE
800,74,-0.452961,74,"Thailand",2019,"Non-Nuclear","Thailand",TRUE
811,22,-1.156108,42,"Cambodia",1967,"Non-Nuclear","Cambodia",TRUE
811,23,-1.471277,42,"Cambodia",1968,"Non-Nuclear","Cambodia",TRUE
811,24,-1.45983,27,"Cambodia",1969,"Non-Nuclear","Cambodia",TRUE
811,25,0.4857453,42,"Cambodia",1970,"Non-Nuclear","Cambodia",TRUE
811,26,0.6804226,80,"Cambodia",1971,"Non-Nuclear","Cambodia",TRUE
811,27,0.3556147,81,"Cambodia",1972,"Non-Nuclear","Cambodia",TRUE
811,28,0.6050685,68,"Cambodia",1973,"Non-Nuclear","Cambodia",TRUE
811,29,0.2876881,60,"Cambodia",1974,"Non-Nuclear","Cambodia",TRUE
811,30,-0.4067161,23,"Cambodia",1975,"Non-Nuclear","Cambodia",TRUE
811,31,-0.7455634,27,"Cambodia",1976,"Non-Nuclear","Cambodia",TRUE
811,33,-0.6144639,22,"Cambodia",1978,"Non-Nuclear","Cambodia",TRUE
811,34,-0.135689,71,"Cambodia",1979,"Non-Nuclear","Cambodia",TRUE
811,35,0.02100663,63,"Cambodia",1980,"Non-Nuclear","Cambodia",TRUE
811,36,-0.03365251,98,"Cambodia",1981,"Non-Nuclear","Cambodia",TRUE
811,37,-0.004702952,120,"Cambodia",1982,"Non-Nuclear","Cambodia",TRUE
811,38,0.01232887,109,"Cambodia",1983,"Non-Nuclear","Cambodia",TRUE
811,39,-0.09502811,115,"Cambodia",1984,"Non-Nuclear","Cambodia",TRUE
811,40,-0.1361445,118,"Cambodia",1985,"Non-Nuclear","Cambodia",TRUE
811,41,-0.06413251,113,"Cambodia",1986,"Non-Nuclear","Cambodia",TRUE
811,42,-0.232962,106,"Cambodia",1987,"Non-Nuclear","Cambodia",TRUE
811,43,-0.444297,96,"Cambodia",1988,"Non-Nuclear","Cambodia",TRUE
811,44,-0.430494,88,"Cambodia",1989,"Non-Nuclear","Cambodia",TRUE
811,46,-0.44074,27,"Cambodia",1991,"Non-Nuclear","Cambodia",TRUE
811,47,-0.4591586,1,"Cambodia",1992,"Non-Nuclear","Cambodia",TRUE
811,48,-0.6921237,40,"Cambodia",1993,"Non-Nuclear","Cambodia",TRUE
811,49,-0.1367727,46,"Cambodia",1994,"Non-Nuclear","Cambodia",TRUE
811,50,-0.01239724,44,"Cambodia",1995,"Non-Nuclear","Cambodia",TRUE
811,51,-0.2011601,60,"Cambodia",1996,"Non-Nuclear","Cambodia",TRUE
811,54,-0.8933783,54,"Cambodia",1999,"Non-Nuclear","Cambodia",TRUE
811,55,-0.793374,53,"Cambodia",2000,"Non-Nuclear","Cambodia",TRUE
811,56,-0.7614876,54,"Cambodia",2001,"Non-Nuclear","Cambodia",TRUE
811,57,-0.7645051,58,"Cambodia",2002,"Non-Nuclear","Cambodia",TRUE
811,58,-0.6628221,65,"Cambodia",2003,"Non-Nuclear","Cambodia",TRUE
811,59,-0.5400428,58,"Cambodia",2004,"Non-Nuclear","Cambodia",TRUE
811,60,-0.6703236,56,"Cambodia",2005,"Non-Nuclear","Cambodia",TRUE
811,61,-0.9408746,71,"Cambodia",2006,"Non-Nuclear","Cambodia",TRUE
811,62,-0.604481,62,"Cambodia",2007,"Non-Nuclear","Cambodia",TRUE
811,63,-0.6903507,59,"Cambodia",2008,"Non-Nuclear","Cambodia",TRUE
811,64,-0.6342138,38,"Cambodia",2009,"Non-Nuclear","Cambodia",TRUE
811,65,-0.7866743,52,"Cambodia",2010,"Non-Nuclear","Cambodia",TRUE
811,66,-0.9005793,49,"Cambodia",2011,"Non-Nuclear","Cambodia",TRUE
811,67,-0.7600171,53,"Cambodia",2012,"Non-Nuclear","Cambodia",TRUE
811,68,-0.8576123,48,"Cambodia",2013,"Non-Nuclear","Cambodia",TRUE
811,69,-0.7917371,63,"Cambodia",2014,"Non-Nuclear","Cambodia",TRUE
811,70,-1.014081,52,"Cambodia",2015,"Non-Nuclear","Cambodia",TRUE
811,71,-0.9865034,55,"Cambodia",2016,"Non-Nuclear","Cambodia",TRUE
811,72,-1.071131,73,"Cambodia",2017,"Non-Nuclear","Cambodia",TRUE
811,73,-1.421414,77,"Cambodia",2018,"Non-Nuclear","Cambodia",TRUE
811,74,-1.446741,72,"Cambodia",2019,"Non-Nuclear","Cambodia",TRUE
812,22,0.231095,44,"Laos",1967,"Non-Nuclear","Laos",TRUE
812,23,0.4173442,47,"Laos",1968,"Non-Nuclear","Laos",TRUE
812,24,0.363534,37,"Laos",1969,"Non-Nuclear","Laos",TRUE
812,25,0.2488992,50,"Laos",1970,"Non-Nuclear","Laos",TRUE
812,26,0.4428613,87,"Laos",1971,"Non-Nuclear","Laos",TRUE
812,27,0.7423571,83,"Laos",1972,"Non-Nuclear","Laos",TRUE
812,28,0.247227,65,"Laos",1973,"Non-Nuclear","Laos",TRUE
812,29,0.5707035,60,"Laos",1974,"Non-Nuclear","Laos",TRUE
812,30,-0.4365434,58,"Laos",1975,"Non-Nuclear","Laos",TRUE
812,31,-0.5034101,78,"Laos",1976,"Non-Nuclear","Laos",TRUE
812,32,-0.3887601,75,"Laos",1977,"Non-Nuclear","Laos",TRUE
812,33,-0.7282022,86,"Laos",1978,"Non-Nuclear","Laos",TRUE
812,34,-0.9860306,86,"Laos",1979,"Non-Nuclear","Laos",TRUE
812,35,-1.665958,72,"Laos",1980,"Non-Nuclear","Laos",TRUE
812,36,-1.776041,101,"Laos",1981,"Non-Nuclear","Laos",TRUE
812,37,-1.656616,116,"Laos",1982,"Non-Nuclear","Laos",TRUE
812,38,-1.583451,101,"Laos",1983,"Non-Nuclear","Laos",TRUE
812,39,-1.502881,121,"Laos",1984,"Non-Nuclear","Laos",TRUE
812,40,-1.61654,113,"Laos",1985,"Non-Nuclear","Laos",TRUE
812,41,-1.549374,121,"Laos",1986,"Non-Nuclear","Laos",TRUE
812,42,-1.225927,117,"Laos",1987,"Non-Nuclear","Laos",TRUE
812,43,-0.9855376,113,"Laos",1988,"Non-Nuclear","Laos",TRUE
812,44,-0.6867513,93,"Laos",1989,"Non-Nuclear","Laos",TRUE
812,45,-0.8567236,66,"Laos",1990,"Non-Nuclear","Laos",TRUE
812,46,-0.8555274,62,"Laos",1991,"Non-Nuclear","Laos",TRUE
812,47,-0.9460369,61,"Laos",1992,"Non-Nuclear","Laos",TRUE
812,48,-1.069539,56,"Laos",1993,"Non-Nuclear","Laos",TRUE
812,49,-1.338362,49,"Laos",1994,"Non-Nuclear","Laos",TRUE
812,50,-1.207547,62,"Laos",1995,"Non-Nuclear","Laos",TRUE
812,51,-1.108585,53,"Laos",1996,"Non-Nuclear","Laos",TRUE
812,52,-1.297664,55,"Laos",1997,"Non-Nuclear","Laos",TRUE
812,53,-1.196326,45,"Laos",1998,"Non-Nuclear","Laos",TRUE
812,54,-1.174285,52,"Laos",1999,"Non-Nuclear","Laos",TRUE
812,55,-1.180959,52,"Laos",2000,"Non-Nuclear","Laos",TRUE
812,56,-1.328843,51,"Laos",2001,"Non-Nuclear","Laos",TRUE
812,57,-1.03872,50,"Laos",2002,"Non-Nuclear","Laos",TRUE
812,58,-0.7108725,59,"Laos",2003,"Non-Nuclear","Laos",TRUE
812,59,-0.8612144,56,"Laos",2004,"Non-Nuclear","Laos",TRUE
812,60,-0.6543439,59,"Laos",2005,"Non-Nuclear","Laos",TRUE
812,61,-0.924272,70,"Laos",2006,"Non-Nuclear","Laos",TRUE
812,62,-0.7622176,62,"Laos",2007,"Non-Nuclear","Laos",TRUE
812,63,-0.7866748,58,"Laos",2008,"Non-Nuclear","Laos",TRUE
812,64,-0.9126358,50,"Laos",2009,"Non-Nuclear","Laos",TRUE
812,65,-0.8827902,53,"Laos",2010,"Non-Nuclear","Laos",TRUE
812,66,-1.012788,50,"Laos",2011,"Non-Nuclear","Laos",TRUE
812,67,-0.7863059,52,"Laos",2012,"Non-Nuclear","Laos",TRUE
812,68,-0.9383588,50,"Laos",2013,"Non-Nuclear","Laos",TRUE
812,69,-1.143814,63,"Laos",2014,"Non-Nuclear","Laos",TRUE
812,70,-1.242335,52,"Laos",2015,"Non-Nuclear","Laos",TRUE
812,71,-1.00314,56,"Laos",2016,"Non-Nuclear","Laos",TRUE
812,72,-1.227766,72,"Laos",2017,"Non-Nuclear","Laos",TRUE
812,73,-1.018892,78,"Laos",2018,"Non-Nuclear","Laos",TRUE
812,74,-0.9621035,74,"Laos",2019,"Non-Nuclear","Laos",TRUE
816,32,-1.093124,63,"Vietnam",1977,"Non-Nuclear","Vietnam",TRUE
816,33,-0.8845368,72,"Vietnam",1978,"Non-Nuclear","Vietnam",TRUE
816,34,-1.135318,84,"Vietnam",1979,"Non-Nuclear","Vietnam",TRUE
816,35,-1.443567,72,"Vietnam",1980,"Non-Nuclear","Vietnam",TRUE
816,36,-1.772564,103,"Vietnam",1981,"Non-Nuclear","Vietnam",TRUE
816,37,-1.654652,121,"Vietnam",1982,"Non-Nuclear","Vietnam",TRUE
816,38,-1.606693,107,"Vietnam",1983,"Non-Nuclear","Vietnam",TRUE
816,39,-1.40146,120,"Vietnam",1984,"Non-Nuclear","Vietnam",TRUE
816,40,-1.568446,117,"Vietnam",1985,"Non-Nuclear","Vietnam",TRUE
816,41,-1.534799,121,"Vietnam",1986,"Non-Nuclear","Vietnam",TRUE
816,42,-1.228859,122,"Vietnam",1987,"Non-Nuclear","Vietnam",TRUE
816,43,-1.39634,113,"Vietnam",1988,"Non-Nuclear","Vietnam",TRUE
816,44,-0.7833015,94,"Vietnam",1989,"Non-Nuclear","Vietnam",TRUE
816,45,-1.093708,67,"Vietnam",1990,"Non-Nuclear","Vietnam",TRUE
816,46,-1.101739,62,"Vietnam",1991,"Non-Nuclear","Vietnam",TRUE
816,47,-1.284555,64,"Vietnam",1992,"Non-Nuclear","Vietnam",TRUE
816,48,-1.525585,59,"Vietnam",1993,"Non-Nuclear","Vietnam",TRUE
816,49,-1.659452,51,"Vietnam",1994,"Non-Nuclear","Vietnam",TRUE
816,50,-1.649423,62,"Vietnam",1995,"Non-Nuclear","Vietnam",TRUE
816,51,-1.493508,55,"Vietnam",1996,"Non-Nuclear","Vietnam",TRUE
816,52,-1.591598,54,"Vietnam",1997,"Non-Nuclear","Vietnam",TRUE
816,53,-1.425154,44,"Vietnam",1998,"Non-Nuclear","Vietnam",TRUE
816,54,-1.520228,50,"Vietnam",1999,"Non-Nuclear","Vietnam",TRUE
816,55,-1.341245,51,"Vietnam",2000,"Non-Nuclear","Vietnam",TRUE
816,56,-1.442702,51,"Vietnam",2001,"Non-Nuclear","Vietnam",TRUE
816,57,-1.473523,56,"Vietnam",2002,"Non-Nuclear","Vietnam",TRUE
816,58,-1.588986,60,"Vietnam",2003,"Non-Nuclear","Vietnam",TRUE
816,59,-1.546824,54,"Vietnam",2004,"Non-Nuclear","Vietnam",TRUE
816,60,-1.494603,56,"Vietnam",2005,"Non-Nuclear","Vietnam",TRUE
816,61,-1.45065,76,"Vietnam",2006,"Non-Nuclear","Vietnam",TRUE
816,62,-1.312061,64,"Vietnam",2007,"Non-Nuclear","Vietnam",TRUE
816,63,-1.34325,59,"Vietnam",2008,"Non-Nuclear","Vietnam",TRUE
816,64,-1.39969,52,"Vietnam",2009,"Non-Nuclear","Vietnam",TRUE
816,65,-1.429258,53,"Vietnam",2010,"Non-Nuclear","Vietnam",TRUE
816,66,-1.336074,54,"Vietnam",2011,"Non-Nuclear","Vietnam",TRUE
816,67,-1.26181,53,"Vietnam",2012,"Non-Nuclear","Vietnam",TRUE
816,68,-1.233734,50,"Vietnam",2013,"Non-Nuclear","Vietnam",TRUE
816,69,-1.196244,64,"Vietnam",2014,"Non-Nuclear","Vietnam",TRUE
816,70,-1.212809,50,"Vietnam",2015,"Non-Nuclear","Vietnam",TRUE
816,71,-1.1661,56,"Vietnam",2016,"Non-Nuclear","Vietnam",TRUE
816,72,-1.004927,73,"Vietnam",2017,"Non-Nuclear","Vietnam",TRUE
816,73,-0.9025499,78,"Vietnam",2018,"Non-Nuclear","Vietnam",TRUE
816,74,-0.8397639,72,"Vietnam",2019,"Non-Nuclear","Vietnam",TRUE
820,22,-0.2137426,51,"Malaysia",1967,"Non-Nuclear","Malaysia",TRUE
820,23,0.5356795,47,"Malaysia",1968,"Non-Nuclear","Malaysia",TRUE
820,24,0.369191,42,"Malaysia",1969,"Non-Nuclear","Malaysia",TRUE
820,25,0.02815382,64,"Malaysia",1970,"Non-Nuclear","Malaysia",TRUE
820,26,-0.2237254,111,"Malaysia",1971,"Non-Nuclear","Malaysia",TRUE
820,27,-0.1970852,92,"Malaysia",1972,"Non-Nuclear","Malaysia",TRUE
820,28,-0.04815109,85,"Malaysia",1973,"Non-Nuclear","Malaysia",TRUE
820,29,0.1320487,62,"Malaysia",1974,"Non-Nuclear","Malaysia",TRUE
820,30,-0.09224567,58,"Malaysia",1975,"Non-Nuclear","Malaysia",TRUE
820,31,-0.1520153,78,"Malaysia",1976,"Non-Nuclear","Malaysia",TRUE
820,32,-0.005371608,82,"Malaysia",1977,"Non-Nuclear","Malaysia",TRUE
820,33,-0.1215721,110,"Malaysia",1978,"Non-Nuclear","Malaysia",TRUE
820,34,-0.01218438,106,"Malaysia",1979,"Non-Nuclear","Malaysia",TRUE
820,35,-0.02431315,85,"Malaysia",1980,"Non-Nuclear","Malaysia",TRUE
820,36,-0.110929,115,"Malaysia",1981,"Non-Nuclear","Malaysia",TRUE
820,37,-0.02947763,132,"Malaysia",1982,"Non-Nuclear","Malaysia",TRUE
820,38,-0.1631355,117,"Malaysia",1983,"Non-Nuclear","Malaysia",TRUE
820,39,-0.2266753,123,"Malaysia",1984,"Non-Nuclear","Malaysia",TRUE
820,40,-0.1297743,128,"Malaysia",1985,"Non-Nuclear","Malaysia",TRUE
820,41,-0.2305146,129,"Malaysia",1986,"Non-Nuclear","Malaysia",TRUE
820,42,-0.2347611,124,"Malaysia",1987,"Non-Nuclear","Malaysia",TRUE
820,43,-0.2855341,114,"Malaysia",1988,"Non-Nuclear","Malaysia",TRUE
820,44,-0.5409755,95,"Malaysia",1989,"Non-Nuclear","Malaysia",TRUE
820,45,-0.637273,69,"Malaysia",1990,"Non-Nuclear","Malaysia",TRUE
820,46,-1.236733,64,"Malaysia",1991,"Non-Nuclear","Malaysia",TRUE
820,47,-1.083446,65,"Malaysia",1992,"Non-Nuclear","Malaysia",TRUE
820,48,-1.103592,60,"Malaysia",1993,"Non-Nuclear","Malaysia",TRUE
820,49,-0.7365274,56,"Malaysia",1994,"Non-Nuclear","Malaysia",TRUE
820,50,-0.6916933,69,"Malaysia",1995,"Non-Nuclear","Malaysia",TRUE
820,51,-0.717296,63,"Malaysia",1996,"Non-Nuclear","Malaysia",TRUE
820,52,-0.73673,63,"Malaysia",1997,"Non-Nuclear","Malaysia",TRUE
820,53,-0.6950072,53,"Malaysia",1998,"Non-Nuclear","Malaysia",TRUE
820,54,-0.678448,58,"Malaysia",1999,"Non-Nuclear","Malaysia",TRUE
820,55,-0.6778567,56,"Malaysia",2000,"Non-Nuclear","Malaysia",TRUE
820,56,-0.9496722,57,"Malaysia",2001,"Non-Nuclear","Malaysia",TRUE
820,57,-0.7582099,60,"Malaysia",2002,"Non-Nuclear","Malaysia",TRUE
820,58,-1.00155,65,"Malaysia",2003,"Non-Nuclear","Malaysia",TRUE
820,59,-0.8488117,60,"Malaysia",2004,"Non-Nuclear","Malaysia",TRUE
820,60,-1.181692,64,"Malaysia",2005,"Non-Nuclear","Malaysia",TRUE
820,61,-0.8504407,79,"Malaysia",2006,"Non-Nuclear","Malaysia",TRUE
820,62,-1.197297,67,"Malaysia",2007,"Non-Nuclear","Malaysia",TRUE
820,63,-0.9437302,63,"Malaysia",2008,"Non-Nuclear","Malaysia",TRUE
820,64,-1.10987,54,"Malaysia",2009,"Non-Nuclear","Malaysia",TRUE
820,65,-1.262095,55,"Malaysia",2010,"Non-Nuclear","Malaysia",TRUE
820,66,-0.7807837,56,"Malaysia",2011,"Non-Nuclear","Malaysia",TRUE
820,67,-0.7821432,54,"Malaysia",2012,"Non-Nuclear","Malaysia",TRUE
820,68,-0.5878926,52,"Malaysia",2013,"Non-Nuclear","Malaysia",TRUE
820,69,-0.7818819,66,"Malaysia",2014,"Non-Nuclear","Malaysia",TRUE
820,70,-0.7122136,54,"Malaysia",2015,"Non-Nuclear","Malaysia",TRUE
820,71,-0.6472392,58,"Malaysia",2016,"Non-Nuclear","Malaysia",TRUE
820,72,-0.6481041,71,"Malaysia",2017,"Non-Nuclear","Malaysia",TRUE
820,73,-0.6412141,78,"Malaysia",2018,"Non-Nuclear","Malaysia",TRUE
820,74,-0.6574501,74,"Malaysia",2019,"Non-Nuclear","Malaysia",TRUE
830,22,-0.2822872,42,"Singapore",1967,"Non-Nuclear","Singapore",TRUE
830,23,-0.06846383,47,"Singapore",1968,"Non-Nuclear","Singapore",TRUE
830,24,0.2157105,36,"Singapore",1969,"Non-Nuclear","Singapore",TRUE
830,25,0.1761179,61,"Singapore",1970,"Non-Nuclear","Singapore",TRUE
830,26,0.2405533,114,"Singapore",1971,"Non-Nuclear","Singapore",TRUE
830,27,0.3062144,88,"Singapore",1972,"Non-Nuclear","Singapore",TRUE
830,28,0.09232473,85,"Singapore",1973,"Non-Nuclear","Singapore",TRUE
830,29,0.2582258,61,"Singapore",1974,"Non-Nuclear","Singapore",TRUE
830,30,0.2054044,55,"Singapore",1975,"Non-Nuclear","Singapore",TRUE
830,31,0.05017957,74,"Singapore",1976,"Non-Nuclear","Singapore",TRUE
830,32,0.2268612,81,"Singapore",1977,"Non-Nuclear","Singapore",TRUE
830,33,0.3098972,109,"Singapore",1978,"Non-Nuclear","Singapore",TRUE
830,34,0.3937006,103,"Singapore",1979,"Non-Nuclear","Singapore",TRUE
830,35,0.3139193,83,"Singapore",1980,"Non-Nuclear","Singapore",TRUE
830,36,0.2338308,104,"Singapore",1981,"Non-Nuclear","Singapore",TRUE
830,37,0.2302024,123,"Singapore",1982,"Non-Nuclear","Singapore",TRUE
830,38,-0.01469887,111,"Singapore",1983,"Non-Nuclear","Singapore",TRUE
830,39,-0.05152021,117,"Singapore",1984,"Non-Nuclear","Singapore",TRUE
830,40,0.01568215,117,"Singapore",1985,"Non-Nuclear","Singapore",TRUE
830,41,0.1011857,119,"Singapore",1986,"Non-Nuclear","Singapore",TRUE
830,42,0.01613497,118,"Singapore",1987,"Non-Nuclear","Singapore",TRUE
830,43,-0.09635666,110,"Singapore",1988,"Non-Nuclear","Singapore",TRUE
830,44,-0.1579413,93,"Singapore",1989,"Non-Nuclear","Singapore",TRUE
830,45,-0.3113698,69,"Singapore",1990,"Non-Nuclear","Singapore",TRUE
830,46,-0.4694762,64,"Singapore",1991,"Non-Nuclear","Singapore",TRUE
830,47,-0.1240379,65,"Singapore",1992,"Non-Nuclear","Singapore",TRUE
830,48,-0.1941095,60,"Singapore",1993,"Non-Nuclear","Singapore",TRUE
830,49,-0.2253043,58,"Singapore",1994,"Non-Nuclear","Singapore",TRUE
830,50,-0.3073042,69,"Singapore",1995,"Non-Nuclear","Singapore",TRUE
830,51,-0.3999122,63,"Singapore",1996,"Non-Nuclear","Singapore",TRUE
830,52,-0.5883082,63,"Singapore",1997,"Non-Nuclear","Singapore",TRUE
830,53,-0.2344937,53,"Singapore",1998,"Non-Nuclear","Singapore",TRUE
830,54,-0.3578825,57,"Singapore",1999,"Non-Nuclear","Singapore",TRUE
830,55,-0.1802079,56,"Singapore",2000,"Non-Nuclear","Singapore",TRUE
830,56,-0.2374097,58,"Singapore",2001,"Non-Nuclear","Singapore",TRUE
830,57,-0.1113717,60,"Singapore",2002,"Non-Nuclear","Singapore",TRUE
830,58,-0.1361168,65,"Singapore",2003,"Non-Nuclear","Singapore",TRUE
830,59,-0.1928935,60,"Singapore",2004,"Non-Nuclear","Singapore",TRUE
830,60,-0.2615612,64,"Singapore",2005,"Non-Nuclear","Singapore",TRUE
830,61,-0.2206652,79,"Singapore",2006,"Non-Nuclear","Singapore",TRUE
830,62,-0.2355986,67,"Singapore",2007,"Non-Nuclear","Singapore",TRUE
830,63,-0.3593221,63,"Singapore",2008,"Non-Nuclear","Singapore",TRUE
830,64,-0.3932095,55,"Singapore",2009,"Non-Nuclear","Singapore",TRUE
830,65,-0.4754323,55,"Singapore",2010,"Non-Nuclear","Singapore",TRUE
830,66,-0.7807261,56,"Singapore",2011,"Non-Nuclear","Singapore",TRUE
830,67,-0.384218,54,"Singapore",2012,"Non-Nuclear","Singapore",TRUE
830,68,-0.6170562,52,"Singapore",2013,"Non-Nuclear","Singapore",TRUE
830,69,-0.4310364,66,"Singapore",2014,"Non-Nuclear","Singapore",TRUE
830,70,-0.6587196,54,"Singapore",2015,"Non-Nuclear","Singapore",TRUE
830,71,-0.6158252,60,"Singapore",2016,"Non-Nuclear","Singapore",TRUE
830,72,-0.7566814,74,"Singapore",2017,"Non-Nuclear","Singapore",TRUE
830,73,-0.4440502,79,"Singapore",2018,"Non-Nuclear","Singapore",TRUE
830,74,-0.5074067,74,"Singapore",2019,"Non-Nuclear","Singapore",TRUE
835,39,-0.07181283,123,"Brunei",1984,"Non-Nuclear","Brunei",TRUE
835,40,-0.1076631,124,"Brunei",1985,"Non-Nuclear","Brunei",TRUE
835,41,-0.1132608,127,"Brunei",1986,"Non-Nuclear","Brunei",TRUE
835,42,-0.2212988,122,"Brunei",1987,"Non-Nuclear","Brunei",TRUE
835,43,-0.3285963,114,"Brunei",1988,"Non-Nuclear","Brunei",TRUE
835,44,-0.2830465,94,"Brunei",1989,"Non-Nuclear","Brunei",TRUE
835,45,-0.5454353,68,"Brunei",1990,"Non-Nuclear","Brunei",TRUE
835,46,-0.9439426,63,"Brunei",1991,"Non-Nuclear","Brunei",TRUE
835,47,-0.8149131,64,"Brunei",1992,"Non-Nuclear","Brunei",TRUE
835,48,-0.8445804,59,"Brunei",1993,"Non-Nuclear","Brunei",TRUE
835,49,-0.7401751,56,"Brunei",1994,"Non-Nuclear","Brunei",TRUE
835,50,-0.9592632,69,"Brunei",1995,"Non-Nuclear","Brunei",TRUE
835,51,-0.7693885,63,"Brunei",1996,"Non-Nuclear","Brunei",TRUE
835,52,-0.9983389,63,"Brunei",1997,"Non-Nuclear","Brunei",TRUE
835,53,-0.9846745,53,"Brunei",1998,"Non-Nuclear","Brunei",TRUE
835,54,-0.8961079,56,"Brunei",1999,"Non-Nuclear","Brunei",TRUE
835,55,-0.8576221,56,"Brunei",2000,"Non-Nuclear","Brunei",TRUE
835,56,-0.983983,57,"Brunei",2001,"Non-Nuclear","Brunei",TRUE
835,57,-0.7732675,60,"Brunei",2002,"Non-Nuclear","Brunei",TRUE
835,58,-1.194594,65,"Brunei",2003,"Non-Nuclear","Brunei",TRUE
835,59,-0.7981439,60,"Brunei",2004,"Non-Nuclear","Brunei",TRUE
835,60,-0.9550736,64,"Brunei",2005,"Non-Nuclear","Brunei",TRUE
835,61,-0.9712708,78,"Brunei",2006,"Non-Nuclear","Brunei",TRUE
835,62,-0.5836365,67,"Brunei",2007,"Non-Nuclear","Brunei",TRUE
835,63,-0.6008199,63,"Brunei",2008,"Non-Nuclear","Brunei",TRUE
835,64,-0.9136992,55,"Brunei",2009,"Non-Nuclear","Brunei",TRUE
835,65,-1.04066,55,"Brunei",2010,"Non-Nuclear","Brunei",TRUE
835,66,-1.033334,54,"Brunei",2011,"Non-Nuclear","Brunei",TRUE
835,67,-0.9344428,54,"Brunei",2012,"Non-Nuclear","Brunei",TRUE
835,68,-1.035162,52,"Brunei",2013,"Non-Nuclear","Brunei",TRUE
835,69,-1.071254,65,"Brunei",2014,"Non-Nuclear","Brunei",TRUE
835,70,-1.036251,54,"Brunei",2015,"Non-Nuclear","Brunei",TRUE
835,71,-0.8989777,59,"Brunei",2016,"Non-Nuclear","Brunei",TRUE
835,72,-0.9286985,74,"Brunei",2017,"Non-Nuclear","Brunei",TRUE
835,73,-0.8994546,78,"Brunei",2018,"Non-Nuclear","Brunei",TRUE
835,74,-0.8040564,74,"Brunei",2019,"Non-Nuclear","Brunei",TRUE
840,22,0.69745,53,"Philippines",1967,"Non-Nuclear","Philippines",TRUE
840,23,0.3752006,47,"Philippines",1968,"Non-Nuclear","Philippines",TRUE
840,24,0.4105685,41,"Philippines",1969,"Non-Nuclear","Philippines",TRUE
840,25,0.4056742,64,"Philippines",1970,"Non-Nuclear","Philippines",TRUE
840,26,0.4574971,104,"Philippines",1971,"Non-Nuclear","Philippines",TRUE
840,27,0.4662274,92,"Philippines",1972,"Non-Nuclear","Philippines",TRUE
840,28,0.1029819,82,"Philippines",1973,"Non-Nuclear","Philippines",TRUE
840,29,0.2517764,62,"Philippines",1974,"Non-Nuclear","Philippines",TRUE
840,30,0.1788778,58,"Philippines",1975,"Non-Nuclear","Philippines",TRUE
840,31,-0.1783086,78,"Philippines",1976,"Non-Nuclear","Philippines",TRUE
840,32,0.07913208,81,"Philippines",1977,"Non-Nuclear","Philippines",TRUE
840,33,0.06708986,110,"Philippines",1978,"Non-Nuclear","Philippines",TRUE
840,34,-0.01348115,106,"Philippines",1979,"Non-Nuclear","Philippines",TRUE
840,35,0.07947234,86,"Philippines",1980,"Non-Nuclear","Philippines",TRUE
840,36,-0.04476214,114,"Philippines",1981,"Non-Nuclear","Philippines",TRUE
840,37,0.09648096,131,"Philippines",1982,"Non-Nuclear","Philippines",TRUE
840,38,0.1101778,115,"Philippines",1983,"Non-Nuclear","Philippines",TRUE
840,39,-0.04856549,122,"Philippines",1984,"Non-Nuclear","Philippines",TRUE
840,40,0.03569701,120,"Philippines",1985,"Non-Nuclear","Philippines",TRUE
840,41,-0.08955245,129,"Philippines",1986,"Non-Nuclear","Philippines",TRUE
840,42,-0.1657225,122,"Philippines",1987,"Non-Nuclear","Philippines",TRUE
840,43,0.03184377,113,"Philippines",1988,"Non-Nuclear","Philippines",TRUE
840,44,-0.01639273,96,"Philippines",1989,"Non-Nuclear","Philippines",TRUE
840,45,-0.4697304,69,"Philippines",1990,"Non-Nuclear","Philippines",TRUE
840,46,-0.6866854,62,"Philippines",1991,"Non-Nuclear","Philippines",TRUE
840,47,-0.3584306,65,"Philippines",1992,"Non-Nuclear","Philippines",TRUE
840,48,-0.62303,60,"Philippines",1993,"Non-Nuclear","Philippines",TRUE
840,49,-0.4089786,58,"Philippines",1994,"Non-Nuclear","Philippines",TRUE
840,50,-0.4794963,69,"Philippines",1995,"Non-Nuclear","Philippines",TRUE
840,51,-0.6198654,62,"Philippines",1996,"Non-Nuclear","Philippines",TRUE
840,52,-0.8820109,63,"Philippines",1997,"Non-Nuclear","Philippines",TRUE
840,53,-0.92036,53,"Philippines",1998,"Non-Nuclear","Philippines",TRUE
840,54,-0.818881,56,"Philippines",1999,"Non-Nuclear","Philippines",TRUE
840,55,-0.4444176,55,"Philippines",2000,"Non-Nuclear","Philippines",TRUE
840,56,-0.345498,59,"Philippines",2001,"Non-Nuclear","Philippines",TRUE
840,57,-0.4065687,61,"Philippines",2002,"Non-Nuclear","Philippines",TRUE
840,58,-0.4775468,64,"Philippines",2003,"Non-Nuclear","Philippines",TRUE
840,59,-0.4060881,59,"Philippines",2004,"Non-Nuclear","Philippines",TRUE
840,60,-0.383572,63,"Philippines",2005,"Non-Nuclear","Philippines",TRUE
840,61,-0.4459018,77,"Philippines",2006,"Non-Nuclear","Philippines",TRUE
840,62,-0.4143721,67,"Philippines",2007,"Non-Nuclear","Philippines",TRUE
840,63,-0.4880237,62,"Philippines",2008,"Non-Nuclear","Philippines",TRUE
840,64,-0.4748931,52,"Philippines",2009,"Non-Nuclear","Philippines",TRUE
840,65,-0.4707105,55,"Philippines",2010,"Non-Nuclear","Philippines",TRUE
840,66,-0.3646514,55,"Philippines",2011,"Non-Nuclear","Philippines",TRUE
840,67,-0.4468607,54,"Philippines",2012,"Non-Nuclear","Philippines",TRUE
840,68,-0.4852449,51,"Philippines",2013,"Non-Nuclear","Philippines",TRUE
840,69,-0.4619835,64,"Philippines",2014,"Non-Nuclear","Philippines",TRUE
840,70,-0.4351382,54,"Philippines",2015,"Non-Nuclear","Philippines",TRUE
840,71,-0.7634986,60,"Philippines",2016,"Non-Nuclear","Philippines",TRUE
840,72,-0.8445546,74,"Philippines",2017,"Non-Nuclear","Philippines",TRUE
840,73,-0.4417928,79,"Philippines",2018,"Non-Nuclear","Philippines",TRUE
840,74,-0.6566757,74,"Philippines",2019,"Non-Nuclear","Philippines",TRUE
850,22,-0.6735546,53,"Indonesia",1967,"Non-Nuclear","Indonesia",TRUE
850,23,-0.2755993,43,"Indonesia",1968,"Non-Nuclear","Indonesia",TRUE
850,24,-0.5390705,40,"Indonesia",1969,"Non-Nuclear","Indonesia",TRUE
850,25,-0.2999495,62,"Indonesia",1970,"Non-Nuclear","Indonesia",TRUE
850,26,-0.2543421,115,"Indonesia",1971,"Non-Nuclear","Indonesia",TRUE
850,27,-0.2507033,94,"Indonesia",1972,"Non-Nuclear","Indonesia",TRUE
850,28,-0.07961772,86,"Indonesia",1973,"Non-Nuclear","Indonesia",TRUE
850,29,0.05584844,62,"Indonesia",1974,"Non-Nuclear","Indonesia",TRUE
850,30,-0.1334649,57,"Indonesia",1975,"Non-Nuclear","Indonesia",TRUE
850,31,-0.2046839,77,"Indonesia",1976,"Non-Nuclear","Indonesia",TRUE
850,32,-0.06494408,82,"Indonesia",1977,"Non-Nuclear","Indonesia",TRUE
850,33,-0.09453881,110,"Indonesia",1978,"Non-Nuclear","Indonesia",TRUE
850,34,-0.03012262,106,"Indonesia",1979,"Non-Nuclear","Indonesia",TRUE
850,35,-0.140415,86,"Indonesia",1980,"Non-Nuclear","Indonesia",TRUE
850,36,-0.1994397,115,"Indonesia",1981,"Non-Nuclear","Indonesia",TRUE
850,37,-0.2921954,132,"Indonesia",1982,"Non-Nuclear","Indonesia",TRUE
850,38,-0.1776827,114,"Indonesia",1983,"Non-Nuclear","Indonesia",TRUE
850,39,-0.2049041,123,"Indonesia",1984,"Non-Nuclear","Indonesia",TRUE
850,40,-0.3355501,128,"Indonesia",1985,"Non-Nuclear","Indonesia",TRUE
850,41,-0.5118087,127,"Indonesia",1986,"Non-Nuclear","Indonesia",TRUE
850,42,-0.5412248,122,"Indonesia",1987,"Non-Nuclear","Indonesia",TRUE
850,43,-0.5868381,115,"Indonesia",1988,"Non-Nuclear","Indonesia",TRUE
850,44,-0.6790096,95,"Indonesia",1989,"Non-Nuclear","Indonesia",TRUE
850,45,-0.6809682,69,"Indonesia",1990,"Non-Nuclear","Indonesia",TRUE
850,46,-1.09693,63,"Indonesia",1991,"Non-Nuclear","Indonesia",TRUE
850,47,-1.011024,65,"Indonesia",1992,"Non-Nuclear","Indonesia",TRUE
850,48,-1.276219,60,"Indonesia",1993,"Non-Nuclear","Indonesia",TRUE
850,49,-1.322793,57,"Indonesia",1994,"Non-Nuclear","Indonesia",TRUE
850,50,-1.272356,67,"Indonesia",1995,"Non-Nuclear","Indonesia",TRUE
850,51,-1.346744,61,"Indonesia",1996,"Non-Nuclear","Indonesia",TRUE
850,52,-1.280949,63,"Indonesia",1997,"Non-Nuclear","Indonesia",TRUE
850,53,-1.055375,53,"Indonesia",1998,"Non-Nuclear","Indonesia",TRUE
850,54,-0.9256897,56,"Indonesia",1999,"Non-Nuclear","Indonesia",TRUE
850,55,-0.9147701,55,"Indonesia",2000,"Non-Nuclear","Indonesia",TRUE
850,56,-0.9544265,58,"Indonesia",2001,"Non-Nuclear","Indonesia",TRUE
850,57,-0.9482085,60,"Indonesia",2002,"Non-Nuclear","Indonesia",TRUE
850,58,-0.8990215,65,"Indonesia",2003,"Non-Nuclear","Indonesia",TRUE
850,59,-1.121769,60,"Indonesia",2004,"Non-Nuclear","Indonesia",TRUE
850,60,-1.244672,64,"Indonesia",2005,"Non-Nuclear","Indonesia",TRUE
850,61,-1.286885,79,"Indonesia",2006,"Non-Nuclear","Indonesia",TRUE
850,62,-1.10686,67,"Indonesia",2007,"Non-Nuclear","Indonesia",TRUE
850,63,-1.058313,63,"Indonesia",2008,"Non-Nuclear","Indonesia",TRUE
850,64,-1.04606,55,"Indonesia",2009,"Non-Nuclear","Indonesia",TRUE
850,65,-1.226776,55,"Indonesia",2010,"Non-Nuclear","Indonesia",TRUE
850,66,-0.7724633,56,"Indonesia",2011,"Non-Nuclear","Indonesia",TRUE
850,67,-0.932294,54,"Indonesia",2012,"Non-Nuclear","Indonesia",TRUE
850,68,-0.945637,52,"Indonesia",2013,"Non-Nuclear","Indonesia",TRUE
850,69,-1.153854,66,"Indonesia",2014,"Non-Nuclear","Indonesia",TRUE
850,70,-1.043384,54,"Indonesia",2015,"Non-Nuclear","Indonesia",TRUE
850,71,-0.967752,60,"Indonesia",2016,"Non-Nuclear","Indonesia",TRUE
850,72,-1.006313,74,"Indonesia",2017,"Non-Nuclear","Indonesia",TRUE
850,73,-1.035849,79,"Indonesia",2018,"Non-Nuclear","Indonesia",TRUE
850,74,-0.8621633,74,"Indonesia",2019,"Non-Nuclear","Indonesia",TRUE
