"ccode","session","IdealPoint","NVotes","Countryname","year","issue","country_label","is_asean","us_ip","china_ip","dist_us","dist_china","signed_dist_us","signed_dist_china","closer_to"
775,22,-0.3535548,55,"Myanmar (Burma)",1967,"All","Myanmar",TRUE,2.426986,NA,2.7805408,NA,-2.7805408,NA,NA
775,23,-0.3450435,42,"Myanmar (Burma)",1968,"All","Myanmar",TRUE,2.295532,NA,2.6405755,NA,-2.6405755,NA,NA
775,24,-0.1445155,43,"Myanmar (Burma)",1969,"All","Myanmar",TRUE,2.119463,NA,2.2639785,NA,-2.2639785,NA,NA
775,25,0.1355665,62,"Myanmar (Burma)",1970,"All","Myanmar",TRUE,2.171009,NA,2.0354425,NA,-2.0354425,NA,NA
775,26,-0.2501292,117,"Myanmar (Burma)",1971,"All","Myanmar",TRUE,1.767618,-0.9760724,2.0177472,0.7259432,-2.0177472,0.7259432,"China"
775,27,-0.1410814,101,"Myanmar (Burma)",1972,"All","Myanmar",TRUE,2.135975,-0.7156992,2.2770564,0.5746178,-2.2770564,0.5746178,"China"
775,28,0.000241577,91,"Myanmar (Burma)",1973,"All","Myanmar",TRUE,2.195541,-0.5740909,2.195299423,0.574332477,-2.195299423,0.574332477,"China"
775,29,0.07224641,72,"Myanmar (Burma)",1974,"All","Myanmar",TRUE,2.077391,-0.8566171,2.00514459,0.92886351,-2.00514459,0.92886351,"China"
775,30,-0.03548996,66,"Myanmar (Burma)",1975,"All","Myanmar",TRUE,2.360075,-0.2756341,2.39556496,0.24014414,-2.39556496,0.24014414,"China"
775,31,-0.3278739,77,"Myanmar (Burma)",1976,"All","Myanmar",TRUE,2.750583,-1.053044,3.0784569,0.7251701,-3.0784569,0.7251701,"China"
775,32,-0.467575,91,"Myanmar (Burma)",1977,"All","Myanmar",TRUE,2.313392,-0.8193988,2.780967,0.3518238,-2.780967,0.3518238,"China"
775,33,0.1442879,127,"Myanmar (Burma)",1978,"All","Myanmar",TRUE,2.295686,-0.2469549,2.1513981,0.3912428,-2.1513981,0.3912428,"China"
775,34,0.3520118,122,"Myanmar (Burma)",1979,"All","Myanmar",TRUE,2.354093,-0.05311142,2.0020812,0.40512322,-2.0020812,0.40512322,"China"
775,35,0.39358,103,"Myanmar (Burma)",1980,"All","Myanmar",TRUE,2.450686,-0.03347984,2.057106,0.42705984,-2.057106,0.42705984,"China"
775,36,0.2758482,127,"Myanmar (Burma)",1981,"All","Myanmar",TRUE,2.767644,-0.02059494,2.4917958,0.29644314,-2.4917958,0.29644314,"China"
775,37,0.3025197,150,"Myanmar (Burma)",1982,"All","Myanmar",TRUE,2.654563,0.1867089,2.3520433,0.1158108,-2.3520433,0.1158108,"China"
775,38,0.1736854,141,"Myanmar (Burma)",1983,"All","Myanmar",TRUE,2.653316,0.1706566,2.4796306,0.0030288,-2.4796306,0.0030288,"China"
775,39,0.09402065,146,"Myanmar (Burma)",1984,"All","Myanmar",TRUE,2.84451,0.1715943,2.75048935,0.07757365,-2.75048935,-0.07757365,"China"
775,40,-0.05840648,150,"Myanmar (Burma)",1985,"All","Myanmar",TRUE,2.85444,0.1814985,2.91284648,0.23990498,-2.91284648,-0.23990498,"China"
775,41,0.06700049,151,"Myanmar (Burma)",1986,"All","Myanmar",TRUE,2.985282,0.1866047,2.91828151,0.11960421,-2.91828151,-0.11960421,"China"
775,42,-0.1309611,139,"Myanmar (Burma)",1987,"All","Myanmar",TRUE,3.070334,0.1958159,3.2012951,0.326777,-3.2012951,-0.326777,"China"
775,43,-0.2477286,132,"Myanmar (Burma)",1988,"All","Myanmar",TRUE,3.068073,-0.02298023,3.3158016,0.22474837,-3.3158016,-0.22474837,"China"
775,44,-0.3986103,77,"Myanmar (Burma)",1989,"All","Myanmar",TRUE,3.15064,-0.07522176,3.5492503,0.32338854,-3.5492503,-0.32338854,"China"
775,45,-0.3229671,85,"Myanmar (Burma)",1990,"All","Myanmar",TRUE,3.06766,-0.1670653,3.3906271,0.1559018,-3.3906271,-0.1559018,"China"
775,46,-0.4307426,71,"Myanmar (Burma)",1991,"All","Myanmar",TRUE,2.977167,-0.3023714,3.4079096,0.1283712,-3.4079096,-0.1283712,"China"
775,47,-0.8682711,71,"Myanmar (Burma)",1992,"All","Myanmar",TRUE,3.000798,-0.7356746,3.8690691,0.1325965,-3.8690691,-0.1325965,"China"
775,48,-1.157129,60,"Myanmar (Burma)",1993,"All","Myanmar",TRUE,2.955602,-1.396082,4.112731,0.238953,-4.112731,0.238953,"China"
775,49,-1.152974,4,"Myanmar (Burma)",1994,"All","Myanmar",TRUE,3.009216,-1.634709,4.16219,0.481735,-4.16219,0.481735,"China"
775,50,-1.531422,80,"Myanmar (Burma)",1995,"All","Myanmar",TRUE,3.130082,-1.502986,4.661504,0.0284360000000001,-4.661504,-0.0284360000000001,"China"
775,51,-1.682332,72,"Myanmar (Burma)",1996,"All","Myanmar",TRUE,3.14783,-1.268106,4.830162,0.414226,-4.830162,-0.414226,"China"
775,52,-1.505077,72,"Myanmar (Burma)",1997,"All","Myanmar",TRUE,2.983911,-1.145413,4.488988,0.359664,-4.488988,-0.359664,"China"
775,53,-1.057921,64,"Myanmar (Burma)",1998,"All","Myanmar",TRUE,2.814332,-0.4421162,3.872253,0.6158048,-3.872253,-0.6158048,"China"
775,54,-1.340186,68,"Myanmar (Burma)",1999,"All","Myanmar",TRUE,2.681448,-0.6680064,4.021634,0.6721796,-4.021634,-0.6721796,"China"
775,55,-1.369382,67,"Myanmar (Burma)",2000,"All","Myanmar",TRUE,2.664088,-0.7359335,4.03347,0.6334485,-4.03347,-0.6334485,"China"
775,56,-1.403949,68,"Myanmar (Burma)",2001,"All","Myanmar",TRUE,2.655105,-0.5852949,4.059054,0.8186541,-4.059054,-0.8186541,"China"
775,57,-1.274037,74,"Myanmar (Burma)",2002,"All","Myanmar",TRUE,2.733395,-0.5386405,4.007432,0.7353965,-4.007432,-0.7353965,"China"
775,58,-1.482567,75,"Myanmar (Burma)",2003,"All","Myanmar",TRUE,2.902368,-0.9454819,4.384935,0.5370851,-4.384935,-0.5370851,"China"
775,59,-1.323424,71,"Myanmar (Burma)",2004,"All","Myanmar",TRUE,2.819677,-0.8424348,4.143101,0.4809892,-4.143101,-0.4809892,"China"
775,60,-1.119268,73,"Myanmar (Burma)",2005,"All","Myanmar",TRUE,2.889729,-0.7408335,4.008997,0.3784345,-4.008997,-0.3784345,"China"
775,61,-1.219376,90,"Myanmar (Burma)",2006,"All","Myanmar",TRUE,2.81137,-0.8690618,4.030746,0.3503142,-4.030746,-0.3503142,"China"
775,62,-1.180168,79,"Myanmar (Burma)",2007,"All","Myanmar",TRUE,2.743266,-0.6327519,3.923434,0.5474161,-3.923434,-0.5474161,"China"
775,63,-1.334652,76,"Myanmar (Burma)",2008,"All","Myanmar",TRUE,2.737774,-0.6557925,4.072426,0.6788595,-4.072426,-0.6788595,"China"
775,64,-1.343642,62,"Myanmar (Burma)",2009,"All","Myanmar",TRUE,2.54631,-0.6256859,3.889952,0.7179561,-3.889952,-0.7179561,"China"
775,65,-1.066657,67,"Myanmar (Burma)",2010,"All","Myanmar",TRUE,2.519054,-0.8585649,3.585711,0.2080921,-3.585711,-0.2080921,"China"
775,66,-1.320165,54,"Myanmar (Burma)",2011,"All","Myanmar",TRUE,2.496376,-0.7636184,3.816541,0.5565466,-3.816541,-0.5565466,"China"
775,67,-0.9500457,61,"Myanmar (Burma)",2012,"All","Myanmar",TRUE,2.58958,-0.8569092,3.5396257,0.0931365,-3.5396257,-0.0931365,"China"
775,68,-1.235385,61,"Myanmar (Burma)",2013,"All","Myanmar",TRUE,2.676666,-0.5181141,3.912051,0.7172709,-3.912051,-0.7172709,"China"
775,69,-0.9868319,79,"Myanmar (Burma)",2014,"All","Myanmar",TRUE,2.668466,-0.8420048,3.6552979,0.1448271,-3.6552979,-0.1448271,"China"
775,70,-0.968403,73,"Myanmar (Burma)",2015,"All","Myanmar",TRUE,2.592322,-0.2594838,3.560725,0.7089192,-3.560725,-0.7089192,"China"
775,71,-0.7506956,77,"Myanmar (Burma)",2016,"All","Myanmar",TRUE,2.53694,-0.4501334,3.2876356,0.3005622,-3.2876356,-0.3005622,"China"
775,72,-0.7321876,70,"Myanmar (Burma)",2017,"All","Myanmar",TRUE,2.680102,-0.3777864,3.4122896,0.3544012,-3.4122896,-0.3544012,"China"
775,73,-0.8032776,73,"Myanmar (Burma)",2018,"All","Myanmar",TRUE,2.786768,-0.4894719,3.5900456,0.3138057,-3.5900456,-0.3138057,"China"
775,74,-0.7116446,72,"Myanmar (Burma)",2019,"All","Myanmar",TRUE,2.694793,-0.3336454,3.4064376,0.3779992,-3.4064376,-0.3779992,"China"
800,22,0.3546649,57,"Thailand",1967,"All","Thailand",TRUE,2.426986,NA,2.0723211,NA,-2.0723211,NA,NA
800,23,0.5259252,51,"Thailand",1968,"All","Thailand",TRUE,2.295532,NA,1.7696068,NA,-1.7696068,NA,NA
800,24,0.4881419,43,"Thailand",1969,"All","Thailand",TRUE,2.119463,NA,1.6313211,NA,-1.6313211,NA,NA
800,25,0.6442254,65,"Thailand",1970,"All","Thailand",TRUE,2.171009,NA,1.5267836,NA,-1.5267836,NA,NA
800,26,0.4643523,117,"Thailand",1971,"All","Thailand",TRUE,1.767618,-0.9760724,1.3032657,1.4404247,-1.3032657,1.4404247,"United States"
800,27,0.4368186,100,"Thailand",1972,"All","Thailand",TRUE,2.135975,-0.7156992,1.6991564,1.1525178,-1.6991564,1.1525178,"China"
800,28,0.1745481,88,"Thailand",1973,"All","Thailand",TRUE,2.195541,-0.5740909,2.0209929,0.748639,-2.0209929,0.748639,"China"
800,29,0.3423469,73,"Thailand",1974,"All","Thailand",TRUE,2.077391,-0.8566171,1.7350441,1.198964,-1.7350441,1.198964,"China"
800,30,0.2423471,69,"Thailand",1975,"All","Thailand",TRUE,2.360075,-0.2756341,2.1177279,0.5179812,-2.1177279,0.5179812,"China"
800,31,-0.1446095,87,"Thailand",1976,"All","Thailand",TRUE,2.750583,-1.053044,2.8951925,0.9084345,-2.8951925,0.9084345,"China"
800,32,0.151146,91,"Thailand",1977,"All","Thailand",TRUE,2.313392,-0.8193988,2.162246,0.9705448,-2.162246,0.9705448,"China"
800,33,0.1643659,122,"Thailand",1978,"All","Thailand",TRUE,2.295686,-0.2469549,2.1313201,0.4113208,-2.1313201,0.4113208,"China"
800,34,0.2506509,121,"Thailand",1979,"All","Thailand",TRUE,2.354093,-0.05311142,2.1034421,0.30376232,-2.1034421,0.30376232,"China"
800,35,0.246384,101,"Thailand",1980,"All","Thailand",TRUE,2.450686,-0.03347984,2.204302,0.27986384,-2.204302,0.27986384,"China"
800,36,-0.1264268,131,"Thailand",1981,"All","Thailand",TRUE,2.767644,-0.02059494,2.8940708,0.10583186,-2.8940708,-0.10583186,"China"
800,37,-0.03807093,156,"Thailand",1982,"All","Thailand",TRUE,2.654563,0.1867089,2.69263393,0.22477983,-2.69263393,-0.22477983,"China"
800,38,-0.08115638,146,"Thailand",1983,"All","Thailand",TRUE,2.653316,0.1706566,2.73447238,0.25181298,-2.73447238,-0.25181298,"China"
800,39,-0.1726899,148,"Thailand",1984,"All","Thailand",TRUE,2.84451,0.1715943,3.0171999,0.3442842,-3.0171999,-0.3442842,"China"
800,40,-0.091524,151,"Thailand",1985,"All","Thailand",TRUE,2.85444,0.1814985,2.945964,0.2730225,-2.945964,-0.2730225,"China"
800,41,-0.1797546,148,"Thailand",1986,"All","Thailand",TRUE,2.985282,0.1866047,3.1650366,0.3663593,-3.1650366,-0.3663593,"China"
800,42,-0.2641588,139,"Thailand",1987,"All","Thailand",TRUE,3.070334,0.1958159,3.3344928,0.4599747,-3.3344928,-0.4599747,"China"
800,43,-0.2744416,130,"Thailand",1988,"All","Thailand",TRUE,3.068073,-0.02298023,3.3425146,0.25146137,-3.3425146,-0.25146137,"China"
800,44,-0.2767351,109,"Thailand",1989,"All","Thailand",TRUE,3.15064,-0.07522176,3.4273751,0.20151334,-3.4273751,-0.20151334,"China"
800,45,-0.383924,84,"Thailand",1990,"All","Thailand",TRUE,3.06766,-0.1670653,3.451584,0.2168587,-3.451584,-0.2168587,"China"
800,46,-0.5912393,75,"Thailand",1991,"All","Thailand",TRUE,2.977167,-0.3023714,3.5684063,0.2888679,-3.5684063,-0.2888679,"China"
800,47,-0.5495932,73,"Thailand",1992,"All","Thailand",TRUE,3.000798,-0.7356746,3.5503912,0.1860814,-3.5503912,0.1860814,"China"
800,48,-0.6711116,65,"Thailand",1993,"All","Thailand",TRUE,2.955602,-1.396082,3.6267136,0.7249704,-3.6267136,0.7249704,"China"
800,49,-0.693194,67,"Thailand",1994,"All","Thailand",TRUE,3.009216,-1.634709,3.70241,0.941515,-3.70241,0.941515,"China"
800,50,-0.7522816,81,"Thailand",1995,"All","Thailand",TRUE,3.130082,-1.502986,3.8823636,0.7507044,-3.8823636,0.7507044,"China"
800,51,-0.562214,72,"Thailand",1996,"All","Thailand",TRUE,3.14783,-1.268106,3.710044,0.705892,-3.710044,0.705892,"China"
800,52,-0.668985,72,"Thailand",1997,"All","Thailand",TRUE,2.983911,-1.145413,3.652896,0.476428,-3.652896,0.476428,"China"
800,53,-0.5041341,64,"Thailand",1998,"All","Thailand",TRUE,2.814332,-0.4421162,3.3184661,0.0620179,-3.3184661,-0.0620179,"China"
800,54,-0.508704,68,"Thailand",1999,"All","Thailand",TRUE,2.681448,-0.6680064,3.190152,0.1593024,-3.190152,0.1593024,"China"
800,55,-0.311393,67,"Thailand",2000,"All","Thailand",TRUE,2.664088,-0.7359335,2.975481,0.4245405,-2.975481,0.4245405,"China"
800,56,-0.4135715,69,"Thailand",2001,"All","Thailand",TRUE,2.655105,-0.5852949,3.0686765,0.1717234,-3.0686765,0.1717234,"China"
800,57,-0.3735247,75,"Thailand",2002,"All","Thailand",TRUE,2.733395,-0.5386405,3.1069197,0.1651158,-3.1069197,0.1651158,"China"
800,58,-0.2600237,76,"Thailand",2003,"All","Thailand",TRUE,2.902368,-0.9454819,3.1623917,0.6854582,-3.1623917,0.6854582,"China"
800,59,-0.1215335,72,"Thailand",2004,"All","Thailand",TRUE,2.819677,-0.8424348,2.9412105,0.7209013,-2.9412105,0.7209013,"China"
800,60,-0.3190983,75,"Thailand",2005,"All","Thailand",TRUE,2.889729,-0.7408335,3.2088273,0.4217352,-3.2088273,0.4217352,"China"
800,61,-0.3110889,92,"Thailand",2006,"All","Thailand",TRUE,2.81137,-0.8690618,3.1224589,0.5579729,-3.1224589,0.5579729,"China"
800,62,-0.2573574,79,"Thailand",2007,"All","Thailand",TRUE,2.743266,-0.6327519,3.0006234,0.3753945,-3.0006234,0.3753945,"China"
800,63,-0.2962368,75,"Thailand",2008,"All","Thailand",TRUE,2.737774,-0.6557925,3.0340108,0.3595557,-3.0340108,0.3595557,"China"
800,64,-0.4997845,68,"Thailand",2009,"All","Thailand",TRUE,2.54631,-0.6256859,3.0460945,0.1259014,-3.0460945,0.1259014,"China"
800,65,-0.5595784,68,"Thailand",2010,"All","Thailand",TRUE,2.519054,-0.8585649,3.0786324,0.2989865,-3.0786324,0.2989865,"China"
800,66,-0.4313181,68,"Thailand",2011,"All","Thailand",TRUE,2.496376,-0.7636184,2.9276941,0.3323003,-2.9276941,0.3323003,"China"
800,67,-0.4520783,69,"Thailand",2012,"All","Thailand",TRUE,2.58958,-0.8569092,3.0416583,0.4048309,-3.0416583,0.4048309,"China"
800,68,-0.409941,64,"Thailand",2013,"All","Thailand",TRUE,2.676666,-0.5181141,3.086607,0.1081731,-3.086607,0.1081731,"China"
800,69,-0.4155141,80,"Thailand",2014,"All","Thailand",TRUE,2.668466,-0.8420048,3.0839801,0.4264907,-3.0839801,0.4264907,"China"
800,70,-0.4669127,73,"Thailand",2015,"All","Thailand",TRUE,2.592322,-0.2594838,3.0592347,0.2074289,-3.0592347,-0.2074289,"China"
800,71,-0.474776,78,"Thailand",2016,"All","Thailand",TRUE,2.53694,-0.4501334,3.011716,0.0246426,-3.011716,-0.0246426,"China"
800,72,-0.5645243,90,"Thailand",2017,"All","Thailand",TRUE,2.680102,-0.3777864,3.2446263,0.1867379,-3.2446263,-0.1867379,"China"
800,73,-0.3568195,95,"Thailand",2018,"All","Thailand",TRUE,2.786768,-0.4894719,3.1435875,0.1326524,-3.1435875,0.1326524,"China"
800,74,-0.5108809,91,"Thailand",2019,"All","Thailand",TRUE,2.694793,-0.3336454,3.2056739,0.1772355,-3.2056739,-0.1772355,"China"
811,22,-1.209357,42,"Cambodia",1967,"All","Cambodia",TRUE,2.426986,NA,3.636343,NA,-3.636343,NA,NA
811,23,-1.534384,42,"Cambodia",1968,"All","Cambodia",TRUE,2.295532,NA,3.829916,NA,-3.829916,NA,NA
811,24,-1.506618,27,"Cambodia",1969,"All","Cambodia",TRUE,2.119463,NA,3.626081,NA,-3.626081,NA,NA
811,25,0.5008538,45,"Cambodia",1970,"All","Cambodia",TRUE,2.171009,NA,1.6701552,NA,-1.6701552,NA,NA
811,26,0.6746581,85,"Cambodia",1971,"All","Cambodia",TRUE,1.767618,-0.9760724,1.0929599,1.6507305,-1.0929599,1.6507305,"United States"
811,27,0.3628187,89,"Cambodia",1972,"All","Cambodia",TRUE,2.135975,-0.7156992,1.7731563,1.0785179,-1.7731563,1.0785179,"China"
811,28,0.6079318,72,"Cambodia",1973,"All","Cambodia",TRUE,2.195541,-0.5740909,1.5876092,1.1820227,-1.5876092,1.1820227,"China"
811,29,0.3015807,71,"Cambodia",1974,"All","Cambodia",TRUE,2.077391,-0.8566171,1.7758103,1.1581978,-1.7758103,1.1581978,"China"
811,30,-0.3373678,23,"Cambodia",1975,"All","Cambodia",TRUE,2.360075,-0.2756341,2.6974428,0.0617337,-2.6974428,-0.0617337,"China"
811,31,-0.7220857,27,"Cambodia",1976,"All","Cambodia",TRUE,2.750583,-1.053044,3.4726687,0.3309583,-3.4726687,0.3309583,"China"
811,33,-0.5965936,24,"Cambodia",1978,"All","Cambodia",TRUE,2.295686,-0.2469549,2.8922796,0.3496387,-2.8922796,-0.3496387,"China"
811,34,-0.1568647,83,"Cambodia",1979,"All","Cambodia",TRUE,2.354093,-0.05311142,2.5109577,0.10375328,-2.5109577,-0.10375328,"China"
811,35,0.04200968,76,"Cambodia",1980,"All","Cambodia",TRUE,2.450686,-0.03347984,2.40867632,0.07548952,-2.40867632,0.07548952,"China"
811,36,-0.02322949,108,"Cambodia",1981,"All","Cambodia",TRUE,2.767644,-0.02059494,2.79087349,0.00263455,-2.79087349,-0.00263455,"China"
811,37,-0.004971991,136,"Cambodia",1982,"All","Cambodia",TRUE,2.654563,0.1867089,2.659534991,0.191680891,-2.659534991,-0.191680891,"China"
811,38,-0.01894437,129,"Cambodia",1983,"All","Cambodia",TRUE,2.653316,0.1706566,2.67226037,0.18960097,-2.67226037,-0.18960097,"China"
811,39,-0.114003,130,"Cambodia",1984,"All","Cambodia",TRUE,2.84451,0.1715943,2.958513,0.2855973,-2.958513,-0.2855973,"China"
811,40,0.003128131,139,"Cambodia",1985,"All","Cambodia",TRUE,2.85444,0.1814985,2.851311869,0.178370369,-2.851311869,-0.178370369,"China"
811,41,-0.1026582,128,"Cambodia",1986,"All","Cambodia",TRUE,2.985282,0.1866047,3.0879402,0.2892629,-3.0879402,-0.2892629,"China"
811,42,-0.3000398,118,"Cambodia",1987,"All","Cambodia",TRUE,3.070334,0.1958159,3.3703738,0.4958557,-3.3703738,-0.4958557,"China"
811,43,-0.4943669,109,"Cambodia",1988,"All","Cambodia",TRUE,3.068073,-0.02298023,3.5624399,0.47138667,-3.5624399,-0.47138667,"China"
811,44,-0.4897726,106,"Cambodia",1989,"All","Cambodia",TRUE,3.15064,-0.07522176,3.6404126,0.41455084,-3.6404126,-0.41455084,"China"
811,46,-0.5320443,29,"Cambodia",1991,"All","Cambodia",TRUE,2.977167,-0.3023714,3.5092113,0.2296729,-3.5092113,-0.2296729,"China"
811,47,-0.5387518,1,"Cambodia",1992,"All","Cambodia",TRUE,3.000798,-0.7356746,3.5395498,0.1969228,-3.5395498,0.1969228,"China"
811,48,-0.5857509,45,"Cambodia",1993,"All","Cambodia",TRUE,2.955602,-1.396082,3.5413529,0.8103311,-3.5413529,0.8103311,"China"
811,49,-0.1120619,56,"Cambodia",1994,"All","Cambodia",TRUE,3.009216,-1.634709,3.1212779,1.5226471,-3.1212779,1.5226471,"China"
811,50,-0.05979776,56,"Cambodia",1995,"All","Cambodia",TRUE,3.130082,-1.502986,3.18987976,1.44318824,-3.18987976,1.44318824,"China"
811,51,-0.1171533,71,"Cambodia",1996,"All","Cambodia",TRUE,3.14783,-1.268106,3.2649833,1.1509527,-3.2649833,1.1509527,"China"
811,54,-0.874874,64,"Cambodia",1999,"All","Cambodia",TRUE,2.681448,-0.6680064,3.556322,0.2068676,-3.556322,-0.2068676,"China"
811,55,-0.8204133,64,"Cambodia",2000,"All","Cambodia",TRUE,2.664088,-0.7359335,3.4845013,0.0844798,-3.4845013,-0.0844798,"China"
811,56,-0.7865565,64,"Cambodia",2001,"All","Cambodia",TRUE,2.655105,-0.5852949,3.4416615,0.2012616,-3.4416615,-0.2012616,"China"
811,57,-0.7616476,72,"Cambodia",2002,"All","Cambodia",TRUE,2.733395,-0.5386405,3.4950426,0.2230071,-3.4950426,-0.2230071,"China"
811,58,-0.6785118,76,"Cambodia",2003,"All","Cambodia",TRUE,2.902368,-0.9454819,3.5808798,0.2669701,-3.5808798,0.2669701,"China"
811,59,-0.5849216,69,"Cambodia",2004,"All","Cambodia",TRUE,2.819677,-0.8424348,3.4045986,0.2575132,-3.4045986,0.2575132,"China"
811,60,-0.7145211,67,"Cambodia",2005,"All","Cambodia",TRUE,2.889729,-0.7408335,3.6042501,0.0263124,-3.6042501,0.0263124,"China"
811,61,-0.8991644,83,"Cambodia",2006,"All","Cambodia",TRUE,2.81137,-0.8690618,3.7105344,0.0301026,-3.7105344,-0.0301026,"China"
811,62,-0.628271,74,"Cambodia",2007,"All","Cambodia",TRUE,2.743266,-0.6327519,3.371537,0.00448090000000001,-3.371537,0.00448090000000001,"China"
811,63,-0.6983578,72,"Cambodia",2008,"All","Cambodia",TRUE,2.737774,-0.6557925,3.4361318,0.0425653,-3.4361318,-0.0425653,"China"
811,64,-0.6712793,51,"Cambodia",2009,"All","Cambodia",TRUE,2.54631,-0.6256859,3.2175893,0.0455934,-3.2175893,-0.0455934,"China"
811,65,-0.7582411,65,"Cambodia",2010,"All","Cambodia",TRUE,2.519054,-0.8585649,3.2772951,0.1003238,-3.2772951,0.1003238,"China"
811,66,-0.8291119,61,"Cambodia",2011,"All","Cambodia",TRUE,2.496376,-0.7636184,3.3254879,0.0654935,-3.3254879,-0.0654935,"China"
811,67,-0.6615037,68,"Cambodia",2012,"All","Cambodia",TRUE,2.58958,-0.8569092,3.2510837,0.1954055,-3.2510837,0.1954055,"China"
811,68,-0.7863701,60,"Cambodia",2013,"All","Cambodia",TRUE,2.676666,-0.5181141,3.4630361,0.268256,-3.4630361,-0.268256,"China"
811,69,-0.7572216,77,"Cambodia",2014,"All","Cambodia",TRUE,2.668466,-0.8420048,3.4256876,0.0847831999999999,-3.4256876,0.0847831999999999,"China"
811,70,-0.968822,71,"Cambodia",2015,"All","Cambodia",TRUE,2.592322,-0.2594838,3.561144,0.7093382,-3.561144,-0.7093382,"China"
811,71,-0.9027974,73,"Cambodia",2016,"All","Cambodia",TRUE,2.53694,-0.4501334,3.4397374,0.452664,-3.4397374,-0.452664,"China"
811,72,-1.017854,89,"Cambodia",2017,"All","Cambodia",TRUE,2.680102,-0.3777864,3.697956,0.6400676,-3.697956,-0.6400676,"China"
811,73,-1.311314,93,"Cambodia",2018,"All","Cambodia",TRUE,2.786768,-0.4894719,4.098082,0.8218421,-4.098082,-0.8218421,"China"
811,74,-1.211804,89,"Cambodia",2019,"All","Cambodia",TRUE,2.694793,-0.3336454,3.906597,0.8781586,-3.906597,-0.8781586,"China"
812,22,0.211606,46,"Laos",1967,"All","Laos",TRUE,2.426986,NA,2.21538,NA,-2.21538,NA,NA
812,23,0.4228936,51,"Laos",1968,"All","Laos",TRUE,2.295532,NA,1.8726384,NA,-1.8726384,NA,NA
812,24,0.399099,39,"Laos",1969,"All","Laos",TRUE,2.119463,NA,1.720364,NA,-1.720364,NA,NA
812,25,0.2436515,53,"Laos",1970,"All","Laos",TRUE,2.171009,NA,1.9273575,NA,-1.9273575,NA,NA
812,26,0.458163,92,"Laos",1971,"All","Laos",TRUE,1.767618,-0.9760724,1.309455,1.4342354,-1.309455,1.4342354,"United States"
812,27,0.7412372,91,"Laos",1972,"All","Laos",TRUE,2.135975,-0.7156992,1.3947378,1.4569364,-1.3947378,1.4569364,"United States"
812,28,0.2541093,70,"Laos",1973,"All","Laos",TRUE,2.195541,-0.5740909,1.9414317,0.8282002,-1.9414317,0.8282002,"China"
812,29,0.5541103,70,"Laos",1974,"All","Laos",TRUE,2.077391,-0.8566171,1.5232807,1.4107274,-1.5232807,1.4107274,"China"
812,30,-0.4062437,69,"Laos",1975,"All","Laos",TRUE,2.360075,-0.2756341,2.7663187,0.1306096,-2.7663187,-0.1306096,"China"
812,31,-0.4775069,87,"Laos",1976,"All","Laos",TRUE,2.750583,-1.053044,3.2280899,0.5755371,-3.2280899,0.5755371,"China"
812,32,-0.4087299,82,"Laos",1977,"All","Laos",TRUE,2.313392,-0.8193988,2.7221219,0.4106689,-2.7221219,0.4106689,"China"
812,33,-0.7505633,101,"Laos",1978,"All","Laos",TRUE,2.295686,-0.2469549,3.0462493,0.5036084,-3.0462493,-0.5036084,"China"
812,34,-1.01873,99,"Laos",1979,"All","Laos",TRUE,2.354093,-0.05311142,3.372823,0.96561858,-3.372823,-0.96561858,"China"
812,35,-1.722776,89,"Laos",1980,"All","Laos",TRUE,2.450686,-0.03347984,4.173462,1.68929616,-4.173462,-1.68929616,"China"
812,36,-1.805302,120,"Laos",1981,"All","Laos",TRUE,2.767644,-0.02059494,4.572946,1.78470706,-4.572946,-1.78470706,"China"
812,37,-1.71412,141,"Laos",1982,"All","Laos",TRUE,2.654563,0.1867089,4.368683,1.9008289,-4.368683,-1.9008289,"China"
812,38,-1.595446,133,"Laos",1983,"All","Laos",TRUE,2.653316,0.1706566,4.248762,1.7661026,-4.248762,-1.7661026,"China"
812,39,-1.563466,146,"Laos",1984,"All","Laos",TRUE,2.84451,0.1715943,4.407976,1.7350603,-4.407976,-1.7350603,"China"
812,40,-1.63855,138,"Laos",1985,"All","Laos",TRUE,2.85444,0.1814985,4.49299,1.8200485,-4.49299,-1.8200485,"China"
812,41,-1.531042,145,"Laos",1986,"All","Laos",TRUE,2.985282,0.1866047,4.516324,1.7176467,-4.516324,-1.7176467,"China"
812,42,-1.243326,137,"Laos",1987,"All","Laos",TRUE,3.070334,0.1958159,4.31366,1.4391419,-4.31366,-1.4391419,"China"
812,43,-0.8939703,134,"Laos",1988,"All","Laos",TRUE,3.068073,-0.02298023,3.9620433,0.87099007,-3.9620433,-0.87099007,"China"
812,44,-0.700737,112,"Laos",1989,"All","Laos",TRUE,3.15064,-0.07522176,3.851377,0.62551524,-3.851377,-0.62551524,"China"
812,45,-0.7428994,83,"Laos",1990,"All","Laos",TRUE,3.06766,-0.1670653,3.8105594,0.5758341,-3.8105594,-0.5758341,"China"
812,46,-0.85334,73,"Laos",1991,"All","Laos",TRUE,2.977167,-0.3023714,3.830507,0.5509686,-3.830507,-0.5509686,"China"
812,47,-1.014907,70,"Laos",1992,"All","Laos",TRUE,3.000798,-0.7356746,4.015705,0.2792324,-4.015705,-0.2792324,"China"
812,48,-1.153396,60,"Laos",1993,"All","Laos",TRUE,2.955602,-1.396082,4.108998,0.242686,-4.108998,0.242686,"China"
812,49,-1.394321,56,"Laos",1994,"All","Laos",TRUE,3.009216,-1.634709,4.403537,0.240388,-4.403537,0.240388,"China"
812,50,-1.204227,72,"Laos",1995,"All","Laos",TRUE,3.130082,-1.502986,4.334309,0.298759,-4.334309,0.298759,"China"
812,51,-1.145742,63,"Laos",1996,"All","Laos",TRUE,3.14783,-1.268106,4.293572,0.122364,-4.293572,0.122364,"China"
812,52,-1.303954,63,"Laos",1997,"All","Laos",TRUE,2.983911,-1.145413,4.287865,0.158541,-4.287865,-0.158541,"China"
812,53,-1.131467,55,"Laos",1998,"All","Laos",TRUE,2.814332,-0.4421162,3.945799,0.6893508,-3.945799,-0.6893508,"China"
812,54,-1.16003,62,"Laos",1999,"All","Laos",TRUE,2.681448,-0.6680064,3.841478,0.4920236,-3.841478,-0.4920236,"China"
812,55,-1.175736,63,"Laos",2000,"All","Laos",TRUE,2.664088,-0.7359335,3.839824,0.4398025,-3.839824,-0.4398025,"China"
812,56,-1.310367,61,"Laos",2001,"All","Laos",TRUE,2.655105,-0.5852949,3.965472,0.7250721,-3.965472,-0.7250721,"China"
812,57,-1.077704,63,"Laos",2002,"All","Laos",TRUE,2.733395,-0.5386405,3.811099,0.5390635,-3.811099,-0.5390635,"China"
812,58,-0.7309938,69,"Laos",2003,"All","Laos",TRUE,2.902368,-0.9454819,3.6333618,0.2144881,-3.6333618,0.2144881,"China"
812,59,-0.8633823,68,"Laos",2004,"All","Laos",TRUE,2.819677,-0.8424348,3.6830593,0.0209475,-3.6830593,-0.0209475,"China"
812,60,-0.706509,70,"Laos",2005,"All","Laos",TRUE,2.889729,-0.7408335,3.596238,0.0343245,-3.596238,0.0343245,"China"
812,61,-0.9057626,82,"Laos",2006,"All","Laos",TRUE,2.81137,-0.8690618,3.7171326,0.0367008,-3.7171326,-0.0367008,"China"
812,62,-0.770207,74,"Laos",2007,"All","Laos",TRUE,2.743266,-0.6327519,3.513473,0.1374551,-3.513473,-0.1374551,"China"
812,63,-0.7844991,70,"Laos",2008,"All","Laos",TRUE,2.737774,-0.6557925,3.5222731,0.1287066,-3.5222731,-0.1287066,"China"
812,64,-0.9056227,63,"Laos",2009,"All","Laos",TRUE,2.54631,-0.6256859,3.4519327,0.2799368,-3.4519327,-0.2799368,"China"
812,65,-0.8596067,66,"Laos",2010,"All","Laos",TRUE,2.519054,-0.8585649,3.3786607,0.00104179999999998,-3.3786607,-0.00104179999999998,"China"
812,66,-0.9556472,62,"Laos",2011,"All","Laos",TRUE,2.496376,-0.7636184,3.4520232,0.1920288,-3.4520232,-0.1920288,"China"
812,67,-0.7483954,67,"Laos",2012,"All","Laos",TRUE,2.58958,-0.8569092,3.3379754,0.1085138,-3.3379754,0.1085138,"China"
812,68,-0.8911476,62,"Laos",2013,"All","Laos",TRUE,2.676666,-0.5181141,3.5678136,0.3730335,-3.5678136,-0.3730335,"China"
812,69,-1.095788,77,"Laos",2014,"All","Laos",TRUE,2.668466,-0.8420048,3.764254,0.2537832,-3.764254,-0.2537832,"China"
812,70,-1.198651,71,"Laos",2015,"All","Laos",TRUE,2.592322,-0.2594838,3.790973,0.9391672,-3.790973,-0.9391672,"China"
812,71,-0.9615447,74,"Laos",2016,"All","Laos",TRUE,2.53694,-0.4501334,3.4984847,0.5114113,-3.4984847,-0.5114113,"China"
812,72,-1.184827,88,"Laos",2017,"All","Laos",TRUE,2.680102,-0.3777864,3.864929,0.8070406,-3.864929,-0.8070406,"China"
812,73,-1.071351,94,"Laos",2018,"All","Laos",TRUE,2.786768,-0.4894719,3.858119,0.5818791,-3.858119,-0.5818791,"China"
812,74,-0.9003623,91,"Laos",2019,"All","Laos",TRUE,2.694793,-0.3336454,3.5951553,0.5667169,-3.5951553,-0.5667169,"China"
816,32,-1.118072,65,"Vietnam",1977,"All","Vietnam",TRUE,2.313392,-0.8193988,3.431464,0.2986732,-3.431464,-0.2986732,"China"
816,33,-0.9167195,84,"Vietnam",1978,"All","Vietnam",TRUE,2.295686,-0.2469549,3.2124055,0.6697646,-3.2124055,-0.6697646,"China"
816,34,-1.241613,99,"Vietnam",1979,"All","Vietnam",TRUE,2.354093,-0.05311142,3.595706,1.18850158,-3.595706,-1.18850158,"China"
816,35,-1.527004,89,"Vietnam",1980,"All","Vietnam",TRUE,2.450686,-0.03347984,3.97769,1.49352416,-3.97769,-1.49352416,"China"
816,36,-1.778034,122,"Vietnam",1981,"All","Vietnam",TRUE,2.767644,-0.02059494,4.545678,1.75743906,-4.545678,-1.75743906,"China"
816,37,-1.645482,147,"Vietnam",1982,"All","Vietnam",TRUE,2.654563,0.1867089,4.300045,1.8321909,-4.300045,-1.8321909,"China"
816,38,-1.619061,139,"Vietnam",1983,"All","Vietnam",TRUE,2.653316,0.1706566,4.272377,1.7897176,-4.272377,-1.7897176,"China"
816,39,-1.458783,145,"Vietnam",1984,"All","Vietnam",TRUE,2.84451,0.1715943,4.303293,1.6303773,-4.303293,-1.6303773,"China"
816,40,-1.589165,142,"Vietnam",1985,"All","Vietnam",TRUE,2.85444,0.1814985,4.443605,1.7706635,-4.443605,-1.7706635,"China"
816,41,-1.527537,145,"Vietnam",1986,"All","Vietnam",TRUE,2.985282,0.1866047,4.512819,1.7141417,-4.512819,-1.7141417,"China"
816,42,-1.223249,142,"Vietnam",1987,"All","Vietnam",TRUE,3.070334,0.1958159,4.293583,1.4190649,-4.293583,-1.4190649,"China"
816,43,-1.293178,134,"Vietnam",1988,"All","Vietnam",TRUE,3.068073,-0.02298023,4.361251,1.27019777,-4.361251,-1.27019777,"China"
816,44,-0.7832253,114,"Vietnam",1989,"All","Vietnam",TRUE,3.15064,-0.07522176,3.9338653,0.70800354,-3.9338653,-0.70800354,"China"
816,45,-0.9032005,84,"Vietnam",1990,"All","Vietnam",TRUE,3.06766,-0.1670653,3.9708605,0.7361352,-3.9708605,-0.7361352,"China"
816,46,-1.041696,73,"Vietnam",1991,"All","Vietnam",TRUE,2.977167,-0.3023714,4.018863,0.7393246,-4.018863,-0.7393246,"China"
816,47,-1.299378,73,"Vietnam",1992,"All","Vietnam",TRUE,3.000798,-0.7356746,4.300176,0.5637034,-4.300176,-0.5637034,"China"
816,48,-1.610302,64,"Vietnam",1993,"All","Vietnam",TRUE,2.955602,-1.396082,4.565904,0.21422,-4.565904,-0.21422,"China"
816,49,-1.658764,61,"Vietnam",1994,"All","Vietnam",TRUE,3.009216,-1.634709,4.66798,0.0240549999999999,-4.66798,-0.0240549999999999,"China"
816,50,-1.545748,74,"Vietnam",1995,"All","Vietnam",TRUE,3.130082,-1.502986,4.67583,0.042762,-4.67583,-0.042762,"China"
816,51,-1.421923,66,"Vietnam",1996,"All","Vietnam",TRUE,3.14783,-1.268106,4.569753,0.153817,-4.569753,-0.153817,"China"
816,52,-1.55807,63,"Vietnam",1997,"All","Vietnam",TRUE,2.983911,-1.145413,4.541981,0.412657,-4.541981,-0.412657,"China"
816,53,-1.311989,55,"Vietnam",1998,"All","Vietnam",TRUE,2.814332,-0.4421162,4.126321,0.8698728,-4.126321,-0.8698728,"China"
816,54,-1.474536,60,"Vietnam",1999,"All","Vietnam",TRUE,2.681448,-0.6680064,4.155984,0.8065296,-4.155984,-0.8065296,"China"
816,55,-1.298028,62,"Vietnam",2000,"All","Vietnam",TRUE,2.664088,-0.7359335,3.962116,0.5620945,-3.962116,-0.5620945,"China"
816,56,-1.380804,61,"Vietnam",2001,"All","Vietnam",TRUE,2.655105,-0.5852949,4.035909,0.7955091,-4.035909,-0.7955091,"China"
816,57,-1.425747,70,"Vietnam",2002,"All","Vietnam",TRUE,2.733395,-0.5386405,4.159142,0.8871065,-4.159142,-0.8871065,"China"
816,58,-1.532455,71,"Vietnam",2003,"All","Vietnam",TRUE,2.902368,-0.9454819,4.434823,0.5869731,-4.434823,-0.5869731,"China"
816,59,-1.485679,66,"Vietnam",2004,"All","Vietnam",TRUE,2.819677,-0.8424348,4.305356,0.6432442,-4.305356,-0.6432442,"China"
816,60,-1.405593,67,"Vietnam",2005,"All","Vietnam",TRUE,2.889729,-0.7408335,4.295322,0.6647595,-4.295322,-0.6647595,"China"
816,61,-1.417416,89,"Vietnam",2006,"All","Vietnam",TRUE,2.81137,-0.8690618,4.228786,0.5483542,-4.228786,-0.5483542,"China"
816,62,-1.223048,76,"Vietnam",2007,"All","Vietnam",TRUE,2.743266,-0.6327519,3.966314,0.5902961,-3.966314,-0.5902961,"China"
816,63,-1.290977,71,"Vietnam",2008,"All","Vietnam",TRUE,2.737774,-0.6557925,4.028751,0.6351845,-4.028751,-0.6351845,"China"
816,64,-1.297024,65,"Vietnam",2009,"All","Vietnam",TRUE,2.54631,-0.6256859,3.843334,0.6713381,-3.843334,-0.6713381,"China"
816,65,-1.294863,66,"Vietnam",2010,"All","Vietnam",TRUE,2.519054,-0.8585649,3.813917,0.4362981,-3.813917,-0.4362981,"China"
816,66,-1.226559,66,"Vietnam",2011,"All","Vietnam",TRUE,2.496376,-0.7636184,3.722935,0.4629406,-3.722935,-0.4629406,"China"
816,67,-1.144086,68,"Vietnam",2012,"All","Vietnam",TRUE,2.58958,-0.8569092,3.733666,0.2871768,-3.733666,-0.2871768,"China"
816,68,-1.118149,62,"Vietnam",2013,"All","Vietnam",TRUE,2.676666,-0.5181141,3.794815,0.6000349,-3.794815,-0.6000349,"China"
816,69,-1.113908,78,"Vietnam",2014,"All","Vietnam",TRUE,2.668466,-0.8420048,3.782374,0.2719032,-3.782374,-0.2719032,"China"
816,70,-1.085462,69,"Vietnam",2015,"All","Vietnam",TRUE,2.592322,-0.2594838,3.677784,0.8259782,-3.677784,-0.8259782,"China"
816,71,-1.103752,74,"Vietnam",2016,"All","Vietnam",TRUE,2.53694,-0.4501334,3.640692,0.6536186,-3.640692,-0.6536186,"China"
816,72,-0.9702065,89,"Vietnam",2017,"All","Vietnam",TRUE,2.680102,-0.3777864,3.6503085,0.5924201,-3.6503085,-0.5924201,"China"
816,73,-0.8979024,94,"Vietnam",2018,"All","Vietnam",TRUE,2.786768,-0.4894719,3.6846704,0.4084305,-3.6846704,-0.4084305,"China"
816,74,-0.8158486,89,"Vietnam",2019,"All","Vietnam",TRUE,2.694793,-0.3336454,3.5106416,0.4822032,-3.5106416,-0.4822032,"China"
820,22,-0.2067994,55,"Malaysia",1967,"All","Malaysia",TRUE,2.426986,NA,2.6337854,NA,-2.6337854,NA,NA
820,23,0.5581455,51,"Malaysia",1968,"All","Malaysia",TRUE,2.295532,NA,1.7373865,NA,-1.7373865,NA,NA
820,24,0.3651082,44,"Malaysia",1969,"All","Malaysia",TRUE,2.119463,NA,1.7543548,NA,-1.7543548,NA,NA
820,25,0.03083723,67,"Malaysia",1970,"All","Malaysia",TRUE,2.171009,NA,2.14017177,NA,-2.14017177,NA,NA
820,26,-0.2214808,116,"Malaysia",1971,"All","Malaysia",TRUE,1.767618,-0.9760724,1.9890988,0.7545916,-1.9890988,0.7545916,"China"
820,27,-0.1489833,100,"Malaysia",1972,"All","Malaysia",TRUE,2.135975,-0.7156992,2.2849583,0.5667159,-2.2849583,0.5667159,"China"
820,28,-0.0296681,90,"Malaysia",1973,"All","Malaysia",TRUE,2.195541,-0.5740909,2.2252091,0.5444228,-2.2252091,0.5444228,"China"
820,29,0.1544201,73,"Malaysia",1974,"All","Malaysia",TRUE,2.077391,-0.8566171,1.9229709,1.0110372,-1.9229709,1.0110372,"China"
820,30,-0.08858551,69,"Malaysia",1975,"All","Malaysia",TRUE,2.360075,-0.2756341,2.44866051,0.18704859,-2.44866051,0.18704859,"China"
820,31,-0.1284095,87,"Malaysia",1976,"All","Malaysia",TRUE,2.750583,-1.053044,2.8789925,0.9246345,-2.8789925,0.9246345,"China"
820,32,0.01341196,91,"Malaysia",1977,"All","Malaysia",TRUE,2.313392,-0.8193988,2.29998004,0.83281076,-2.29998004,0.83281076,"China"
820,33,-0.1295591,127,"Malaysia",1978,"All","Malaysia",TRUE,2.295686,-0.2469549,2.4252451,0.1173958,-2.4252451,0.1173958,"China"
820,34,-0.04905508,122,"Malaysia",1979,"All","Malaysia",TRUE,2.354093,-0.05311142,2.40314808,0.00405634,-2.40314808,0.00405634,"China"
820,35,-0.07671338,102,"Malaysia",1980,"All","Malaysia",TRUE,2.450686,-0.03347984,2.52739938,0.04323354,-2.52739938,-0.04323354,"China"
820,36,-0.09054285,134,"Malaysia",1981,"All","Malaysia",TRUE,2.767644,-0.02059494,2.85818685,0.06994791,-2.85818685,-0.06994791,"China"
820,37,-0.05159874,158,"Malaysia",1982,"All","Malaysia",TRUE,2.654563,0.1867089,2.70616174,0.23830764,-2.70616174,-0.23830764,"China"
820,38,-0.1692587,149,"Malaysia",1983,"All","Malaysia",TRUE,2.653316,0.1706566,2.8225747,0.3399153,-2.8225747,-0.3399153,"China"
820,39,-0.2104072,148,"Malaysia",1984,"All","Malaysia",TRUE,2.84451,0.1715943,3.0549172,0.3820015,-3.0549172,-0.3820015,"China"
820,40,-0.08585492,153,"Malaysia",1985,"All","Malaysia",TRUE,2.85444,0.1814985,2.94029492,0.26735342,-2.94029492,-0.26735342,"China"
820,41,-0.2829036,153,"Malaysia",1986,"All","Malaysia",TRUE,2.985282,0.1866047,3.2681856,0.4695083,-3.2681856,-0.4695083,"China"
820,42,-0.2992736,144,"Malaysia",1987,"All","Malaysia",TRUE,3.070334,0.1958159,3.3696076,0.4950895,-3.3696076,-0.4950895,"China"
820,43,-0.3041643,135,"Malaysia",1988,"All","Malaysia",TRUE,3.068073,-0.02298023,3.3722373,0.28118407,-3.3722373,-0.28118407,"China"
820,44,-0.5607435,115,"Malaysia",1989,"All","Malaysia",TRUE,3.15064,-0.07522176,3.7113835,0.48552174,-3.7113835,-0.48552174,"China"
820,45,-0.7447847,86,"Malaysia",1990,"All","Malaysia",TRUE,3.06766,-0.1670653,3.8124447,0.5777194,-3.8124447,-0.5777194,"China"
820,46,-1.265489,75,"Malaysia",1991,"All","Malaysia",TRUE,2.977167,-0.3023714,4.242656,0.9631176,-4.242656,-0.9631176,"China"
820,47,-1.134028,74,"Malaysia",1992,"All","Malaysia",TRUE,3.000798,-0.7356746,4.134826,0.3983534,-4.134826,-0.3983534,"China"
820,48,-1.144714,65,"Malaysia",1993,"All","Malaysia",TRUE,2.955602,-1.396082,4.100316,0.251368,-4.100316,0.251368,"China"
820,49,-0.825638,66,"Malaysia",1994,"All","Malaysia",TRUE,3.009216,-1.634709,3.834854,0.809071,-3.834854,0.809071,"China"
820,50,-0.7081681,81,"Malaysia",1995,"All","Malaysia",TRUE,3.130082,-1.502986,3.8382501,0.7948179,-3.8382501,0.7948179,"China"
820,51,-0.709416,74,"Malaysia",1996,"All","Malaysia",TRUE,3.14783,-1.268106,3.857246,0.55869,-3.857246,0.55869,"China"
820,52,-0.7307247,72,"Malaysia",1997,"All","Malaysia",TRUE,2.983911,-1.145413,3.7146357,0.4146883,-3.7146357,0.4146883,"China"
820,53,-0.6943839,64,"Malaysia",1998,"All","Malaysia",TRUE,2.814332,-0.4421162,3.5087159,0.2522677,-3.5087159,-0.2522677,"China"
820,54,-0.6770912,68,"Malaysia",1999,"All","Malaysia",TRUE,2.681448,-0.6680064,3.3585392,0.0090848,-3.3585392,-0.0090848,"China"
820,55,-0.7170871,67,"Malaysia",2000,"All","Malaysia",TRUE,2.664088,-0.7359335,3.3811751,0.0188464,-3.3811751,0.0188464,"China"
820,56,-0.9707743,67,"Malaysia",2001,"All","Malaysia",TRUE,2.655105,-0.5852949,3.6258793,0.3854794,-3.6258793,-0.3854794,"China"
820,57,-0.8086235,74,"Malaysia",2002,"All","Malaysia",TRUE,2.733395,-0.5386405,3.5420185,0.269983,-3.5420185,-0.269983,"China"
820,58,-1.019912,76,"Malaysia",2003,"All","Malaysia",TRUE,2.902368,-0.9454819,3.92228,0.0744300999999999,-3.92228,-0.0744300999999999,"China"
820,59,-0.8351454,72,"Malaysia",2004,"All","Malaysia",TRUE,2.819677,-0.8424348,3.6548224,0.0072894,-3.6548224,0.0072894,"China"
820,60,-1.141909,75,"Malaysia",2005,"All","Malaysia",TRUE,2.889729,-0.7408335,4.031638,0.4010755,-4.031638,-0.4010755,"China"
820,61,-0.8188019,92,"Malaysia",2006,"All","Malaysia",TRUE,2.81137,-0.8690618,3.6301719,0.0502599,-3.6301719,0.0502599,"China"
820,62,-1.150309,79,"Malaysia",2007,"All","Malaysia",TRUE,2.743266,-0.6327519,3.893575,0.5175571,-3.893575,-0.5175571,"China"
820,63,-0.9006664,75,"Malaysia",2008,"All","Malaysia",TRUE,2.737774,-0.6557925,3.6384404,0.2448739,-3.6384404,-0.2448739,"China"
820,64,-1.085097,67,"Malaysia",2009,"All","Malaysia",TRUE,2.54631,-0.6256859,3.631407,0.4594111,-3.631407,-0.4594111,"China"
820,65,-1.214377,68,"Malaysia",2010,"All","Malaysia",TRUE,2.519054,-0.8585649,3.733431,0.3558121,-3.733431,-0.3558121,"China"
820,66,-0.7337141,68,"Malaysia",2011,"All","Malaysia",TRUE,2.496376,-0.7636184,3.2300901,0.0299043,-3.2300901,0.0299043,"China"
820,67,-0.8216565,69,"Malaysia",2012,"All","Malaysia",TRUE,2.58958,-0.8569092,3.4112365,0.0352527,-3.4112365,0.0352527,"China"
820,68,-0.6120587,64,"Malaysia",2013,"All","Malaysia",TRUE,2.676666,-0.5181141,3.2887247,0.0939445999999999,-3.2887247,-0.0939445999999999,"China"
820,69,-0.8141416,80,"Malaysia",2014,"All","Malaysia",TRUE,2.668466,-0.8420048,3.4826076,0.0278632,-3.4826076,0.0278632,"China"
820,70,-0.7539126,73,"Malaysia",2015,"All","Malaysia",TRUE,2.592322,-0.2594838,3.3462346,0.4944288,-3.3462346,-0.4944288,"China"
820,71,-0.7258002,76,"Malaysia",2016,"All","Malaysia",TRUE,2.53694,-0.4501334,3.2627402,0.2756668,-3.2627402,-0.2756668,"China"
820,72,-0.7285891,87,"Malaysia",2017,"All","Malaysia",TRUE,2.680102,-0.3777864,3.4086911,0.3508027,-3.4086911,-0.3508027,"China"
820,73,-0.707167,94,"Malaysia",2018,"All","Malaysia",TRUE,2.786768,-0.4894719,3.493935,0.2176951,-3.493935,-0.2176951,"China"
820,74,-0.7350401,91,"Malaysia",2019,"All","Malaysia",TRUE,2.694793,-0.3336454,3.4298331,0.4013947,-3.4298331,-0.4013947,"China"
830,22,-0.2541428,46,"Singapore",1967,"All","Singapore",TRUE,2.426986,NA,2.6811288,NA,-2.6811288,NA,NA
830,23,-0.06829479,51,"Singapore",1968,"All","Singapore",TRUE,2.295532,NA,2.36382679,NA,-2.36382679,NA,NA
830,24,0.2169616,38,"Singapore",1969,"All","Singapore",TRUE,2.119463,NA,1.9025014,NA,-1.9025014,NA,NA
830,25,0.1826552,64,"Singapore",1970,"All","Singapore",TRUE,2.171009,NA,1.9883538,NA,-1.9883538,NA,NA
830,26,0.2542822,119,"Singapore",1971,"All","Singapore",TRUE,1.767618,-0.9760724,1.5133358,1.2303546,-1.5133358,1.2303546,"China"
830,27,0.3251622,96,"Singapore",1972,"All","Singapore",TRUE,2.135975,-0.7156992,1.8108128,1.0408614,-1.8108128,1.0408614,"China"
830,28,0.08743088,90,"Singapore",1973,"All","Singapore",TRUE,2.195541,-0.5740909,2.10811012,0.66152178,-2.10811012,0.66152178,"China"
830,29,0.2636038,71,"Singapore",1974,"All","Singapore",TRUE,2.077391,-0.8566171,1.8137872,1.1202209,-1.8137872,1.1202209,"China"
830,30,0.2437402,66,"Singapore",1975,"All","Singapore",TRUE,2.360075,-0.2756341,2.1163348,0.5193743,-2.1163348,0.5193743,"China"
830,31,0.04754302,83,"Singapore",1976,"All","Singapore",TRUE,2.750583,-1.053044,2.70303998,1.10058702,-2.70303998,1.10058702,"China"
830,32,0.2098513,90,"Singapore",1977,"All","Singapore",TRUE,2.313392,-0.8193988,2.1035407,1.0292501,-2.1035407,1.0292501,"China"
830,33,0.3208412,125,"Singapore",1978,"All","Singapore",TRUE,2.295686,-0.2469549,1.9748448,0.5677961,-1.9748448,0.5677961,"China"
830,34,0.4022012,119,"Singapore",1979,"All","Singapore",TRUE,2.354093,-0.05311142,1.9518918,0.45531262,-1.9518918,0.45531262,"China"
830,35,0.3073592,99,"Singapore",1980,"All","Singapore",TRUE,2.450686,-0.03347984,2.1433268,0.34083904,-2.1433268,0.34083904,"China"
830,36,0.2668015,121,"Singapore",1981,"All","Singapore",TRUE,2.767644,-0.02059494,2.5008425,0.28739644,-2.5008425,0.28739644,"China"
830,37,0.2638299,148,"Singapore",1982,"All","Singapore",TRUE,2.654563,0.1867089,2.3907331,0.077121,-2.3907331,0.077121,"China"
830,38,0.08397244,142,"Singapore",1983,"All","Singapore",TRUE,2.653316,0.1706566,2.56934356,0.08668416,-2.56934356,-0.08668416,"China"
830,39,-0.05343077,139,"Singapore",1984,"All","Singapore",TRUE,2.84451,0.1715943,2.89794077,0.22502507,-2.89794077,-0.22502507,"China"
830,40,-0.01521441,139,"Singapore",1985,"All","Singapore",TRUE,2.85444,0.1814985,2.86965441,0.19671291,-2.86965441,-0.19671291,"China"
830,41,0.06272764,138,"Singapore",1986,"All","Singapore",TRUE,2.985282,0.1866047,2.92255436,0.12387706,-2.92255436,-0.12387706,"China"
830,42,0.07603314,136,"Singapore",1987,"All","Singapore",TRUE,3.070334,0.1958159,2.99430086,0.11978276,-2.99430086,-0.11978276,"China"
830,43,0.01409959,129,"Singapore",1988,"All","Singapore",TRUE,3.068073,-0.02298023,3.05397341,0.03707982,-3.05397341,0.03707982,"China"
830,44,-0.1204484,112,"Singapore",1989,"All","Singapore",TRUE,3.15064,-0.07522176,3.2710884,0.04522664,-3.2710884,-0.04522664,"China"
830,45,-0.2221511,86,"Singapore",1990,"All","Singapore",TRUE,3.06766,-0.1670653,3.2898111,0.0550858,-3.2898111,-0.0550858,"China"
830,46,-0.4305252,75,"Singapore",1991,"All","Singapore",TRUE,2.977167,-0.3023714,3.4076922,0.1281538,-3.4076922,-0.1281538,"China"
830,47,-0.1674723,74,"Singapore",1992,"All","Singapore",TRUE,3.000798,-0.7356746,3.1682703,0.5682023,-3.1682703,0.5682023,"China"
830,48,-0.2065345,65,"Singapore",1993,"All","Singapore",TRUE,2.955602,-1.396082,3.1621365,1.1895475,-3.1621365,1.1895475,"China"
830,49,-0.2829695,68,"Singapore",1994,"All","Singapore",TRUE,3.009216,-1.634709,3.2921855,1.3517395,-3.2921855,1.3517395,"China"
830,50,-0.3253058,81,"Singapore",1995,"All","Singapore",TRUE,3.130082,-1.502986,3.4553878,1.1776802,-3.4553878,1.1776802,"China"
830,51,-0.4127312,74,"Singapore",1996,"All","Singapore",TRUE,3.14783,-1.268106,3.5605612,0.8553748,-3.5605612,0.8553748,"China"
830,52,-0.5714862,72,"Singapore",1997,"All","Singapore",TRUE,2.983911,-1.145413,3.5553972,0.5739268,-3.5553972,0.5739268,"China"
830,53,-0.2649548,64,"Singapore",1998,"All","Singapore",TRUE,2.814332,-0.4421162,3.0792868,0.1771614,-3.0792868,0.1771614,"China"
830,54,-0.3553609,67,"Singapore",1999,"All","Singapore",TRUE,2.681448,-0.6680064,3.0368089,0.3126455,-3.0368089,0.3126455,"China"
830,55,-0.1969106,67,"Singapore",2000,"All","Singapore",TRUE,2.664088,-0.7359335,2.8609986,0.5390229,-2.8609986,0.5390229,"China"
830,56,-0.2843417,68,"Singapore",2001,"All","Singapore",TRUE,2.655105,-0.5852949,2.9394467,0.3009532,-2.9394467,0.3009532,"China"
830,57,-0.1752234,74,"Singapore",2002,"All","Singapore",TRUE,2.733395,-0.5386405,2.9086184,0.3634171,-2.9086184,0.3634171,"China"
830,58,-0.181328,76,"Singapore",2003,"All","Singapore",TRUE,2.902368,-0.9454819,3.083696,0.7641539,-3.083696,0.7641539,"China"
830,59,-0.2258122,71,"Singapore",2004,"All","Singapore",TRUE,2.819677,-0.8424348,3.0454892,0.6166226,-3.0454892,0.6166226,"China"
830,60,-0.3244231,75,"Singapore",2005,"All","Singapore",TRUE,2.889729,-0.7408335,3.2141521,0.4164104,-3.2141521,0.4164104,"China"
830,61,-0.2509605,92,"Singapore",2006,"All","Singapore",TRUE,2.81137,-0.8690618,3.0623305,0.6181013,-3.0623305,0.6181013,"China"
830,62,-0.2576967,79,"Singapore",2007,"All","Singapore",TRUE,2.743266,-0.6327519,3.0009627,0.3750552,-3.0009627,0.3750552,"China"
830,63,-0.3819349,76,"Singapore",2008,"All","Singapore",TRUE,2.737774,-0.6557925,3.1197089,0.2738576,-3.1197089,0.2738576,"China"
830,64,-0.4208825,68,"Singapore",2009,"All","Singapore",TRUE,2.54631,-0.6256859,2.9671925,0.2048034,-2.9671925,0.2048034,"China"
830,65,-0.4830081,68,"Singapore",2010,"All","Singapore",TRUE,2.519054,-0.8585649,3.0020621,0.3755568,-3.0020621,0.3755568,"China"
830,66,-0.7073248,68,"Singapore",2011,"All","Singapore",TRUE,2.496376,-0.7636184,3.2037008,0.0562936000000001,-3.2037008,0.0562936000000001,"China"
830,67,-0.4183676,69,"Singapore",2012,"All","Singapore",TRUE,2.58958,-0.8569092,3.0079476,0.4385416,-3.0079476,0.4385416,"China"
830,68,-0.6413542,64,"Singapore",2013,"All","Singapore",TRUE,2.676666,-0.5181141,3.3180202,0.1232401,-3.3180202,-0.1232401,"China"
830,69,-0.4512846,80,"Singapore",2014,"All","Singapore",TRUE,2.668466,-0.8420048,3.1197506,0.3907202,-3.1197506,0.3907202,"China"
830,70,-0.6674758,73,"Singapore",2015,"All","Singapore",TRUE,2.592322,-0.2594838,3.2597978,0.407992,-3.2597978,-0.407992,"China"
830,71,-0.6288597,78,"Singapore",2016,"All","Singapore",TRUE,2.53694,-0.4501334,3.1657997,0.1787263,-3.1657997,-0.1787263,"China"
830,72,-0.7473469,90,"Singapore",2017,"All","Singapore",TRUE,2.680102,-0.3777864,3.4274489,0.3695605,-3.4274489,-0.3695605,"China"
830,73,-0.4258829,95,"Singapore",2018,"All","Singapore",TRUE,2.786768,-0.4894719,3.2126509,0.063589,-3.2126509,0.063589,"China"
830,74,-0.4694771,91,"Singapore",2019,"All","Singapore",TRUE,2.694793,-0.3336454,3.1642701,0.1358317,-3.1642701,-0.1358317,"China"
835,39,-0.08972363,146,"Brunei",1984,"All","Brunei",TRUE,2.84451,0.1715943,2.93423363,0.26131793,-2.93423363,-0.26131793,"China"
835,40,-0.1408778,148,"Brunei",1985,"All","Brunei",TRUE,2.85444,0.1814985,2.9953178,0.3223763,-2.9953178,-0.3223763,"China"
835,41,-0.1691447,150,"Brunei",1986,"All","Brunei",TRUE,2.985282,0.1866047,3.1544267,0.3557494,-3.1544267,-0.3557494,"China"
835,42,-0.2664647,141,"Brunei",1987,"All","Brunei",TRUE,3.070334,0.1958159,3.3367987,0.4622806,-3.3367987,-0.4622806,"China"
835,43,-0.3529251,134,"Brunei",1988,"All","Brunei",TRUE,3.068073,-0.02298023,3.4209981,0.32994487,-3.4209981,-0.32994487,"China"
835,44,-0.3431976,113,"Brunei",1989,"All","Brunei",TRUE,3.15064,-0.07522176,3.4938376,0.26797584,-3.4938376,-0.26797584,"China"
835,45,-0.5349136,85,"Brunei",1990,"All","Brunei",TRUE,3.06766,-0.1670653,3.6025736,0.3678483,-3.6025736,-0.3678483,"China"
835,46,-0.9457799,74,"Brunei",1991,"All","Brunei",TRUE,2.977167,-0.3023714,3.9229469,0.6434085,-3.9229469,-0.6434085,"China"
835,47,-0.8762826,73,"Brunei",1992,"All","Brunei",TRUE,3.000798,-0.7356746,3.8770806,0.140608,-3.8770806,-0.140608,"China"
835,48,-0.9291922,64,"Brunei",1993,"All","Brunei",TRUE,2.955602,-1.396082,3.8847942,0.4668898,-3.8847942,0.4668898,"China"
835,49,-0.8449204,66,"Brunei",1994,"All","Brunei",TRUE,3.009216,-1.634709,3.8541364,0.7897886,-3.8541364,0.7897886,"China"
835,50,-0.9581053,81,"Brunei",1995,"All","Brunei",TRUE,3.130082,-1.502986,4.0881873,0.5448807,-4.0881873,0.5448807,"China"
835,51,-0.7598371,74,"Brunei",1996,"All","Brunei",TRUE,3.14783,-1.268106,3.9076671,0.5082689,-3.9076671,0.5082689,"China"
835,52,-0.6829524,72,"Brunei",1997,"All","Brunei",TRUE,2.983911,-1.145413,3.6668634,0.4624606,-3.6668634,0.4624606,"China"
835,53,-0.8435711,64,"Brunei",1998,"All","Brunei",TRUE,2.814332,-0.4421162,3.6579031,0.4014549,-3.6579031,-0.4014549,"China"
835,54,-0.8771919,66,"Brunei",1999,"All","Brunei",TRUE,2.681448,-0.6680064,3.5586399,0.2091855,-3.5586399,-0.2091855,"China"
835,55,-0.8651316,67,"Brunei",2000,"All","Brunei",TRUE,2.664088,-0.7359335,3.5292196,0.1291981,-3.5292196,-0.1291981,"China"
835,56,-0.9916943,67,"Brunei",2001,"All","Brunei",TRUE,2.655105,-0.5852949,3.6467993,0.4063994,-3.6467993,-0.4063994,"China"
835,57,-0.8080824,74,"Brunei",2002,"All","Brunei",TRUE,2.733395,-0.5386405,3.5414774,0.2694419,-3.5414774,-0.2694419,"China"
835,58,-1.183856,76,"Brunei",2003,"All","Brunei",TRUE,2.902368,-0.9454819,4.086224,0.2383741,-4.086224,-0.2383741,"China"
835,59,-0.7775941,72,"Brunei",2004,"All","Brunei",TRUE,2.819677,-0.8424348,3.5972711,0.0648407000000001,-3.5972711,0.0648407000000001,"China"
835,60,-0.9764973,75,"Brunei",2005,"All","Brunei",TRUE,2.889729,-0.7408335,3.8662263,0.2356638,-3.8662263,-0.2356638,"China"
835,61,-0.9578211,91,"Brunei",2006,"All","Brunei",TRUE,2.81137,-0.8690618,3.7691911,0.0887593,-3.7691911,-0.0887593,"China"
835,62,-0.6129482,79,"Brunei",2007,"All","Brunei",TRUE,2.743266,-0.6327519,3.3562142,0.0198037,-3.3562142,0.0198037,"China"
835,63,-0.5879683,76,"Brunei",2008,"All","Brunei",TRUE,2.737774,-0.6557925,3.3257423,0.0678242,-3.3257423,0.0678242,"China"
835,64,-0.8986147,68,"Brunei",2009,"All","Brunei",TRUE,2.54631,-0.6256859,3.4449247,0.2729288,-3.4449247,-0.2729288,"China"
835,65,-0.9992294,68,"Brunei",2010,"All","Brunei",TRUE,2.519054,-0.8585649,3.5182834,0.1406645,-3.5182834,-0.1406645,"China"
835,66,-0.9469778,66,"Brunei",2011,"All","Brunei",TRUE,2.496376,-0.7636184,3.4433538,0.1833594,-3.4433538,-0.1833594,"China"
835,67,-0.8864694,69,"Brunei",2012,"All","Brunei",TRUE,2.58958,-0.8569092,3.4760494,0.0295601999999999,-3.4760494,-0.0295601999999999,"China"
835,68,-0.9862823,64,"Brunei",2013,"All","Brunei",TRUE,2.676666,-0.5181141,3.6629483,0.4681682,-3.6629483,-0.4681682,"China"
835,69,-1.037055,79,"Brunei",2014,"All","Brunei",TRUE,2.668466,-0.8420048,3.705521,0.1950502,-3.705521,-0.1950502,"China"
835,70,-1.049026,73,"Brunei",2015,"All","Brunei",TRUE,2.592322,-0.2594838,3.641348,0.7895422,-3.641348,-0.7895422,"China"
835,71,-0.9164218,77,"Brunei",2016,"All","Brunei",TRUE,2.53694,-0.4501334,3.4533618,0.4662884,-3.4533618,-0.4662884,"China"
835,72,-0.9267896,90,"Brunei",2017,"All","Brunei",TRUE,2.680102,-0.3777864,3.6068916,0.5490032,-3.6068916,-0.5490032,"China"
835,73,-0.9243476,94,"Brunei",2018,"All","Brunei",TRUE,2.786768,-0.4894719,3.7111156,0.4348757,-3.7111156,-0.4348757,"China"
835,74,-0.8108705,91,"Brunei",2019,"All","Brunei",TRUE,2.694793,-0.3336454,3.5056635,0.4772251,-3.5056635,-0.4772251,"China"
840,22,0.7157356,57,"Philippines",1967,"All","Philippines",TRUE,2.426986,NA,1.7112504,NA,-1.7112504,NA,NA
840,23,0.3817123,51,"Philippines",1968,"All","Philippines",TRUE,2.295532,NA,1.9138197,NA,-1.9138197,NA,NA
840,24,0.4316826,43,"Philippines",1969,"All","Philippines",TRUE,2.119463,NA,1.6877804,NA,-1.6877804,NA,NA
840,25,0.4174802,67,"Philippines",1970,"All","Philippines",TRUE,2.171009,NA,1.7535288,NA,-1.7535288,NA,NA
840,26,0.456761,109,"Philippines",1971,"All","Philippines",TRUE,1.767618,-0.9760724,1.310857,1.4328334,-1.310857,1.4328334,"United States"
840,27,0.478549,100,"Philippines",1972,"All","Philippines",TRUE,2.135975,-0.7156992,1.657426,1.1942482,-1.657426,1.1942482,"China"
840,28,0.1290621,87,"Philippines",1973,"All","Philippines",TRUE,2.195541,-0.5740909,2.0664789,0.703153,-2.0664789,0.703153,"China"
840,29,0.2499495,73,"Philippines",1974,"All","Philippines",TRUE,2.077391,-0.8566171,1.8274415,1.1065666,-1.8274415,1.1065666,"China"
840,30,0.2163237,69,"Philippines",1975,"All","Philippines",TRUE,2.360075,-0.2756341,2.1437513,0.4919578,-2.1437513,0.4919578,"China"
840,31,-0.1537035,87,"Philippines",1976,"All","Philippines",TRUE,2.750583,-1.053044,2.9042865,0.8993405,-2.9042865,0.8993405,"China"
840,32,0.07869225,90,"Philippines",1977,"All","Philippines",TRUE,2.313392,-0.8193988,2.23469975,0.89809105,-2.23469975,0.89809105,"China"
840,33,0.05361505,127,"Philippines",1978,"All","Philippines",TRUE,2.295686,-0.2469549,2.24207095,0.30056995,-2.24207095,0.30056995,"China"
840,34,0.01516373,122,"Philippines",1979,"All","Philippines",TRUE,2.354093,-0.05311142,2.33892927,0.06827515,-2.33892927,0.06827515,"China"
840,35,0.002164554,103,"Philippines",1980,"All","Philippines",TRUE,2.450686,-0.03347984,2.448521446,0.035644394,-2.448521446,0.035644394,"China"
840,36,-0.1584312,133,"Philippines",1981,"All","Philippines",TRUE,2.767644,-0.02059494,2.9260752,0.13783626,-2.9260752,-0.13783626,"China"
840,37,0.1908585,157,"Philippines",1982,"All","Philippines",TRUE,2.654563,0.1867089,2.4637045,0.00414959999999998,-2.4637045,0.00414959999999998,"China"
840,38,0.257344,147,"Philippines",1983,"All","Philippines",TRUE,2.653316,0.1706566,2.395972,0.0866874,-2.395972,0.0866874,"China"
840,39,0.006154042,142,"Philippines",1984,"All","Philippines",TRUE,2.84451,0.1715943,2.838355958,0.165440258,-2.838355958,-0.165440258,"China"
840,40,-0.01571149,141,"Philippines",1985,"All","Philippines",TRUE,2.85444,0.1814985,2.87015149,0.19720999,-2.87015149,-0.19720999,"China"
840,41,-0.1589853,153,"Philippines",1986,"All","Philippines",TRUE,2.985282,0.1866047,3.1442673,0.34559,-3.1442673,-0.34559,"China"
840,42,-0.2068305,141,"Philippines",1987,"All","Philippines",TRUE,3.070334,0.1958159,3.2771645,0.4026464,-3.2771645,-0.4026464,"China"
840,43,-0.02731405,134,"Philippines",1988,"All","Philippines",TRUE,3.068073,-0.02298023,3.09538705,0.00433382,-3.09538705,-0.00433382,"China"
840,44,-0.1117196,116,"Philippines",1989,"All","Philippines",TRUE,3.15064,-0.07522176,3.2623596,0.03649784,-3.2623596,-0.03649784,"China"
840,45,-0.6069349,86,"Philippines",1990,"All","Philippines",TRUE,3.06766,-0.1670653,3.6745949,0.4398696,-3.6745949,-0.4398696,"China"
840,46,-0.7452802,73,"Philippines",1991,"All","Philippines",TRUE,2.977167,-0.3023714,3.7224472,0.4429088,-3.7224472,-0.4429088,"China"
840,47,-0.4371732,74,"Philippines",1992,"All","Philippines",TRUE,3.000798,-0.7356746,3.4379712,0.2985014,-3.4379712,0.2985014,"China"
840,48,-0.7014838,65,"Philippines",1993,"All","Philippines",TRUE,2.955602,-1.396082,3.6570858,0.6945982,-3.6570858,0.6945982,"China"
840,49,-0.5142468,68,"Philippines",1994,"All","Philippines",TRUE,3.009216,-1.634709,3.5234628,1.1204622,-3.5234628,1.1204622,"China"
840,50,-0.5233329,81,"Philippines",1995,"All","Philippines",TRUE,3.130082,-1.502986,3.6534149,0.9796531,-3.6534149,0.9796531,"China"
840,51,-0.6307118,73,"Philippines",1996,"All","Philippines",TRUE,3.14783,-1.268106,3.7785418,0.6373942,-3.7785418,0.6373942,"China"
840,52,-0.8619583,72,"Philippines",1997,"All","Philippines",TRUE,2.983911,-1.145413,3.8458693,0.2834547,-3.8458693,0.2834547,"China"
840,53,-0.8715408,64,"Philippines",1998,"All","Philippines",TRUE,2.814332,-0.4421162,3.6858728,0.4294246,-3.6858728,-0.4294246,"China"
840,54,-0.8306408,66,"Philippines",1999,"All","Philippines",TRUE,2.681448,-0.6680064,3.5120888,0.1626344,-3.5120888,-0.1626344,"China"
840,55,-0.4823561,66,"Philippines",2000,"All","Philippines",TRUE,2.664088,-0.7359335,3.1464441,0.2535774,-3.1464441,0.2535774,"China"
840,56,-0.3840552,69,"Philippines",2001,"All","Philippines",TRUE,2.655105,-0.5852949,3.0391602,0.2012397,-3.0391602,0.2012397,"China"
840,57,-0.4697146,75,"Philippines",2002,"All","Philippines",TRUE,2.733395,-0.5386405,3.2031096,0.0689259,-3.2031096,0.0689259,"China"
840,58,-0.5199551,75,"Philippines",2003,"All","Philippines",TRUE,2.902368,-0.9454819,3.4223231,0.4255268,-3.4223231,0.4255268,"China"
840,59,-0.4303349,71,"Philippines",2004,"All","Philippines",TRUE,2.819677,-0.8424348,3.2500119,0.4120999,-3.2500119,0.4120999,"China"
840,60,-0.4571134,74,"Philippines",2005,"All","Philippines",TRUE,2.889729,-0.7408335,3.3468424,0.2837201,-3.3468424,0.2837201,"China"
840,61,-0.482785,90,"Philippines",2006,"All","Philippines",TRUE,2.81137,-0.8690618,3.294155,0.3862768,-3.294155,0.3862768,"China"
840,62,-0.4480078,79,"Philippines",2007,"All","Philippines",TRUE,2.743266,-0.6327519,3.1912738,0.1847441,-3.1912738,0.1847441,"China"
840,63,-0.4979418,74,"Philippines",2008,"All","Philippines",TRUE,2.737774,-0.6557925,3.2357158,0.1578507,-3.2357158,0.1578507,"China"
840,64,-0.5049389,65,"Philippines",2009,"All","Philippines",TRUE,2.54631,-0.6256859,3.0512489,0.120747,-3.0512489,0.120747,"China"
840,65,-0.5070622,68,"Philippines",2010,"All","Philippines",TRUE,2.519054,-0.8585649,3.0261162,0.3515027,-3.0261162,0.3515027,"China"
840,66,-0.3497964,67,"Philippines",2011,"All","Philippines",TRUE,2.496376,-0.7636184,2.8461724,0.413822,-2.8461724,0.413822,"China"
840,67,-0.4531034,69,"Philippines",2012,"All","Philippines",TRUE,2.58958,-0.8569092,3.0426834,0.4038058,-3.0426834,0.4038058,"China"
840,68,-0.5136665,63,"Philippines",2013,"All","Philippines",TRUE,2.676666,-0.5181141,3.1903325,0.0044476,-3.1903325,0.0044476,"China"
840,69,-0.4874269,78,"Philippines",2014,"All","Philippines",TRUE,2.668466,-0.8420048,3.1558929,0.3545779,-3.1558929,0.3545779,"China"
840,70,-0.5061276,73,"Philippines",2015,"All","Philippines",TRUE,2.592322,-0.2594838,3.0984496,0.2466438,-3.0984496,-0.2466438,"China"
840,71,-0.7333866,78,"Philippines",2016,"All","Philippines",TRUE,2.53694,-0.4501334,3.2703266,0.2832532,-3.2703266,-0.2832532,"China"
840,72,-0.8038916,90,"Philippines",2017,"All","Philippines",TRUE,2.680102,-0.3777864,3.4839936,0.4261052,-3.4839936,-0.4261052,"China"
840,73,-0.345573,95,"Philippines",2018,"All","Philippines",TRUE,2.786768,-0.4894719,3.132341,0.1438989,-3.132341,0.1438989,"China"
840,74,-0.4390589,91,"Philippines",2019,"All","Philippines",TRUE,2.694793,-0.3336454,3.1338519,0.1054135,-3.1338519,-0.1054135,"China"
850,22,-0.6729516,57,"Indonesia",1967,"All","Indonesia",TRUE,2.426986,NA,3.0999376,NA,-3.0999376,NA,NA
850,23,-0.2796447,47,"Indonesia",1968,"All","Indonesia",TRUE,2.295532,NA,2.5751767,NA,-2.5751767,NA,NA
850,24,-0.5244121,42,"Indonesia",1969,"All","Indonesia",TRUE,2.119463,NA,2.6438751,NA,-2.6438751,NA,NA
850,25,-0.2869801,65,"Indonesia",1970,"All","Indonesia",TRUE,2.171009,NA,2.4579891,NA,-2.4579891,NA,NA
850,26,-0.2521065,120,"Indonesia",1971,"All","Indonesia",TRUE,1.767618,-0.9760724,2.0197245,0.7239659,-2.0197245,0.7239659,"China"
850,27,-0.252745,101,"Indonesia",1972,"All","Indonesia",TRUE,2.135975,-0.7156992,2.38872,0.4629542,-2.38872,0.4629542,"China"
850,28,-0.0760203,91,"Indonesia",1973,"All","Indonesia",TRUE,2.195541,-0.5740909,2.2715613,0.4980706,-2.2715613,0.4980706,"China"
850,29,0.06495108,73,"Indonesia",1974,"All","Indonesia",TRUE,2.077391,-0.8566171,2.01243992,0.92156818,-2.01243992,0.92156818,"China"
850,30,-0.08496589,68,"Indonesia",1975,"All","Indonesia",TRUE,2.360075,-0.2756341,2.44504089,0.19066821,-2.44504089,0.19066821,"China"
850,31,-0.1538655,86,"Indonesia",1976,"All","Indonesia",TRUE,2.750583,-1.053044,2.9044485,0.8991785,-2.9044485,0.8991785,"China"
850,32,-0.06446184,91,"Indonesia",1977,"All","Indonesia",TRUE,2.313392,-0.8193988,2.37785384,0.75493696,-2.37785384,0.75493696,"China"
850,33,-0.09862379,127,"Indonesia",1978,"All","Indonesia",TRUE,2.295686,-0.2469549,2.39430979,0.14833111,-2.39430979,0.14833111,"China"
850,34,-0.06708162,122,"Indonesia",1979,"All","Indonesia",TRUE,2.354093,-0.05311142,2.42117462,0.0139702,-2.42117462,-0.0139702,"China"
850,35,-0.2135397,103,"Indonesia",1980,"All","Indonesia",TRUE,2.450686,-0.03347984,2.6642257,0.18005986,-2.6642257,-0.18005986,"China"
850,36,-0.3144702,134,"Indonesia",1981,"All","Indonesia",TRUE,2.767644,-0.02059494,3.0821142,0.29387526,-3.0821142,-0.29387526,"China"
850,37,-0.3500995,158,"Indonesia",1982,"All","Indonesia",TRUE,2.654563,0.1867089,3.0046625,0.5368084,-3.0046625,-0.5368084,"China"
850,38,-0.2669928,146,"Indonesia",1983,"All","Indonesia",TRUE,2.653316,0.1706566,2.9203088,0.4376494,-2.9203088,-0.4376494,"China"
850,39,-0.276008,148,"Indonesia",1984,"All","Indonesia",TRUE,2.84451,0.1715943,3.120518,0.4476023,-3.120518,-0.4476023,"China"
850,40,-0.4268037,153,"Indonesia",1985,"All","Indonesia",TRUE,2.85444,0.1814985,3.2812437,0.6083022,-3.2812437,-0.6083022,"China"
850,41,-0.5426143,151,"Indonesia",1986,"All","Indonesia",TRUE,2.985282,0.1866047,3.5278963,0.729219,-3.5278963,-0.729219,"China"
850,42,-0.5914532,142,"Indonesia",1987,"All","Indonesia",TRUE,3.070334,0.1958159,3.6617872,0.7872691,-3.6617872,-0.7872691,"China"
850,43,-0.670573,136,"Indonesia",1988,"All","Indonesia",TRUE,3.068073,-0.02298023,3.738646,0.64759277,-3.738646,-0.64759277,"China"
850,44,-0.7345786,115,"Indonesia",1989,"All","Indonesia",TRUE,3.15064,-0.07522176,3.8852186,0.65935684,-3.8852186,-0.65935684,"China"
850,45,-0.8122087,86,"Indonesia",1990,"All","Indonesia",TRUE,3.06766,-0.1670653,3.8798687,0.6451434,-3.8798687,-0.6451434,"China"
850,46,-1.142011,74,"Indonesia",1991,"All","Indonesia",TRUE,2.977167,-0.3023714,4.119178,0.8396396,-4.119178,-0.8396396,"China"
850,47,-1.113237,74,"Indonesia",1992,"All","Indonesia",TRUE,3.000798,-0.7356746,4.114035,0.3775624,-4.114035,-0.3775624,"China"
850,48,-1.373436,65,"Indonesia",1993,"All","Indonesia",TRUE,2.955602,-1.396082,4.329038,0.0226459999999999,-4.329038,0.0226459999999999,"China"
850,49,-1.392622,67,"Indonesia",1994,"All","Indonesia",TRUE,3.009216,-1.634709,4.401838,0.242087,-4.401838,0.242087,"China"
850,50,-1.364504,79,"Indonesia",1995,"All","Indonesia",TRUE,3.130082,-1.502986,4.494586,0.138482,-4.494586,0.138482,"China"
850,51,-1.464736,72,"Indonesia",1996,"All","Indonesia",TRUE,3.14783,-1.268106,4.612566,0.19663,-4.612566,-0.19663,"China"
850,52,-1.29599,72,"Indonesia",1997,"All","Indonesia",TRUE,2.983911,-1.145413,4.279901,0.150577,-4.279901,-0.150577,"China"
850,53,-0.9823068,64,"Indonesia",1998,"All","Indonesia",TRUE,2.814332,-0.4421162,3.7966388,0.5401906,-3.7966388,-0.5401906,"China"
850,54,-0.9142857,66,"Indonesia",1999,"All","Indonesia",TRUE,2.681448,-0.6680064,3.5957337,0.2462793,-3.5957337,-0.2462793,"China"
850,55,-0.9440358,66,"Indonesia",2000,"All","Indonesia",TRUE,2.664088,-0.7359335,3.6081238,0.2081023,-3.6081238,-0.2081023,"China"
850,56,-0.9634497,68,"Indonesia",2001,"All","Indonesia",TRUE,2.655105,-0.5852949,3.6185547,0.3781548,-3.6185547,-0.3781548,"China"
850,57,-0.9641271,74,"Indonesia",2002,"All","Indonesia",TRUE,2.733395,-0.5386405,3.6975221,0.4254866,-3.6975221,-0.4254866,"China"
850,58,-0.8835887,76,"Indonesia",2003,"All","Indonesia",TRUE,2.902368,-0.9454819,3.7859567,0.0618932,-3.7859567,0.0618932,"China"
850,59,-1.092105,72,"Indonesia",2004,"All","Indonesia",TRUE,2.819677,-0.8424348,3.911782,0.2496702,-3.911782,-0.2496702,"China"
850,60,-1.189872,74,"Indonesia",2005,"All","Indonesia",TRUE,2.889729,-0.7408335,4.079601,0.4490385,-4.079601,-0.4490385,"China"
850,61,-1.230157,92,"Indonesia",2006,"All","Indonesia",TRUE,2.81137,-0.8690618,4.041527,0.3610952,-4.041527,-0.3610952,"China"
850,62,-1.073251,79,"Indonesia",2007,"All","Indonesia",TRUE,2.743266,-0.6327519,3.816517,0.4404991,-3.816517,-0.4404991,"China"
850,63,-1.041075,76,"Indonesia",2008,"All","Indonesia",TRUE,2.737774,-0.6557925,3.778849,0.3852825,-3.778849,-0.3852825,"China"
850,64,-1.003387,68,"Indonesia",2009,"All","Indonesia",TRUE,2.54631,-0.6256859,3.549697,0.3777011,-3.549697,-0.3777011,"China"
850,65,-1.171411,68,"Indonesia",2010,"All","Indonesia",TRUE,2.519054,-0.8585649,3.690465,0.3128461,-3.690465,-0.3128461,"China"
850,66,-0.7867208,68,"Indonesia",2011,"All","Indonesia",TRUE,2.496376,-0.7636184,3.2830968,0.0231024,-3.2830968,-0.0231024,"China"
850,67,-0.9327182,69,"Indonesia",2012,"All","Indonesia",TRUE,2.58958,-0.8569092,3.5222982,0.075809,-3.5222982,-0.075809,"China"
850,68,-0.92844,64,"Indonesia",2013,"All","Indonesia",TRUE,2.676666,-0.5181141,3.605106,0.4103259,-3.605106,-0.4103259,"China"
850,69,-1.124931,80,"Indonesia",2014,"All","Indonesia",TRUE,2.668466,-0.8420048,3.793397,0.2829262,-3.793397,-0.2829262,"China"
850,70,-1.053798,73,"Indonesia",2015,"All","Indonesia",TRUE,2.592322,-0.2594838,3.64612,0.7943142,-3.64612,-0.7943142,"China"
850,71,-0.9989701,78,"Indonesia",2016,"All","Indonesia",TRUE,2.53694,-0.4501334,3.5359101,0.5488367,-3.5359101,-0.5488367,"China"
850,72,-1.031272,90,"Indonesia",2017,"All","Indonesia",TRUE,2.680102,-0.3777864,3.711374,0.6534856,-3.711374,-0.6534856,"China"
850,73,-1.09071,95,"Indonesia",2018,"All","Indonesia",TRUE,2.786768,-0.4894719,3.877478,0.6012381,-3.877478,-0.6012381,"China"
850,74,-0.8749062,91,"Indonesia",2019,"All","Indonesia",TRUE,2.694793,-0.3336454,3.5696992,0.5412608,-3.5696992,-0.5412608,"China"
775,25,0.5344595,14,"Myanmar (Burma)",1970,"Human Rights","Myanmar",TRUE,2.731292,NA,2.1968325,NA,-2.1968325,NA,NA
775,26,0.3835,8,"Myanmar (Burma)",1971,"Human Rights","Myanmar",TRUE,2.55991,-1.194589,2.17641,1.578089,-2.17641,1.578089,"China"
775,27,-0.01899767,15,"Myanmar (Burma)",1972,"Human Rights","Myanmar",TRUE,2.781617,-1.144478,2.80061467,1.12548033,-2.80061467,1.12548033,"China"
775,28,0.2010356,23,"Myanmar (Burma)",1973,"Human Rights","Myanmar",TRUE,2.760918,-0.9851026,2.5598824,1.1861382,-2.5598824,1.1861382,"China"
775,29,-0.1476572,19,"Myanmar (Burma)",1974,"Human Rights","Myanmar",TRUE,2.685759,-0.7454699,2.8334162,0.5978127,-2.8334162,0.5978127,"China"
775,30,-0.1370211,20,"Myanmar (Burma)",1975,"Human Rights","Myanmar",TRUE,2.684721,-0.8149996,2.8217421,0.6779785,-2.8217421,0.6779785,"China"
775,31,-0.3046218,12,"Myanmar (Burma)",1976,"Human Rights","Myanmar",TRUE,2.929598,-0.980486,3.2342198,0.6758642,-3.2342198,0.6758642,"China"
775,32,-0.6182141,19,"Myanmar (Burma)",1977,"Human Rights","Myanmar",TRUE,2.860904,-0.9641992,3.4791181,0.3459851,-3.4791181,0.3459851,"China"
775,33,-0.3515761,16,"Myanmar (Burma)",1978,"Human Rights","Myanmar",TRUE,2.787261,-0.9632952,3.1388371,0.6117191,-3.1388371,0.6117191,"China"
775,34,0.1478116,16,"Myanmar (Burma)",1979,"Human Rights","Myanmar",TRUE,3.125536,-0.7063591,2.9777244,0.8541707,-2.9777244,0.8541707,"China"
775,35,0.3636637,18,"Myanmar (Burma)",1980,"Human Rights","Myanmar",TRUE,3.127616,-0.6744908,2.7639523,1.0381545,-2.7639523,1.0381545,"China"
775,36,0.3703117,13,"Myanmar (Burma)",1981,"Human Rights","Myanmar",TRUE,3.275289,-0.4286347,2.9049773,0.7989464,-2.9049773,0.7989464,"China"
775,37,0.5870837,20,"Myanmar (Burma)",1982,"Human Rights","Myanmar",TRUE,3.207003,0.03908729,2.6199193,0.54799641,-2.6199193,0.54799641,"China"
775,38,0.3343321,19,"Myanmar (Burma)",1983,"Human Rights","Myanmar",TRUE,2.967989,-0.07833678,2.6336569,0.41266888,-2.6336569,0.41266888,"China"
775,39,-0.0381242,15,"Myanmar (Burma)",1984,"Human Rights","Myanmar",TRUE,3.013395,-0.2104287,3.0515192,0.1723045,-3.0515192,0.1723045,"China"
775,40,-0.2735197,16,"Myanmar (Burma)",1985,"Human Rights","Myanmar",TRUE,3.10423,-0.1290283,3.3777497,0.1444914,-3.3777497,-0.1444914,"China"
775,41,-0.4600628,23,"Myanmar (Burma)",1986,"Human Rights","Myanmar",TRUE,3.070964,-0.3913312,3.5310268,0.0687316,-3.5310268,-0.0687316,"China"
775,42,-0.5412002,18,"Myanmar (Burma)",1987,"Human Rights","Myanmar",TRUE,3.106385,-0.2265361,3.6475852,0.3146641,-3.6475852,-0.3146641,"China"
775,43,-0.4592498,18,"Myanmar (Burma)",1988,"Human Rights","Myanmar",TRUE,2.974798,-0.3252013,3.4340478,0.1340485,-3.4340478,-0.1340485,"China"
775,44,-0.4616081,13,"Myanmar (Burma)",1989,"Human Rights","Myanmar",TRUE,2.927021,-0.4459684,3.3886291,0.0156397,-3.3886291,-0.0156397,"China"
775,45,-0.5203717,10,"Myanmar (Burma)",1990,"Human Rights","Myanmar",TRUE,2.939404,-0.4751009,3.4597757,0.0452708,-3.4597757,-0.0452708,"China"
775,46,-0.5382685,11,"Myanmar (Burma)",1991,"Human Rights","Myanmar",TRUE,2.921711,-0.7907908,3.4599795,0.2525223,-3.4599795,0.2525223,"China"
775,47,-1.345615,10,"Myanmar (Burma)",1992,"Human Rights","Myanmar",TRUE,2.713206,-1.455593,4.058821,0.109978,-4.058821,0.109978,"China"
775,48,-1.690111,7,"Myanmar (Burma)",1993,"Human Rights","Myanmar",TRUE,2.82987,-1.663223,4.519981,0.026888,-4.519981,-0.026888,"China"
775,49,-1.632652,3,"Myanmar (Burma)",1994,"Human Rights","Myanmar",TRUE,3.102965,-1.877995,4.735617,0.245343,-4.735617,0.245343,"China"
775,50,-1.892878,14,"Myanmar (Burma)",1995,"Human Rights","Myanmar",TRUE,3.471337,-2.026055,5.364215,0.133177,-5.364215,0.133177,"China"
775,51,-1.838389,17,"Myanmar (Burma)",1996,"Human Rights","Myanmar",TRUE,3.438735,-1.96785,5.277124,0.129461,-5.277124,0.129461,"China"
775,52,-1.750474,20,"Myanmar (Burma)",1997,"Human Rights","Myanmar",TRUE,3.380132,-1.853405,5.130606,0.102931,-5.130606,0.102931,"China"
775,53,-1.450592,14,"Myanmar (Burma)",1998,"Human Rights","Myanmar",TRUE,2.950729,-1.647814,4.401321,0.197222,-4.401321,0.197222,"China"
775,54,-1.589939,19,"Myanmar (Burma)",1999,"Human Rights","Myanmar",TRUE,2.75,-1.613756,4.339939,0.023817,-4.339939,0.023817,"China"
775,55,-1.263989,17,"Myanmar (Burma)",2000,"Human Rights","Myanmar",TRUE,2.657247,-1.36047,3.921236,0.096481,-3.921236,0.096481,"China"
775,56,-1.141102,21,"Myanmar (Burma)",2001,"Human Rights","Myanmar",TRUE,2.567887,-1.191583,3.708989,0.050481,-3.708989,0.050481,"China"
775,57,-1.009139,19,"Myanmar (Burma)",2002,"Human Rights","Myanmar",TRUE,2.725257,-1.027524,3.734396,0.0183850000000001,-3.734396,0.0183850000000001,"China"
775,58,-1.108275,22,"Myanmar (Burma)",2003,"Human Rights","Myanmar",TRUE,2.765358,-1.114912,3.873633,0.006637,-3.873633,0.006637,"China"
775,59,-1.140992,19,"Myanmar (Burma)",2004,"Human Rights","Myanmar",TRUE,2.636171,-1.113902,3.777163,0.0270900000000001,-3.777163,-0.0270900000000001,"China"
775,60,-1.216665,19,"Myanmar (Burma)",2005,"Human Rights","Myanmar",TRUE,2.513429,-1.308951,3.730094,0.0922859999999999,-3.730094,0.0922859999999999,"China"
775,61,-1.05904,27,"Myanmar (Burma)",2006,"Human Rights","Myanmar",TRUE,2.439074,-1.203532,3.498114,0.144492,-3.498114,0.144492,"China"
775,62,-1.286713,26,"Myanmar (Burma)",2007,"Human Rights","Myanmar",TRUE,2.212346,-1.324776,3.499059,0.038063,-3.499059,0.038063,"China"
775,63,-1.339961,26,"Myanmar (Burma)",2008,"Human Rights","Myanmar",TRUE,2.172848,-1.365911,3.512809,0.0259500000000001,-3.512809,0.0259500000000001,"China"
775,64,-1.374549,18,"Myanmar (Burma)",2009,"Human Rights","Myanmar",TRUE,2.121915,-1.292413,3.496464,0.082136,-3.496464,-0.082136,"China"
775,65,-1.358182,23,"Myanmar (Burma)",2010,"Human Rights","Myanmar",TRUE,1.876482,-1.42383,3.234664,0.0656479999999999,-3.234664,0.0656479999999999,"China"
775,66,-1.472614,19,"Myanmar (Burma)",2011,"Human Rights","Myanmar",TRUE,2.064047,-1.312785,3.536661,0.159829,-3.536661,-0.159829,"China"
775,67,-0.9854664,18,"Myanmar (Burma)",2012,"Human Rights","Myanmar",TRUE,2.139595,-1.293004,3.1250614,0.3075376,-3.1250614,0.3075376,"China"
775,68,-0.9528796,19,"Myanmar (Burma)",2013,"Human Rights","Myanmar",TRUE,2.329978,-1.376486,3.2828576,0.4236064,-3.2828576,0.4236064,"China"
775,69,-1.172048,18,"Myanmar (Burma)",2014,"Human Rights","Myanmar",TRUE,2.268829,-1.550729,3.440877,0.378681,-3.440877,0.378681,"China"
775,70,-1.177614,20,"Myanmar (Burma)",2015,"Human Rights","Myanmar",TRUE,2.144144,-1.571789,3.321758,0.394175,-3.321758,0.394175,"China"
775,71,-0.6345495,18,"Myanmar (Burma)",2016,"Human Rights","Myanmar",TRUE,2.071962,-1.614393,2.7065115,0.9798435,-2.7065115,0.9798435,"China"
775,72,-0.7995368,21,"Myanmar (Burma)",2017,"Human Rights","Myanmar",TRUE,2.069325,-1.68252,2.8688618,0.8829832,-2.8688618,0.8829832,"China"
775,73,-0.7284672,15,"Myanmar (Burma)",2018,"Human Rights","Myanmar",TRUE,2.262777,-1.819899,2.9912442,1.0914318,-2.9912442,1.0914318,"China"
775,74,-0.5678385,11,"Myanmar (Burma)",2019,"Human Rights","Myanmar",TRUE,2.152796,-1.790664,2.7206345,1.2228255,-2.7206345,1.2228255,"China"
800,25,1.086674,14,"Thailand",1970,"Human Rights","Thailand",TRUE,2.731292,NA,1.644618,NA,-1.644618,NA,NA
800,26,0.9420456,8,"Thailand",1971,"Human Rights","Thailand",TRUE,2.55991,-1.194589,1.6178644,2.1366346,-1.6178644,2.1366346,"United States"
800,27,0.9160072,15,"Thailand",1972,"Human Rights","Thailand",TRUE,2.781617,-1.144478,1.8656098,2.0604852,-1.8656098,2.0604852,"United States"
800,28,0.181417,22,"Thailand",1973,"Human Rights","Thailand",TRUE,2.760918,-0.9851026,2.579501,1.1665196,-2.579501,1.1665196,"China"
800,29,0.1004341,20,"Thailand",1974,"Human Rights","Thailand",TRUE,2.685759,-0.7454699,2.5853249,0.845904,-2.5853249,0.845904,"China"
800,30,0.008743505,21,"Thailand",1975,"Human Rights","Thailand",TRUE,2.684721,-0.8149996,2.675977495,0.823743105,-2.675977495,0.823743105,"China"
800,31,0.06028508,17,"Thailand",1976,"Human Rights","Thailand",TRUE,2.929598,-0.980486,2.86931292,1.04077108,-2.86931292,1.04077108,"China"
800,32,-0.0002283961,19,"Thailand",1977,"Human Rights","Thailand",TRUE,2.860904,-0.9641992,2.8611323961,0.9639708039,-2.8611323961,0.9639708039,"China"
800,33,-0.2493793,16,"Thailand",1978,"Human Rights","Thailand",TRUE,2.787261,-0.9632952,3.0366403,0.7139159,-3.0366403,0.7139159,"China"
800,34,0.006656034,16,"Thailand",1979,"Human Rights","Thailand",TRUE,3.125536,-0.7063591,3.118879966,0.713015134,-3.118879966,0.713015134,"China"
800,35,0.1567394,18,"Thailand",1980,"Human Rights","Thailand",TRUE,3.127616,-0.6744908,2.9708766,0.8312302,-2.9708766,0.8312302,"China"
800,36,0.005130477,13,"Thailand",1981,"Human Rights","Thailand",TRUE,3.275289,-0.4286347,3.270158523,0.433765177,-3.270158523,0.433765177,"China"
800,37,0.03231116,21,"Thailand",1982,"Human Rights","Thailand",TRUE,3.207003,0.03908729,3.17469184,0.00677613,-3.17469184,-0.00677613,"China"
800,38,-0.06321012,19,"Thailand",1983,"Human Rights","Thailand",TRUE,2.967989,-0.07833678,3.03119912,0.01512666,-3.03119912,0.01512666,"China"
800,39,-0.2404461,15,"Thailand",1984,"Human Rights","Thailand",TRUE,3.013395,-0.2104287,3.2538411,0.0300174,-3.2538411,-0.0300174,"China"
800,40,-0.1351416,16,"Thailand",1985,"Human Rights","Thailand",TRUE,3.10423,-0.1290283,3.2393716,0.00611329999999999,-3.2393716,-0.00611329999999999,"China"
800,41,-0.1909926,24,"Thailand",1986,"Human Rights","Thailand",TRUE,3.070964,-0.3913312,3.2619566,0.2003386,-3.2619566,0.2003386,"China"
800,42,-0.1911572,19,"Thailand",1987,"Human Rights","Thailand",TRUE,3.106385,-0.2265361,3.2975422,0.0353789,-3.2975422,0.0353789,"China"
800,43,-0.2953382,18,"Thailand",1988,"Human Rights","Thailand",TRUE,2.974798,-0.3252013,3.2701362,0.0298631,-3.2701362,0.0298631,"China"
800,44,-0.336063,12,"Thailand",1989,"Human Rights","Thailand",TRUE,2.927021,-0.4459684,3.263084,0.1099054,-3.263084,0.1099054,"China"
800,45,-0.3933218,10,"Thailand",1990,"Human Rights","Thailand",TRUE,2.939404,-0.4751009,3.3327258,0.0817791,-3.3327258,0.0817791,"China"
800,46,-0.2914269,11,"Thailand",1991,"Human Rights","Thailand",TRUE,2.921711,-0.7907908,3.2131379,0.4993639,-3.2131379,0.4993639,"China"
800,47,-0.4960552,11,"Thailand",1992,"Human Rights","Thailand",TRUE,2.713206,-1.455593,3.2092612,0.9595378,-3.2092612,0.9595378,"China"
800,48,-0.7216743,11,"Thailand",1993,"Human Rights","Thailand",TRUE,2.82987,-1.663223,3.5515443,0.9415487,-3.5515443,0.9415487,"China"
800,49,-0.7220295,13,"Thailand",1994,"Human Rights","Thailand",TRUE,3.102965,-1.877995,3.8249945,1.1559655,-3.8249945,1.1559655,"China"
800,50,-0.5600966,14,"Thailand",1995,"Human Rights","Thailand",TRUE,3.471337,-2.026055,4.0314336,1.4659584,-4.0314336,1.4659584,"China"
800,51,-0.4230908,17,"Thailand",1996,"Human Rights","Thailand",TRUE,3.438735,-1.96785,3.8618258,1.5447592,-3.8618258,1.5447592,"China"
800,52,-0.4571426,20,"Thailand",1997,"Human Rights","Thailand",TRUE,3.380132,-1.853405,3.8372746,1.3962624,-3.8372746,1.3962624,"China"
800,53,-0.5569243,14,"Thailand",1998,"Human Rights","Thailand",TRUE,2.950729,-1.647814,3.5076533,1.0908897,-3.5076533,1.0908897,"China"
800,54,-0.3255332,19,"Thailand",1999,"Human Rights","Thailand",TRUE,2.75,-1.613756,3.0755332,1.2882228,-3.0755332,1.2882228,"China"
800,55,-0.05499011,17,"Thailand",2000,"Human Rights","Thailand",TRUE,2.657247,-1.36047,2.71223711,1.30547989,-2.71223711,1.30547989,"China"
800,56,-0.249624,21,"Thailand",2001,"Human Rights","Thailand",TRUE,2.567887,-1.191583,2.817511,0.941959,-2.817511,0.941959,"China"
800,57,-0.204713,19,"Thailand",2002,"Human Rights","Thailand",TRUE,2.725257,-1.027524,2.92997,0.822811,-2.92997,0.822811,"China"
800,58,0.0310271,22,"Thailand",2003,"Human Rights","Thailand",TRUE,2.765358,-1.114912,2.7343309,1.1459391,-2.7343309,1.1459391,"China"
800,59,0.09643781,19,"Thailand",2004,"Human Rights","Thailand",TRUE,2.636171,-1.113902,2.53973319,1.21033981,-2.53973319,1.21033981,"China"
800,60,-0.1457176,20,"Thailand",2005,"Human Rights","Thailand",TRUE,2.513429,-1.308951,2.6591466,1.1632334,-2.6591466,1.1632334,"China"
800,61,-0.07528236,27,"Thailand",2006,"Human Rights","Thailand",TRUE,2.439074,-1.203532,2.51435636,1.12824964,-2.51435636,1.12824964,"China"
800,62,-0.1119171,26,"Thailand",2007,"Human Rights","Thailand",TRUE,2.212346,-1.324776,2.3242631,1.2128589,-2.3242631,1.2128589,"China"
800,63,-0.1041087,26,"Thailand",2008,"Human Rights","Thailand",TRUE,2.172848,-1.365911,2.2769567,1.2618023,-2.2769567,1.2618023,"China"
800,64,-0.3835821,24,"Thailand",2009,"Human Rights","Thailand",TRUE,2.121915,-1.292413,2.5054971,0.9088309,-2.5054971,0.9088309,"China"
800,65,-0.4505295,23,"Thailand",2010,"Human Rights","Thailand",TRUE,1.876482,-1.42383,2.3270115,0.9733005,-2.3270115,0.9733005,"China"
800,66,-0.3595475,24,"Thailand",2011,"Human Rights","Thailand",TRUE,2.064047,-1.312785,2.4235945,0.9532375,-2.4235945,0.9532375,"China"
800,67,-0.3279658,22,"Thailand",2012,"Human Rights","Thailand",TRUE,2.139595,-1.293004,2.4675608,0.9650382,-2.4675608,0.9650382,"China"
800,68,-0.3064832,21,"Thailand",2013,"Human Rights","Thailand",TRUE,2.329978,-1.376486,2.6364612,1.0700028,-2.6364612,1.0700028,"China"
800,69,-0.3087111,18,"Thailand",2014,"Human Rights","Thailand",TRUE,2.268829,-1.550729,2.5775401,1.2420179,-2.5775401,1.2420179,"China"
800,70,-0.2584442,20,"Thailand",2015,"Human Rights","Thailand",TRUE,2.144144,-1.571789,2.4025882,1.3133448,-2.4025882,1.3133448,"China"
800,71,-0.3140637,18,"Thailand",2016,"Human Rights","Thailand",TRUE,2.071962,-1.614393,2.3860257,1.3003293,-2.3860257,1.3003293,"China"
800,72,-0.364258,29,"Thailand",2017,"Human Rights","Thailand",TRUE,2.069325,-1.68252,2.433583,1.318262,-2.433583,1.318262,"China"
800,73,-0.3155175,22,"Thailand",2018,"Human Rights","Thailand",TRUE,2.262777,-1.819899,2.5782945,1.5043815,-2.5782945,1.5043815,"China"
800,74,-0.3163202,14,"Thailand",2019,"Human Rights","Thailand",TRUE,2.152796,-1.790664,2.4691162,1.4743438,-2.4691162,1.4743438,"China"
811,25,0.923405,9,"Cambodia",1970,"Human Rights","Cambodia",TRUE,2.731292,NA,1.807887,NA,-1.807887,NA,NA
811,26,0.7556047,5,"Cambodia",1971,"Human Rights","Cambodia",TRUE,2.55991,-1.194589,1.8043053,1.9501937,-1.8043053,1.9501937,"United States"
811,27,0.3395326,13,"Cambodia",1972,"Human Rights","Cambodia",TRUE,2.781617,-1.144478,2.4420844,1.4840106,-2.4420844,1.4840106,"China"
811,28,0.4789545,19,"Cambodia",1973,"Human Rights","Cambodia",TRUE,2.760918,-0.9851026,2.2819635,1.4640571,-2.2819635,1.4640571,"China"
811,29,0.2265603,19,"Cambodia",1974,"Human Rights","Cambodia",TRUE,2.685759,-0.7454699,2.4591987,0.9720302,-2.4591987,0.9720302,"China"
811,30,-0.1653182,11,"Cambodia",1975,"Human Rights","Cambodia",TRUE,2.684721,-0.8149996,2.8500392,0.6496814,-2.8500392,0.6496814,"China"
811,31,-0.4794846,7,"Cambodia",1976,"Human Rights","Cambodia",TRUE,2.929598,-0.980486,3.4090826,0.5010014,-3.4090826,0.5010014,"China"
811,33,-0.4845267,3,"Cambodia",1978,"Human Rights","Cambodia",TRUE,2.787261,-0.9632952,3.2717877,0.4787685,-3.2717877,0.4787685,"China"
811,34,-0.3951152,12,"Cambodia",1979,"Human Rights","Cambodia",TRUE,3.125536,-0.7063591,3.5206512,0.3112439,-3.5206512,0.3112439,"China"
811,35,-0.0638211,11,"Cambodia",1980,"Human Rights","Cambodia",TRUE,3.127616,-0.6744908,3.1914371,0.6106697,-3.1914371,0.6106697,"China"
811,36,-0.0002543514,11,"Cambodia",1981,"Human Rights","Cambodia",TRUE,3.275289,-0.4286347,3.2755433514,0.4283803486,-3.2755433514,0.4283803486,"China"
811,37,0.03462087,21,"Cambodia",1982,"Human Rights","Cambodia",TRUE,3.207003,0.03908729,3.17238213,0.00446642,-3.17238213,-0.00446642,"China"
811,38,-0.068363,19,"Cambodia",1983,"Human Rights","Cambodia",TRUE,2.967989,-0.07833678,3.036352,0.00997378,-3.036352,0.00997378,"China"
811,39,-0.1883465,14,"Cambodia",1984,"Human Rights","Cambodia",TRUE,3.013395,-0.2104287,3.2017415,0.0220822,-3.2017415,0.0220822,"China"
811,40,-0.1312295,13,"Cambodia",1985,"Human Rights","Cambodia",TRUE,3.10423,-0.1290283,3.2354595,0.00220119999999999,-3.2354595,-0.00220119999999999,"China"
811,41,-0.01995857,18,"Cambodia",1986,"Human Rights","Cambodia",TRUE,3.070964,-0.3913312,3.09092257,0.37137263,-3.09092257,0.37137263,"China"
811,42,-0.08035298,15,"Cambodia",1987,"Human Rights","Cambodia",TRUE,3.106385,-0.2265361,3.18673798,0.14618312,-3.18673798,0.14618312,"China"
811,43,-0.2160801,13,"Cambodia",1988,"Human Rights","Cambodia",TRUE,2.974798,-0.3252013,3.1908781,0.1091212,-3.1908781,0.1091212,"China"
811,44,-0.2182012,12,"Cambodia",1989,"Human Rights","Cambodia",TRUE,2.927021,-0.4459684,3.1452222,0.2277672,-3.1452222,0.2277672,"China"
811,46,-0.2018699,6,"Cambodia",1991,"Human Rights","Cambodia",TRUE,2.921711,-0.7907908,3.1235809,0.5889209,-3.1235809,0.5889209,"China"
811,48,-0.5290399,7,"Cambodia",1993,"Human Rights","Cambodia",TRUE,2.82987,-1.663223,3.3589099,1.1341831,-3.3589099,1.1341831,"China"
811,49,-0.2808496,10,"Cambodia",1994,"Human Rights","Cambodia",TRUE,3.102965,-1.877995,3.3838146,1.5971454,-3.3838146,1.5971454,"China"
811,50,-0.0799264,11,"Cambodia",1995,"Human Rights","Cambodia",TRUE,3.471337,-2.026055,3.5512634,1.9461286,-3.5512634,1.9461286,"China"
811,51,-0.06112996,17,"Cambodia",1996,"Human Rights","Cambodia",TRUE,3.438735,-1.96785,3.49986496,1.90672004,-3.49986496,1.90672004,"China"
811,54,-0.6740022,19,"Cambodia",1999,"Human Rights","Cambodia",TRUE,2.75,-1.613756,3.4240022,0.9397538,-3.4240022,0.9397538,"China"
811,55,-0.7784723,16,"Cambodia",2000,"Human Rights","Cambodia",TRUE,2.657247,-1.36047,3.4357193,0.5819977,-3.4357193,0.5819977,"China"
811,56,-0.7921817,20,"Cambodia",2001,"Human Rights","Cambodia",TRUE,2.567887,-1.191583,3.3600687,0.3994013,-3.3600687,0.3994013,"China"
811,57,-0.8721281,19,"Cambodia",2002,"Human Rights","Cambodia",TRUE,2.725257,-1.027524,3.5973851,0.1553959,-3.5973851,0.1553959,"China"
811,58,-0.8234731,22,"Cambodia",2003,"Human Rights","Cambodia",TRUE,2.765358,-1.114912,3.5888311,0.2914389,-3.5888311,0.2914389,"China"
811,59,-0.5766424,19,"Cambodia",2004,"Human Rights","Cambodia",TRUE,2.636171,-1.113902,3.2128134,0.5372596,-3.2128134,0.5372596,"China"
811,60,-0.7216743,15,"Cambodia",2005,"Human Rights","Cambodia",TRUE,2.513429,-1.308951,3.2351033,0.5872767,-3.2351033,0.5872767,"China"
811,61,-0.8858912,24,"Cambodia",2006,"Human Rights","Cambodia",TRUE,2.439074,-1.203532,3.3249652,0.3176408,-3.3249652,0.3176408,"China"
811,62,-0.4622653,24,"Cambodia",2007,"Human Rights","Cambodia",TRUE,2.212346,-1.324776,2.6746113,0.8625107,-2.6746113,0.8625107,"China"
811,63,-0.5854967,24,"Cambodia",2008,"Human Rights","Cambodia",TRUE,2.172848,-1.365911,2.7583447,0.7804143,-2.7583447,0.7804143,"China"
811,64,-0.5645281,19,"Cambodia",2009,"Human Rights","Cambodia",TRUE,2.121915,-1.292413,2.6864431,0.7278849,-2.6864431,0.7278849,"China"
811,65,-0.7105218,22,"Cambodia",2010,"Human Rights","Cambodia",TRUE,1.876482,-1.42383,2.5870038,0.7133082,-2.5870038,0.7133082,"China"
811,66,-0.8005443,23,"Cambodia",2011,"Human Rights","Cambodia",TRUE,2.064047,-1.312785,2.8645913,0.5122407,-2.8645913,0.5122407,"China"
811,67,-0.8724176,21,"Cambodia",2012,"Human Rights","Cambodia",TRUE,2.139595,-1.293004,3.0120126,0.4205864,-3.0120126,0.4205864,"China"
811,68,-1.005361,19,"Cambodia",2013,"Human Rights","Cambodia",TRUE,2.329978,-1.376486,3.335339,0.371125,-3.335339,0.371125,"China"
811,69,-0.9425976,17,"Cambodia",2014,"Human Rights","Cambodia",TRUE,2.268829,-1.550729,3.2114266,0.6081314,-3.2114266,0.6081314,"China"
811,70,-1.10903,19,"Cambodia",2015,"Human Rights","Cambodia",TRUE,2.144144,-1.571789,3.253174,0.462759,-3.253174,0.462759,"China"
811,71,-1.098011,17,"Cambodia",2016,"Human Rights","Cambodia",TRUE,2.071962,-1.614393,3.169973,0.516382,-3.169973,0.516382,"China"
811,72,-1.081414,29,"Cambodia",2017,"Human Rights","Cambodia",TRUE,2.069325,-1.68252,3.150739,0.601106,-3.150739,0.601106,"China"
811,73,-1.272885,21,"Cambodia",2018,"Human Rights","Cambodia",TRUE,2.262777,-1.819899,3.535662,0.547014,-3.535662,0.547014,"China"
811,74,-1.469489,13,"Cambodia",2019,"Human Rights","Cambodia",TRUE,2.152796,-1.790664,3.622285,0.321175,-3.622285,0.321175,"China"
812,25,0.690606,7,"Laos",1970,"Human Rights","Laos",TRUE,2.731292,NA,2.040686,NA,-2.040686,NA,NA
812,26,0.8164488,6,"Laos",1971,"Human Rights","Laos",TRUE,2.55991,-1.194589,1.7434612,2.0110378,-1.7434612,2.0110378,"United States"
812,27,1.256538,13,"Laos",1972,"Human Rights","Laos",TRUE,2.781617,-1.144478,1.525079,2.401016,-1.525079,2.401016,"United States"
812,28,0.7211326,14,"Laos",1973,"Human Rights","Laos",TRUE,2.760918,-0.9851026,2.0397854,1.7062352,-2.0397854,1.7062352,"China"
812,29,0.93426,19,"Laos",1974,"Human Rights","Laos",TRUE,2.685759,-0.7454699,1.751499,1.6797299,-1.751499,1.6797299,"China"
812,30,-0.1532317,21,"Laos",1975,"Human Rights","Laos",TRUE,2.684721,-0.8149996,2.8379527,0.6617679,-2.8379527,0.6617679,"China"
812,31,-0.4635889,17,"Laos",1976,"Human Rights","Laos",TRUE,2.929598,-0.980486,3.3931869,0.5168971,-3.3931869,0.5168971,"China"
812,32,-0.6657177,19,"Laos",1977,"Human Rights","Laos",TRUE,2.860904,-0.9641992,3.5266217,0.2984815,-3.5266217,0.2984815,"China"
812,33,-1.237508,15,"Laos",1978,"Human Rights","Laos",TRUE,2.787261,-0.9632952,4.024769,0.2742128,-4.024769,-0.2742128,"China"
812,34,-1.333194,16,"Laos",1979,"Human Rights","Laos",TRUE,3.125536,-0.7063591,4.45873,0.6268349,-4.45873,-0.6268349,"China"
812,35,-1.579653,17,"Laos",1980,"Human Rights","Laos",TRUE,3.127616,-0.6744908,4.707269,0.9051622,-4.707269,-0.9051622,"China"
812,36,-1.63768,13,"Laos",1981,"Human Rights","Laos",TRUE,3.275289,-0.4286347,4.912969,1.2090453,-4.912969,-1.2090453,"China"
812,37,-1.463225,21,"Laos",1982,"Human Rights","Laos",TRUE,3.207003,0.03908729,4.670228,1.50231229,-4.670228,-1.50231229,"China"
812,38,-1.453003,19,"Laos",1983,"Human Rights","Laos",TRUE,2.967989,-0.07833678,4.420992,1.37466622,-4.420992,-1.37466622,"China"
812,39,-1.315167,15,"Laos",1984,"Human Rights","Laos",TRUE,3.013395,-0.2104287,4.328562,1.1047383,-4.328562,-1.1047383,"China"
812,40,-1.365422,15,"Laos",1985,"Human Rights","Laos",TRUE,3.10423,-0.1290283,4.469652,1.2363937,-4.469652,-1.2363937,"China"
812,41,-1.284925,23,"Laos",1986,"Human Rights","Laos",TRUE,3.070964,-0.3913312,4.355889,0.8935938,-4.355889,-0.8935938,"China"
812,42,-1.303934,18,"Laos",1987,"Human Rights","Laos",TRUE,3.106385,-0.2265361,4.410319,1.0773979,-4.410319,-1.0773979,"China"
812,43,-1.006267,17,"Laos",1988,"Human Rights","Laos",TRUE,2.974798,-0.3252013,3.981065,0.6810657,-3.981065,-0.6810657,"China"
812,44,-0.8026476,12,"Laos",1989,"Human Rights","Laos",TRUE,2.927021,-0.4459684,3.7296686,0.3566792,-3.7296686,-0.3566792,"China"
812,45,-0.7309362,10,"Laos",1990,"Human Rights","Laos",TRUE,2.939404,-0.4751009,3.6703402,0.2558353,-3.6703402,-0.2558353,"China"
812,46,-0.8869873,11,"Laos",1991,"Human Rights","Laos",TRUE,2.921711,-0.7907908,3.8086983,0.0961965,-3.8086983,-0.0961965,"China"
812,47,-1.315469,11,"Laos",1992,"Human Rights","Laos",TRUE,2.713206,-1.455593,4.028675,0.140124,-4.028675,0.140124,"China"
812,48,-1.203092,11,"Laos",1993,"Human Rights","Laos",TRUE,2.82987,-1.663223,4.032962,0.460131,-4.032962,0.460131,"China"
812,49,-1.21275,12,"Laos",1994,"Human Rights","Laos",TRUE,3.102965,-1.877995,4.315715,0.665245,-4.315715,0.665245,"China"
812,50,-1.133943,11,"Laos",1995,"Human Rights","Laos",TRUE,3.471337,-2.026055,4.60528,0.892112,-4.60528,0.892112,"China"
812,51,-1.017119,15,"Laos",1996,"Human Rights","Laos",TRUE,3.438735,-1.96785,4.455854,0.950731,-4.455854,0.950731,"China"
812,52,-1.014771,20,"Laos",1997,"Human Rights","Laos",TRUE,3.380132,-1.853405,4.394903,0.838634,-4.394903,0.838634,"China"
812,53,-0.9800119,14,"Laos",1998,"Human Rights","Laos",TRUE,2.950729,-1.647814,3.9307409,0.6678021,-3.9307409,0.6678021,"China"
812,54,-0.9006042,19,"Laos",1999,"Human Rights","Laos",TRUE,2.75,-1.613756,3.6506042,0.7131518,-3.6506042,0.7131518,"China"
812,55,-1.058004,17,"Laos",2000,"Human Rights","Laos",TRUE,2.657247,-1.36047,3.715251,0.302466,-3.715251,0.302466,"China"
812,56,-1.098856,20,"Laos",2001,"Human Rights","Laos",TRUE,2.567887,-1.191583,3.666743,0.092727,-3.666743,0.092727,"China"
812,57,-0.942681,17,"Laos",2002,"Human Rights","Laos",TRUE,2.725257,-1.027524,3.667938,0.0848430000000001,-3.667938,0.0848430000000001,"China"
812,58,-0.6703203,22,"Laos",2003,"Human Rights","Laos",TRUE,2.765358,-1.114912,3.4356783,0.4445917,-3.4356783,0.4445917,"China"
812,59,-0.5300945,19,"Laos",2004,"Human Rights","Laos",TRUE,2.636171,-1.113902,3.1662655,0.5838075,-3.1662655,0.5838075,"China"
812,60,-0.5891322,20,"Laos",2005,"Human Rights","Laos",TRUE,2.513429,-1.308951,3.1025612,0.7198188,-3.1025612,0.7198188,"China"
812,61,-0.7731773,26,"Laos",2006,"Human Rights","Laos",TRUE,2.439074,-1.203532,3.2122513,0.4303547,-3.2122513,0.4303547,"China"
812,62,-0.8468985,26,"Laos",2007,"Human Rights","Laos",TRUE,2.212346,-1.324776,3.0592445,0.4778775,-3.0592445,0.4778775,"China"
812,63,-0.7700195,26,"Laos",2008,"Human Rights","Laos",TRUE,2.172848,-1.365911,2.9428675,0.5958915,-2.9428675,0.5958915,"China"
812,64,-0.7111867,22,"Laos",2009,"Human Rights","Laos",TRUE,2.121915,-1.292413,2.8331017,0.5812263,-2.8331017,0.5812263,"China"
812,65,-0.6578905,23,"Laos",2010,"Human Rights","Laos",TRUE,1.876482,-1.42383,2.5343725,0.7659395,-2.5343725,0.7659395,"China"
812,66,-0.8946841,24,"Laos",2011,"Human Rights","Laos",TRUE,2.064047,-1.312785,2.9587311,0.4181009,-2.9587311,0.4181009,"China"
812,67,-0.6992905,22,"Laos",2012,"Human Rights","Laos",TRUE,2.139595,-1.293004,2.8388855,0.5937135,-2.8388855,0.5937135,"China"
812,68,-0.6108942,20,"Laos",2013,"Human Rights","Laos",TRUE,2.329978,-1.376486,2.9408722,0.7655918,-2.9408722,0.7655918,"China"
812,69,-0.8769361,18,"Laos",2014,"Human Rights","Laos",TRUE,2.268829,-1.550729,3.1457651,0.6737929,-3.1457651,0.6737929,"China"
812,70,-0.9841702,20,"Laos",2015,"Human Rights","Laos",TRUE,2.144144,-1.571789,3.1283142,0.5876188,-3.1283142,0.5876188,"China"
812,71,-0.7099757,18,"Laos",2016,"Human Rights","Laos",TRUE,2.071962,-1.614393,2.7819377,0.9044173,-2.7819377,0.9044173,"China"
812,72,-1.0864,29,"Laos",2017,"Human Rights","Laos",TRUE,2.069325,-1.68252,3.155725,0.59612,-3.155725,0.59612,"China"
812,73,-0.9668308,22,"Laos",2018,"Human Rights","Laos",TRUE,2.262777,-1.819899,3.2296078,0.8530682,-3.2296078,0.8530682,"China"
812,74,-0.8245837,14,"Laos",2019,"Human Rights","Laos",TRUE,2.152796,-1.790664,2.9773797,0.9660803,-2.9773797,0.9660803,"China"
816,32,-0.9772772,18,"Vietnam",1977,"Human Rights","Vietnam",TRUE,2.860904,-0.9641992,3.8381812,0.0130779999999999,-3.8381812,-0.0130779999999999,"China"
816,33,-0.9065795,14,"Vietnam",1978,"Human Rights","Vietnam",TRUE,2.787261,-0.9632952,3.6938405,0.0567157,-3.6938405,0.0567157,"China"
816,34,-1.22089,16,"Vietnam",1979,"Human Rights","Vietnam",TRUE,3.125536,-0.7063591,4.346426,0.5145309,-4.346426,-0.5145309,"China"
816,35,-1.474787,17,"Vietnam",1980,"Human Rights","Vietnam",TRUE,3.127616,-0.6744908,4.602403,0.8002962,-4.602403,-0.8002962,"China"
816,36,-1.563196,13,"Vietnam",1981,"Human Rights","Vietnam",TRUE,3.275289,-0.4286347,4.838485,1.1345613,-4.838485,-1.1345613,"China"
816,37,-1.441676,21,"Vietnam",1982,"Human Rights","Vietnam",TRUE,3.207003,0.03908729,4.648679,1.48076329,-4.648679,-1.48076329,"China"
816,38,-1.447415,19,"Vietnam",1983,"Human Rights","Vietnam",TRUE,2.967989,-0.07833678,4.415404,1.36907822,-4.415404,-1.36907822,"China"
816,39,-1.229405,15,"Vietnam",1984,"Human Rights","Vietnam",TRUE,3.013395,-0.2104287,4.2428,1.0189763,-4.2428,-1.0189763,"China"
816,40,-1.254897,15,"Vietnam",1985,"Human Rights","Vietnam",TRUE,3.10423,-0.1290283,4.359127,1.1258687,-4.359127,-1.1258687,"China"
816,41,-1.270173,23,"Vietnam",1986,"Human Rights","Vietnam",TRUE,3.070964,-0.3913312,4.341137,0.8788418,-4.341137,-0.8788418,"China"
816,42,-1.274981,18,"Vietnam",1987,"Human Rights","Vietnam",TRUE,3.106385,-0.2265361,4.381366,1.0484449,-4.381366,-1.0484449,"China"
816,43,-1.044235,17,"Vietnam",1988,"Human Rights","Vietnam",TRUE,2.974798,-0.3252013,4.019033,0.7190337,-4.019033,-0.7190337,"China"
816,44,-0.8762418,12,"Vietnam",1989,"Human Rights","Vietnam",TRUE,2.927021,-0.4459684,3.8032628,0.4302734,-3.8032628,-0.4302734,"China"
816,45,-0.7894098,9,"Vietnam",1990,"Human Rights","Vietnam",TRUE,2.939404,-0.4751009,3.7288138,0.3143089,-3.7288138,-0.3143089,"China"
816,46,-0.9875084,10,"Vietnam",1991,"Human Rights","Vietnam",TRUE,2.921711,-0.7907908,3.9092194,0.1967176,-3.9092194,-0.1967176,"China"
816,47,-1.347707,11,"Vietnam",1992,"Human Rights","Vietnam",TRUE,2.713206,-1.455593,4.060913,0.107886,-4.060913,0.107886,"China"
816,48,-1.606371,11,"Vietnam",1993,"Human Rights","Vietnam",TRUE,2.82987,-1.663223,4.436241,0.0568519999999999,-4.436241,0.0568519999999999,"China"
816,49,-1.758835,12,"Vietnam",1994,"Human Rights","Vietnam",TRUE,3.102965,-1.877995,4.8618,0.11916,-4.8618,0.11916,"China"
816,50,-1.831767,11,"Vietnam",1995,"Human Rights","Vietnam",TRUE,3.471337,-2.026055,5.303104,0.194288,-5.303104,0.194288,"China"
816,51,-1.511031,15,"Vietnam",1996,"Human Rights","Vietnam",TRUE,3.438735,-1.96785,4.949766,0.456819,-4.949766,0.456819,"China"
816,52,-1.457383,18,"Vietnam",1997,"Human Rights","Vietnam",TRUE,3.380132,-1.853405,4.837515,0.396022,-4.837515,0.396022,"China"
816,53,-1.33836,12,"Vietnam",1998,"Human Rights","Vietnam",TRUE,2.950729,-1.647814,4.289089,0.309454,-4.289089,0.309454,"China"
816,54,-1.310583,17,"Vietnam",1999,"Human Rights","Vietnam",TRUE,2.75,-1.613756,4.060583,0.303173,-4.060583,0.303173,"China"
816,55,-1.278014,16,"Vietnam",2000,"Human Rights","Vietnam",TRUE,2.657247,-1.36047,3.935261,0.0824560000000001,-3.935261,0.0824560000000001,"China"
816,56,-1.209806,19,"Vietnam",2001,"Human Rights","Vietnam",TRUE,2.567887,-1.191583,3.777693,0.0182229999999999,-3.777693,-0.0182229999999999,"China"
816,57,-1.021667,18,"Vietnam",2002,"Human Rights","Vietnam",TRUE,2.725257,-1.027524,3.746924,0.005857,-3.746924,0.005857,"China"
816,58,-1.210857,21,"Vietnam",2003,"Human Rights","Vietnam",TRUE,2.765358,-1.114912,3.976215,0.0959450000000002,-3.976215,-0.0959450000000002,"China"
816,59,-1.174071,18,"Vietnam",2004,"Human Rights","Vietnam",TRUE,2.636171,-1.113902,3.810242,0.0601690000000001,-3.810242,-0.0601690000000001,"China"
816,60,-1.331464,18,"Vietnam",2005,"Human Rights","Vietnam",TRUE,2.513429,-1.308951,3.844893,0.022513,-3.844893,-0.022513,"China"
816,61,-1.353099,27,"Vietnam",2006,"Human Rights","Vietnam",TRUE,2.439074,-1.203532,3.792173,0.149567,-3.792173,-0.149567,"China"
816,62,-1.309589,26,"Vietnam",2007,"Human Rights","Vietnam",TRUE,2.212346,-1.324776,3.521935,0.0151870000000001,-3.521935,0.0151870000000001,"China"
816,63,-1.265394,26,"Vietnam",2008,"Human Rights","Vietnam",TRUE,2.172848,-1.365911,3.438242,0.100517,-3.438242,0.100517,"China"
816,64,-1.262803,24,"Vietnam",2009,"Human Rights","Vietnam",TRUE,2.121915,-1.292413,3.384718,0.0296100000000001,-3.384718,0.0296100000000001,"China"
816,65,-1.165413,23,"Vietnam",2010,"Human Rights","Vietnam",TRUE,1.876482,-1.42383,3.041895,0.258417,-3.041895,0.258417,"China"
816,66,-1.318541,24,"Vietnam",2011,"Human Rights","Vietnam",TRUE,2.064047,-1.312785,3.382588,0.00575599999999987,-3.382588,-0.00575599999999987,"China"
816,67,-1.138491,22,"Vietnam",2012,"Human Rights","Vietnam",TRUE,2.139595,-1.293004,3.278086,0.154513,-3.278086,0.154513,"China"
816,68,-1.087725,21,"Vietnam",2013,"Human Rights","Vietnam",TRUE,2.329978,-1.376486,3.417703,0.288761,-3.417703,0.288761,"China"
816,69,-1.239811,18,"Vietnam",2014,"Human Rights","Vietnam",TRUE,2.268829,-1.550729,3.50864,0.310918,-3.50864,0.310918,"China"
816,70,-1.220421,19,"Vietnam",2015,"Human Rights","Vietnam",TRUE,2.144144,-1.571789,3.364565,0.351368,-3.364565,0.351368,"China"
816,71,-1.089826,18,"Vietnam",2016,"Human Rights","Vietnam",TRUE,2.071962,-1.614393,3.161788,0.524567,-3.161788,0.524567,"China"
816,72,-0.9439817,29,"Vietnam",2017,"Human Rights","Vietnam",TRUE,2.069325,-1.68252,3.0133067,0.7385383,-3.0133067,0.7385383,"China"
816,73,-1.082805,22,"Vietnam",2018,"Human Rights","Vietnam",TRUE,2.262777,-1.819899,3.345582,0.737094,-3.345582,0.737094,"China"
816,74,-1.048693,14,"Vietnam",2019,"Human Rights","Vietnam",TRUE,2.152796,-1.790664,3.201489,0.741971,-3.201489,0.741971,"China"
820,25,0.1358069,14,"Malaysia",1970,"Human Rights","Malaysia",TRUE,2.731292,NA,2.5954851,NA,-2.5954851,NA,NA
820,26,-0.2267667,8,"Malaysia",1971,"Human Rights","Malaysia",TRUE,2.55991,-1.194589,2.7866767,0.9678223,-2.7866767,0.9678223,"China"
820,27,-0.3522822,14,"Malaysia",1972,"Human Rights","Malaysia",TRUE,2.781617,-1.144478,3.1338992,0.7921958,-3.1338992,0.7921958,"China"
820,28,-0.05943864,23,"Malaysia",1973,"Human Rights","Malaysia",TRUE,2.760918,-0.9851026,2.82035664,0.92566396,-2.82035664,0.92566396,"China"
820,29,-0.2961574,20,"Malaysia",1974,"Human Rights","Malaysia",TRUE,2.685759,-0.7454699,2.9819164,0.4493125,-2.9819164,0.4493125,"China"
820,30,-0.3381271,21,"Malaysia",1975,"Human Rights","Malaysia",TRUE,2.684721,-0.8149996,3.0228481,0.4768725,-3.0228481,0.4768725,"China"
820,31,-0.08879421,17,"Malaysia",1976,"Human Rights","Malaysia",TRUE,2.929598,-0.980486,3.01839221,0.89169179,-3.01839221,0.89169179,"China"
820,32,-0.06578046,19,"Malaysia",1977,"Human Rights","Malaysia",TRUE,2.860904,-0.9641992,2.92668446,0.89841874,-2.92668446,0.89841874,"China"
820,33,-0.2201553,16,"Malaysia",1978,"Human Rights","Malaysia",TRUE,2.787261,-0.9632952,3.0074163,0.7431399,-3.0074163,0.7431399,"China"
820,34,-0.412662,16,"Malaysia",1979,"Human Rights","Malaysia",TRUE,3.125536,-0.7063591,3.538198,0.2936971,-3.538198,0.2936971,"China"
820,35,-0.3768138,18,"Malaysia",1980,"Human Rights","Malaysia",TRUE,3.127616,-0.6744908,3.5044298,0.297677,-3.5044298,0.297677,"China"
820,36,-0.2963247,13,"Malaysia",1981,"Human Rights","Malaysia",TRUE,3.275289,-0.4286347,3.5716137,0.13231,-3.5716137,0.13231,"China"
820,37,-0.02700019,21,"Malaysia",1982,"Human Rights","Malaysia",TRUE,3.207003,0.03908729,3.23400319,0.06608748,-3.23400319,-0.06608748,"China"
820,38,-0.1061507,19,"Malaysia",1983,"Human Rights","Malaysia",TRUE,2.967989,-0.07833678,3.0741397,0.02781392,-3.0741397,-0.02781392,"China"
820,39,-0.2013197,14,"Malaysia",1984,"Human Rights","Malaysia",TRUE,3.013395,-0.2104287,3.2147147,0.00910900000000001,-3.2147147,0.00910900000000001,"China"
820,40,-0.2380393,15,"Malaysia",1985,"Human Rights","Malaysia",TRUE,3.10423,-0.1290283,3.3422693,0.109011,-3.3422693,-0.109011,"China"
820,41,-0.2583532,23,"Malaysia",1986,"Human Rights","Malaysia",TRUE,3.070964,-0.3913312,3.3293172,0.132978,-3.3293172,0.132978,"China"
820,42,-0.2221499,19,"Malaysia",1987,"Human Rights","Malaysia",TRUE,3.106385,-0.2265361,3.3285349,0.00438619999999998,-3.3285349,0.00438619999999998,"China"
820,43,-0.5818098,18,"Malaysia",1988,"Human Rights","Malaysia",TRUE,2.974798,-0.3252013,3.5566078,0.2566085,-3.5566078,-0.2566085,"China"
820,44,-0.5689229,12,"Malaysia",1989,"Human Rights","Malaysia",TRUE,2.927021,-0.4459684,3.4959439,0.1229545,-3.4959439,-0.1229545,"China"
820,45,-0.5403811,10,"Malaysia",1990,"Human Rights","Malaysia",TRUE,2.939404,-0.4751009,3.4797851,0.0652802,-3.4797851,-0.0652802,"China"
820,46,-1.041101,11,"Malaysia",1991,"Human Rights","Malaysia",TRUE,2.921711,-0.7907908,3.962812,0.2503102,-3.962812,-0.2503102,"China"
820,47,-1.112109,11,"Malaysia",1992,"Human Rights","Malaysia",TRUE,2.713206,-1.455593,3.825315,0.343484,-3.825315,0.343484,"China"
820,48,-1.240955,11,"Malaysia",1993,"Human Rights","Malaysia",TRUE,2.82987,-1.663223,4.070825,0.422268,-4.070825,0.422268,"China"
820,49,-1.002509,14,"Malaysia",1994,"Human Rights","Malaysia",TRUE,3.102965,-1.877995,4.105474,0.875486,-4.105474,0.875486,"China"
820,50,-0.7592954,14,"Malaysia",1995,"Human Rights","Malaysia",TRUE,3.471337,-2.026055,4.2306324,1.2667596,-4.2306324,1.2667596,"China"
820,51,-0.6770192,17,"Malaysia",1996,"Human Rights","Malaysia",TRUE,3.438735,-1.96785,4.1157542,1.2908308,-4.1157542,1.2908308,"China"
820,52,-0.6230782,20,"Malaysia",1997,"Human Rights","Malaysia",TRUE,3.380132,-1.853405,4.0032102,1.2303268,-4.0032102,1.2303268,"China"
820,53,-0.8020887,14,"Malaysia",1998,"Human Rights","Malaysia",TRUE,2.950729,-1.647814,3.7528177,0.8457253,-3.7528177,0.8457253,"China"
820,54,-0.613699,19,"Malaysia",1999,"Human Rights","Malaysia",TRUE,2.75,-1.613756,3.363699,1.000057,-3.363699,1.000057,"China"
820,55,-0.5326938,17,"Malaysia",2000,"Human Rights","Malaysia",TRUE,2.657247,-1.36047,3.1899408,0.8277762,-3.1899408,0.8277762,"China"
820,56,-0.9251416,20,"Malaysia",2001,"Human Rights","Malaysia",TRUE,2.567887,-1.191583,3.4930286,0.2664414,-3.4930286,0.2664414,"China"
820,57,-0.6739254,19,"Malaysia",2002,"Human Rights","Malaysia",TRUE,2.725257,-1.027524,3.3991824,0.3535986,-3.3991824,0.3535986,"China"
820,58,-1.006754,22,"Malaysia",2003,"Human Rights","Malaysia",TRUE,2.765358,-1.114912,3.772112,0.108158,-3.772112,0.108158,"China"
820,59,-0.6688621,19,"Malaysia",2004,"Human Rights","Malaysia",TRUE,2.636171,-1.113902,3.3050331,0.4450399,-3.3050331,0.4450399,"China"
820,60,-1.196319,20,"Malaysia",2005,"Human Rights","Malaysia",TRUE,2.513429,-1.308951,3.709748,0.112632,-3.709748,0.112632,"China"
820,61,-0.7212483,27,"Malaysia",2006,"Human Rights","Malaysia",TRUE,2.439074,-1.203532,3.1603223,0.4822837,-3.1603223,0.4822837,"China"
820,62,-1.216421,26,"Malaysia",2007,"Human Rights","Malaysia",TRUE,2.212346,-1.324776,3.428767,0.108355,-3.428767,0.108355,"China"
820,63,-0.8975312,26,"Malaysia",2008,"Human Rights","Malaysia",TRUE,2.172848,-1.365911,3.0703792,0.4683798,-3.0703792,0.4683798,"China"
820,64,-1.173184,24,"Malaysia",2009,"Human Rights","Malaysia",TRUE,2.121915,-1.292413,3.295099,0.119229,-3.295099,0.119229,"China"
820,65,-1.388767,23,"Malaysia",2010,"Human Rights","Malaysia",TRUE,1.876482,-1.42383,3.265249,0.0350629999999998,-3.265249,0.0350629999999998,"China"
820,66,-0.739231,24,"Malaysia",2011,"Human Rights","Malaysia",TRUE,2.064047,-1.312785,2.803278,0.573554,-2.803278,0.573554,"China"
820,67,-0.6548042,22,"Malaysia",2012,"Human Rights","Malaysia",TRUE,2.139595,-1.293004,2.7943992,0.6381998,-2.7943992,0.6381998,"China"
820,68,-0.4671867,21,"Malaysia",2013,"Human Rights","Malaysia",TRUE,2.329978,-1.376486,2.7971647,0.9092993,-2.7971647,0.9092993,"China"
820,69,-0.6332736,18,"Malaysia",2014,"Human Rights","Malaysia",TRUE,2.268829,-1.550729,2.9021026,0.9174554,-2.9021026,0.9174554,"China"
820,70,-0.5570766,20,"Malaysia",2015,"Human Rights","Malaysia",TRUE,2.144144,-1.571789,2.7012206,1.0147124,-2.7012206,1.0147124,"China"
820,71,-0.6445598,18,"Malaysia",2016,"Human Rights","Malaysia",TRUE,2.071962,-1.614393,2.7165218,0.9698332,-2.7165218,0.9698332,"China"
820,72,-0.4505008,28,"Malaysia",2017,"Human Rights","Malaysia",TRUE,2.069325,-1.68252,2.5198258,1.2320192,-2.5198258,1.2320192,"China"
820,73,-0.490227,22,"Malaysia",2018,"Human Rights","Malaysia",TRUE,2.262777,-1.819899,2.753004,1.329672,-2.753004,1.329672,"China"
820,74,-0.5643445,14,"Malaysia",2019,"Human Rights","Malaysia",TRUE,2.152796,-1.790664,2.7171405,1.2263195,-2.7171405,1.2263195,"China"
830,25,0.6331632,14,"Singapore",1970,"Human Rights","Singapore",TRUE,2.731292,NA,2.0981288,NA,-2.0981288,NA,NA
830,26,0.4802645,8,"Singapore",1971,"Human Rights","Singapore",TRUE,2.55991,-1.194589,2.0796455,1.6748535,-2.0796455,1.6748535,"China"
830,27,0.7858223,12,"Singapore",1972,"Human Rights","Singapore",TRUE,2.781617,-1.144478,1.9957947,1.9303003,-1.9957947,1.9303003,"China"
830,28,0.09990291,23,"Singapore",1973,"Human Rights","Singapore",TRUE,2.760918,-0.9851026,2.66101509,1.08500551,-2.66101509,1.08500551,"China"
830,29,0.1938305,19,"Singapore",1974,"Human Rights","Singapore",TRUE,2.685759,-0.7454699,2.4919285,0.9393004,-2.4919285,0.9393004,"China"
830,30,0.04768693,20,"Singapore",1975,"Human Rights","Singapore",TRUE,2.684721,-0.8149996,2.63703407,0.86268653,-2.63703407,0.86268653,"China"
830,31,-0.0226193,14,"Singapore",1976,"Human Rights","Singapore",TRUE,2.929598,-0.980486,2.9522173,0.9578667,-2.9522173,0.9578667,"China"
830,32,-0.0244081,18,"Singapore",1977,"Human Rights","Singapore",TRUE,2.860904,-0.9641992,2.8853121,0.9397911,-2.8853121,0.9397911,"China"
830,33,-0.1229667,16,"Singapore",1978,"Human Rights","Singapore",TRUE,2.787261,-0.9632952,2.9102277,0.8403285,-2.9102277,0.8403285,"China"
830,34,0.171334,15,"Singapore",1979,"Human Rights","Singapore",TRUE,3.125536,-0.7063591,2.954202,0.8776931,-2.954202,0.8776931,"China"
830,35,0.2029148,17,"Singapore",1980,"Human Rights","Singapore",TRUE,3.127616,-0.6744908,2.9247012,0.8774056,-2.9247012,0.8774056,"China"
830,36,0.3152129,13,"Singapore",1981,"Human Rights","Singapore",TRUE,3.275289,-0.4286347,2.9600761,0.7438476,-2.9600761,0.7438476,"China"
830,37,0.09761994,19,"Singapore",1982,"Human Rights","Singapore",TRUE,3.207003,0.03908729,3.10938306,0.05853265,-3.10938306,0.05853265,"China"
830,38,-0.04127218,19,"Singapore",1983,"Human Rights","Singapore",TRUE,2.967989,-0.07833678,3.00926118,0.0370646,-3.00926118,0.0370646,"China"
830,39,-0.3257842,14,"Singapore",1984,"Human Rights","Singapore",TRUE,3.013395,-0.2104287,3.3391792,0.1153555,-3.3391792,-0.1153555,"China"
830,40,-0.1425715,15,"Singapore",1985,"Human Rights","Singapore",TRUE,3.10423,-0.1290283,3.2468015,0.0135432,-3.2468015,-0.0135432,"China"
830,41,-0.1806229,23,"Singapore",1986,"Human Rights","Singapore",TRUE,3.070964,-0.3913312,3.2515869,0.2107083,-3.2515869,0.2107083,"China"
830,42,0.1650267,19,"Singapore",1987,"Human Rights","Singapore",TRUE,3.106385,-0.2265361,2.9413583,0.3915628,-2.9413583,0.3915628,"China"
830,43,-0.09448743,16,"Singapore",1988,"Human Rights","Singapore",TRUE,2.974798,-0.3252013,3.06928543,0.23071387,-3.06928543,0.23071387,"China"
830,44,-0.2281602,13,"Singapore",1989,"Human Rights","Singapore",TRUE,2.927021,-0.4459684,3.1551812,0.2178082,-3.1551812,0.2178082,"China"
830,45,-0.3254265,10,"Singapore",1990,"Human Rights","Singapore",TRUE,2.939404,-0.4751009,3.2648305,0.1496744,-3.2648305,0.1496744,"China"
830,46,-0.2552136,11,"Singapore",1991,"Human Rights","Singapore",TRUE,2.921711,-0.7907908,3.1769246,0.5355772,-3.1769246,0.5355772,"China"
830,47,0.001436497,11,"Singapore",1992,"Human Rights","Singapore",TRUE,2.713206,-1.455593,2.711769503,1.457029497,-2.711769503,1.457029497,"China"
830,48,0.03563981,11,"Singapore",1993,"Human Rights","Singapore",TRUE,2.82987,-1.663223,2.79423019,1.69886281,-2.79423019,1.69886281,"China"
830,49,-0.1016117,14,"Singapore",1994,"Human Rights","Singapore",TRUE,3.102965,-1.877995,3.2045767,1.7763833,-3.2045767,1.7763833,"China"
830,50,-0.0982784,14,"Singapore",1995,"Human Rights","Singapore",TRUE,3.471337,-2.026055,3.5696154,1.9277766,-3.5696154,1.9277766,"China"
830,51,-0.3376167,17,"Singapore",1996,"Human Rights","Singapore",TRUE,3.438735,-1.96785,3.7763517,1.6302333,-3.7763517,1.6302333,"China"
830,52,-0.4808511,20,"Singapore",1997,"Human Rights","Singapore",TRUE,3.380132,-1.853405,3.8609831,1.3725539,-3.8609831,1.3725539,"China"
830,53,-0.629862,14,"Singapore",1998,"Human Rights","Singapore",TRUE,2.950729,-1.647814,3.580591,1.017952,-3.580591,1.017952,"China"
830,54,-0.4917539,19,"Singapore",1999,"Human Rights","Singapore",TRUE,2.75,-1.613756,3.2417539,1.1220021,-3.2417539,1.1220021,"China"
830,55,-0.054587,17,"Singapore",2000,"Human Rights","Singapore",TRUE,2.657247,-1.36047,2.711834,1.305883,-2.711834,1.305883,"China"
830,56,-0.1465816,21,"Singapore",2001,"Human Rights","Singapore",TRUE,2.567887,-1.191583,2.7144686,1.0450014,-2.7144686,1.0450014,"China"
830,57,0.04793224,19,"Singapore",2002,"Human Rights","Singapore",TRUE,2.725257,-1.027524,2.67732476,1.07545624,-2.67732476,1.07545624,"China"
830,58,0.02984989,22,"Singapore",2003,"Human Rights","Singapore",TRUE,2.765358,-1.114912,2.73550811,1.14476189,-2.73550811,1.14476189,"China"
830,59,0.01836896,19,"Singapore",2004,"Human Rights","Singapore",TRUE,2.636171,-1.113902,2.61780204,1.13227096,-2.61780204,1.13227096,"China"
830,60,-0.1483537,20,"Singapore",2005,"Human Rights","Singapore",TRUE,2.513429,-1.308951,2.6617827,1.1605973,-2.6617827,1.1605973,"China"
830,61,-0.07256963,27,"Singapore",2006,"Human Rights","Singapore",TRUE,2.439074,-1.203532,2.51164363,1.13096237,-2.51164363,1.13096237,"China"
830,62,-0.1192225,26,"Singapore",2007,"Human Rights","Singapore",TRUE,2.212346,-1.324776,2.3315685,1.2055535,-2.3315685,1.2055535,"China"
830,63,-0.2259818,26,"Singapore",2008,"Human Rights","Singapore",TRUE,2.172848,-1.365911,2.3988298,1.1399292,-2.3988298,1.1399292,"China"
830,64,-0.2994217,24,"Singapore",2009,"Human Rights","Singapore",TRUE,2.121915,-1.292413,2.4213367,0.9929913,-2.4213367,0.9929913,"China"
830,65,-0.3725454,23,"Singapore",2010,"Human Rights","Singapore",TRUE,1.876482,-1.42383,2.2490274,1.0512846,-2.2490274,1.0512846,"China"
830,66,-0.7629344,24,"Singapore",2011,"Human Rights","Singapore",TRUE,2.064047,-1.312785,2.8269814,0.5498506,-2.8269814,0.5498506,"China"
830,67,-0.4037142,22,"Singapore",2012,"Human Rights","Singapore",TRUE,2.139595,-1.293004,2.5433092,0.8892898,-2.5433092,0.8892898,"China"
830,68,-0.6681068,21,"Singapore",2013,"Human Rights","Singapore",TRUE,2.329978,-1.376486,2.9980848,0.7083792,-2.9980848,0.7083792,"China"
830,69,-0.4364108,18,"Singapore",2014,"Human Rights","Singapore",TRUE,2.268829,-1.550729,2.7052398,1.1143182,-2.7052398,1.1143182,"China"
830,70,-0.603099,20,"Singapore",2015,"Human Rights","Singapore",TRUE,2.144144,-1.571789,2.747243,0.96869,-2.747243,0.96869,"China"
830,71,-0.6568503,18,"Singapore",2016,"Human Rights","Singapore",TRUE,2.071962,-1.614393,2.7288123,0.9575427,-2.7288123,0.9575427,"China"
830,72,-0.6920029,29,"Singapore",2017,"Human Rights","Singapore",TRUE,2.069325,-1.68252,2.7613279,0.9905171,-2.7613279,0.9905171,"China"
830,73,-0.5672741,22,"Singapore",2018,"Human Rights","Singapore",TRUE,2.262777,-1.819899,2.8300511,1.2526249,-2.8300511,1.2526249,"China"
830,74,-0.668869,14,"Singapore",2019,"Human Rights","Singapore",TRUE,2.152796,-1.790664,2.821665,1.121795,-2.821665,1.121795,"China"
835,39,-0.02640765,15,"Brunei",1984,"Human Rights","Brunei",TRUE,3.013395,-0.2104287,3.03980265,0.18402105,-3.03980265,0.18402105,"China"
835,40,-0.1690364,15,"Brunei",1985,"Human Rights","Brunei",TRUE,3.10423,-0.1290283,3.2732664,0.0400081,-3.2732664,-0.0400081,"China"
835,41,-0.3214302,23,"Brunei",1986,"Human Rights","Brunei",TRUE,3.070964,-0.3913312,3.3923942,0.069901,-3.3923942,0.069901,"China"
835,42,-0.4111796,19,"Brunei",1987,"Human Rights","Brunei",TRUE,3.106385,-0.2265361,3.5175646,0.1846435,-3.5175646,-0.1846435,"China"
835,43,-0.6667111,18,"Brunei",1988,"Human Rights","Brunei",TRUE,2.974798,-0.3252013,3.6415091,0.3415098,-3.6415091,-0.3415098,"China"
835,44,-0.6351044,13,"Brunei",1989,"Human Rights","Brunei",TRUE,2.927021,-0.4459684,3.5621254,0.189136,-3.5621254,-0.189136,"China"
835,45,-0.6088898,10,"Brunei",1990,"Human Rights","Brunei",TRUE,2.939404,-0.4751009,3.5482938,0.1337889,-3.5482938,-0.1337889,"China"
835,46,-1.062582,11,"Brunei",1991,"Human Rights","Brunei",TRUE,2.921711,-0.7907908,3.984293,0.2717912,-3.984293,-0.2717912,"China"
835,47,-0.9426582,11,"Brunei",1992,"Human Rights","Brunei",TRUE,2.713206,-1.455593,3.6558642,0.5129348,-3.6558642,0.5129348,"China"
835,48,-0.9199309,11,"Brunei",1993,"Human Rights","Brunei",TRUE,2.82987,-1.663223,3.7498009,0.7432921,-3.7498009,0.7432921,"China"
835,49,-0.8897637,14,"Brunei",1994,"Human Rights","Brunei",TRUE,3.102965,-1.877995,3.9927287,0.9882313,-3.9927287,0.9882313,"China"
835,50,-0.9574098,14,"Brunei",1995,"Human Rights","Brunei",TRUE,3.471337,-2.026055,4.4287468,1.0686452,-4.4287468,1.0686452,"China"
835,51,-0.9102007,17,"Brunei",1996,"Human Rights","Brunei",TRUE,3.438735,-1.96785,4.3489357,1.0576493,-4.3489357,1.0576493,"China"
835,52,-0.8083361,20,"Brunei",1997,"Human Rights","Brunei",TRUE,3.380132,-1.853405,4.1884681,1.0450689,-4.1884681,1.0450689,"China"
835,53,-0.8817544,14,"Brunei",1998,"Human Rights","Brunei",TRUE,2.950729,-1.647814,3.8324834,0.7660596,-3.8324834,0.7660596,"China"
835,54,-0.7043323,19,"Brunei",1999,"Human Rights","Brunei",TRUE,2.75,-1.613756,3.4543323,0.9094237,-3.4543323,0.9094237,"China"
835,55,-0.5782314,17,"Brunei",2000,"Human Rights","Brunei",TRUE,2.657247,-1.36047,3.2354784,0.7822386,-3.2354784,0.7822386,"China"
835,56,-0.7838709,21,"Brunei",2001,"Human Rights","Brunei",TRUE,2.567887,-1.191583,3.3517579,0.4077121,-3.3517579,0.4077121,"China"
835,57,-0.6427945,19,"Brunei",2002,"Human Rights","Brunei",TRUE,2.725257,-1.027524,3.3680515,0.3847295,-3.3680515,0.3847295,"China"
835,58,-0.9819994,22,"Brunei",2003,"Human Rights","Brunei",TRUE,2.765358,-1.114912,3.7473574,0.1329126,-3.7473574,0.1329126,"China"
835,59,-0.6559273,19,"Brunei",2004,"Human Rights","Brunei",TRUE,2.636171,-1.113902,3.2920983,0.4579747,-3.2920983,0.4579747,"China"
835,60,-1.031534,20,"Brunei",2005,"Human Rights","Brunei",TRUE,2.513429,-1.308951,3.544963,0.277417,-3.544963,0.277417,"China"
835,61,-0.8763946,27,"Brunei",2006,"Human Rights","Brunei",TRUE,2.439074,-1.203532,3.3154686,0.3271374,-3.3154686,0.3271374,"China"
835,62,-0.5795532,26,"Brunei",2007,"Human Rights","Brunei",TRUE,2.212346,-1.324776,2.7918992,0.7452228,-2.7918992,0.7452228,"China"
835,63,-0.5779438,26,"Brunei",2008,"Human Rights","Brunei",TRUE,2.172848,-1.365911,2.7507918,0.7879672,-2.7507918,0.7879672,"China"
835,64,-0.8626051,24,"Brunei",2009,"Human Rights","Brunei",TRUE,2.121915,-1.292413,2.9845201,0.4298079,-2.9845201,0.4298079,"China"
835,65,-1.031525,23,"Brunei",2010,"Human Rights","Brunei",TRUE,1.876482,-1.42383,2.908007,0.392305,-2.908007,0.392305,"China"
835,66,-1.075188,22,"Brunei",2011,"Human Rights","Brunei",TRUE,2.064047,-1.312785,3.139235,0.237597,-3.139235,0.237597,"China"
835,67,-0.9714146,22,"Brunei",2012,"Human Rights","Brunei",TRUE,2.139595,-1.293004,3.1110096,0.3215894,-3.1110096,0.3215894,"China"
835,68,-1.060585,21,"Brunei",2013,"Human Rights","Brunei",TRUE,2.329978,-1.376486,3.390563,0.315901,-3.390563,0.315901,"China"
835,69,-1.05261,17,"Brunei",2014,"Human Rights","Brunei",TRUE,2.268829,-1.550729,3.321439,0.498119,-3.321439,0.498119,"China"
835,70,-0.9701724,20,"Brunei",2015,"Human Rights","Brunei",TRUE,2.144144,-1.571789,3.1143164,0.6016166,-3.1143164,0.6016166,"China"
835,71,-1.051198,18,"Brunei",2016,"Human Rights","Brunei",TRUE,2.071962,-1.614393,3.12316,0.563195,-3.12316,0.563195,"China"
835,72,-0.8107669,29,"Brunei",2017,"Human Rights","Brunei",TRUE,2.069325,-1.68252,2.8800919,0.8717531,-2.8800919,0.8717531,"China"
835,73,-0.9998085,22,"Brunei",2018,"Human Rights","Brunei",TRUE,2.262777,-1.819899,3.2625855,0.8200905,-3.2625855,0.8200905,"China"
835,74,-0.8954882,14,"Brunei",2019,"Human Rights","Brunei",TRUE,2.152796,-1.790664,3.0482842,0.8951758,-3.0482842,0.8951758,"China"
840,25,0.7142327,14,"Philippines",1970,"Human Rights","Philippines",TRUE,2.731292,NA,2.0170593,NA,-2.0170593,NA,NA
840,26,0.7606194,8,"Philippines",1971,"Human Rights","Philippines",TRUE,2.55991,-1.194589,1.7992906,1.9552084,-1.7992906,1.9552084,"United States"
840,27,0.5088937,15,"Philippines",1972,"Human Rights","Philippines",TRUE,2.781617,-1.144478,2.2727233,1.6533717,-2.2727233,1.6533717,"China"
840,28,0.07186639,23,"Philippines",1973,"Human Rights","Philippines",TRUE,2.760918,-0.9851026,2.68905161,1.05696899,-2.68905161,1.05696899,"China"
840,29,-0.1557621,20,"Philippines",1974,"Human Rights","Philippines",TRUE,2.685759,-0.7454699,2.8415211,0.5897078,-2.8415211,0.5897078,"China"
840,30,0.004643374,21,"Philippines",1975,"Human Rights","Philippines",TRUE,2.684721,-0.8149996,2.680077626,0.819642974,-2.680077626,0.819642974,"China"
840,31,0.06883274,17,"Philippines",1976,"Human Rights","Philippines",TRUE,2.929598,-0.980486,2.86076526,1.04931874,-2.86076526,1.04931874,"China"
840,32,-0.04918405,19,"Philippines",1977,"Human Rights","Philippines",TRUE,2.860904,-0.9641992,2.91008805,0.91501515,-2.91008805,0.91501515,"China"
840,33,-0.2777184,16,"Philippines",1978,"Human Rights","Philippines",TRUE,2.787261,-0.9632952,3.0649794,0.6855768,-3.0649794,0.6855768,"China"
840,34,-0.183097,16,"Philippines",1979,"Human Rights","Philippines",TRUE,3.125536,-0.7063591,3.308633,0.5232621,-3.308633,0.5232621,"China"
840,35,-0.1167971,18,"Philippines",1980,"Human Rights","Philippines",TRUE,3.127616,-0.6744908,3.2444131,0.5576937,-3.2444131,0.5576937,"China"
840,36,0.2607124,13,"Philippines",1981,"Human Rights","Philippines",TRUE,3.275289,-0.4286347,3.0145766,0.6893471,-3.0145766,0.6893471,"China"
840,37,0.02096772,21,"Philippines",1982,"Human Rights","Philippines",TRUE,3.207003,0.03908729,3.18603528,0.01811957,-3.18603528,-0.01811957,"China"
840,38,0.05022227,19,"Philippines",1983,"Human Rights","Philippines",TRUE,2.967989,-0.07833678,2.91776673,0.12855905,-2.91776673,0.12855905,"China"
840,39,0.1065769,14,"Philippines",1984,"Human Rights","Philippines",TRUE,3.013395,-0.2104287,2.9068181,0.3170056,-2.9068181,0.3170056,"China"
840,40,0.1882614,16,"Philippines",1985,"Human Rights","Philippines",TRUE,3.10423,-0.1290283,2.9159686,0.3172897,-2.9159686,0.3172897,"China"
840,41,0.1022054,24,"Philippines",1986,"Human Rights","Philippines",TRUE,3.070964,-0.3913312,2.9687586,0.4935366,-2.9687586,0.4935366,"China"
840,42,0.05972784,19,"Philippines",1987,"Human Rights","Philippines",TRUE,3.106385,-0.2265361,3.04665716,0.28626394,-3.04665716,0.28626394,"China"
840,43,0.3022018,18,"Philippines",1988,"Human Rights","Philippines",TRUE,2.974798,-0.3252013,2.6725962,0.6274031,-2.6725962,0.6274031,"China"
840,44,0.4126863,13,"Philippines",1989,"Human Rights","Philippines",TRUE,2.927021,-0.4459684,2.5143347,0.8586547,-2.5143347,0.8586547,"China"
840,45,-0.01523469,10,"Philippines",1990,"Human Rights","Philippines",TRUE,2.939404,-0.4751009,2.95463869,0.45986621,-2.95463869,0.45986621,"China"
840,46,-0.1435479,11,"Philippines",1991,"Human Rights","Philippines",TRUE,2.921711,-0.7907908,3.0652589,0.6472429,-3.0652589,0.6472429,"China"
840,47,-0.261134,11,"Philippines",1992,"Human Rights","Philippines",TRUE,2.713206,-1.455593,2.97434,1.194459,-2.97434,1.194459,"China"
840,48,-0.6602574,11,"Philippines",1993,"Human Rights","Philippines",TRUE,2.82987,-1.663223,3.4901274,1.0029656,-3.4901274,1.0029656,"China"
840,49,-0.7553855,14,"Philippines",1994,"Human Rights","Philippines",TRUE,3.102965,-1.877995,3.8583505,1.1226095,-3.8583505,1.1226095,"China"
840,50,-0.6549062,14,"Philippines",1995,"Human Rights","Philippines",TRUE,3.471337,-2.026055,4.1262432,1.3711488,-4.1262432,1.3711488,"China"
840,51,-0.5975725,17,"Philippines",1996,"Human Rights","Philippines",TRUE,3.438735,-1.96785,4.0363075,1.3702775,-4.0363075,1.3702775,"China"
840,52,-0.7939439,20,"Philippines",1997,"Human Rights","Philippines",TRUE,3.380132,-1.853405,4.1740759,1.0594611,-4.1740759,1.0594611,"China"
840,53,-0.9841637,14,"Philippines",1998,"Human Rights","Philippines",TRUE,2.950729,-1.647814,3.9348927,0.6636503,-3.9348927,0.6636503,"China"
840,54,-0.8680518,19,"Philippines",1999,"Human Rights","Philippines",TRUE,2.75,-1.613756,3.6180518,0.7457042,-3.6180518,0.7457042,"China"
840,55,-0.4132556,17,"Philippines",2000,"Human Rights","Philippines",TRUE,2.657247,-1.36047,3.0705026,0.9472144,-3.0705026,0.9472144,"China"
840,56,-0.2861886,21,"Philippines",2001,"Human Rights","Philippines",TRUE,2.567887,-1.191583,2.8540756,0.9053944,-2.8540756,0.9053944,"China"
840,57,-0.2771855,19,"Philippines",2002,"Human Rights","Philippines",TRUE,2.725257,-1.027524,3.0024425,0.7503385,-3.0024425,0.7503385,"China"
840,58,-0.3296264,22,"Philippines",2003,"Human Rights","Philippines",TRUE,2.765358,-1.114912,3.0949844,0.7852856,-3.0949844,0.7852856,"China"
840,59,-0.3189881,19,"Philippines",2004,"Human Rights","Philippines",TRUE,2.636171,-1.113902,2.9551591,0.7949139,-2.9551591,0.7949139,"China"
840,60,-0.3052638,20,"Philippines",2005,"Human Rights","Philippines",TRUE,2.513429,-1.308951,2.8186928,1.0036872,-2.8186928,1.0036872,"China"
840,61,-0.2881983,27,"Philippines",2006,"Human Rights","Philippines",TRUE,2.439074,-1.203532,2.7272723,0.9153337,-2.7272723,0.9153337,"China"
840,62,-0.3748332,26,"Philippines",2007,"Human Rights","Philippines",TRUE,2.212346,-1.324776,2.5871792,0.9499428,-2.5871792,0.9499428,"China"
840,63,-0.3719591,26,"Philippines",2008,"Human Rights","Philippines",TRUE,2.172848,-1.365911,2.5448071,0.9939519,-2.5448071,0.9939519,"China"
840,64,-0.3891073,21,"Philippines",2009,"Human Rights","Philippines",TRUE,2.121915,-1.292413,2.5110223,0.9033057,-2.5110223,0.9033057,"China"
840,65,-0.3893896,23,"Philippines",2010,"Human Rights","Philippines",TRUE,1.876482,-1.42383,2.2658716,1.0344404,-2.2658716,1.0344404,"China"
840,66,-0.4421448,24,"Philippines",2011,"Human Rights","Philippines",TRUE,2.064047,-1.312785,2.5061918,0.8706402,-2.5061918,0.8706402,"China"
840,67,-0.3947816,22,"Philippines",2012,"Human Rights","Philippines",TRUE,2.139595,-1.293004,2.5343766,0.8982224,-2.5343766,0.8982224,"China"
840,68,-0.4724688,21,"Philippines",2013,"Human Rights","Philippines",TRUE,2.329978,-1.376486,2.8024468,0.9040172,-2.8024468,0.9040172,"China"
840,69,-0.370641,18,"Philippines",2014,"Human Rights","Philippines",TRUE,2.268829,-1.550729,2.63947,1.180088,-2.63947,1.180088,"China"
840,70,-0.3419481,20,"Philippines",2015,"Human Rights","Philippines",TRUE,2.144144,-1.571789,2.4860921,1.2298409,-2.4860921,1.2298409,"China"
840,71,-0.5686013,18,"Philippines",2016,"Human Rights","Philippines",TRUE,2.071962,-1.614393,2.6405633,1.0457917,-2.6405633,1.0457917,"China"
840,72,-0.8207153,29,"Philippines",2017,"Human Rights","Philippines",TRUE,2.069325,-1.68252,2.8900403,0.8618047,-2.8900403,0.8618047,"China"
840,73,-0.6168843,22,"Philippines",2018,"Human Rights","Philippines",TRUE,2.262777,-1.819899,2.8796613,1.2030147,-2.8796613,1.2030147,"China"
840,74,-0.8368738,14,"Philippines",2019,"Human Rights","Philippines",TRUE,2.152796,-1.790664,2.9896698,0.9537902,-2.9896698,0.9537902,"China"
850,25,0.03717709,14,"Indonesia",1970,"Human Rights","Indonesia",TRUE,2.731292,NA,2.69411491,NA,-2.69411491,NA,NA
850,26,-0.2724767,8,"Indonesia",1971,"Human Rights","Indonesia",TRUE,2.55991,-1.194589,2.8323867,0.9221123,-2.8323867,0.9221123,"China"
850,27,-0.3978468,15,"Indonesia",1972,"Human Rights","Indonesia",TRUE,2.781617,-1.144478,3.1794638,0.7466312,-3.1794638,0.7466312,"China"
850,28,-0.3459432,23,"Indonesia",1973,"Human Rights","Indonesia",TRUE,2.760918,-0.9851026,3.1068612,0.6391594,-3.1068612,0.6391594,"China"
850,29,-0.40914,20,"Indonesia",1974,"Human Rights","Indonesia",TRUE,2.685759,-0.7454699,3.094899,0.3363299,-3.094899,0.3363299,"China"
850,30,-0.3979517,21,"Indonesia",1975,"Human Rights","Indonesia",TRUE,2.684721,-0.8149996,3.0826727,0.4170479,-3.0826727,0.4170479,"China"
850,31,-0.08712776,17,"Indonesia",1976,"Human Rights","Indonesia",TRUE,2.929598,-0.980486,3.01672576,0.89335824,-3.01672576,0.89335824,"China"
850,32,-0.06367452,19,"Indonesia",1977,"Human Rights","Indonesia",TRUE,2.860904,-0.9641992,2.92457852,0.90052468,-2.92457852,0.90052468,"China"
850,33,-0.2199045,16,"Indonesia",1978,"Human Rights","Indonesia",TRUE,2.787261,-0.9632952,3.0071655,0.7433907,-3.0071655,0.7433907,"China"
850,34,-0.3954394,16,"Indonesia",1979,"Human Rights","Indonesia",TRUE,3.125536,-0.7063591,3.5209754,0.3109197,-3.5209754,0.3109197,"China"
850,35,-0.3505192,18,"Indonesia",1980,"Human Rights","Indonesia",TRUE,3.127616,-0.6744908,3.4781352,0.3239716,-3.4781352,0.3239716,"China"
850,36,-0.2207118,13,"Indonesia",1981,"Human Rights","Indonesia",TRUE,3.275289,-0.4286347,3.4960008,0.2079229,-3.4960008,0.2079229,"China"
850,37,-0.2637751,21,"Indonesia",1982,"Human Rights","Indonesia",TRUE,3.207003,0.03908729,3.4707781,0.30286239,-3.4707781,-0.30286239,"China"
850,38,-0.07044219,19,"Indonesia",1983,"Human Rights","Indonesia",TRUE,2.967989,-0.07833678,3.03843119,0.00789458999999999,-3.03843119,0.00789458999999999,"China"
850,39,-0.1222886,14,"Indonesia",1984,"Human Rights","Indonesia",TRUE,3.013395,-0.2104287,3.1356836,0.0881401,-3.1356836,0.0881401,"China"
850,40,-0.3390145,15,"Indonesia",1985,"Human Rights","Indonesia",TRUE,3.10423,-0.1290283,3.4432445,0.2099862,-3.4432445,-0.2099862,"China"
850,41,-0.8942784,23,"Indonesia",1986,"Human Rights","Indonesia",TRUE,3.070964,-0.3913312,3.9652424,0.5029472,-3.9652424,-0.5029472,"China"
850,42,-0.9716464,18,"Indonesia",1987,"Human Rights","Indonesia",TRUE,3.106385,-0.2265361,4.0780314,0.7451103,-4.0780314,-0.7451103,"China"
850,43,-0.9778757,18,"Indonesia",1988,"Human Rights","Indonesia",TRUE,2.974798,-0.3252013,3.9526737,0.6526744,-3.9526737,-0.6526744,"China"
850,44,-0.9316756,13,"Indonesia",1989,"Human Rights","Indonesia",TRUE,2.927021,-0.4459684,3.8586966,0.4857072,-3.8586966,-0.4857072,"China"
850,45,-0.8373506,10,"Indonesia",1990,"Human Rights","Indonesia",TRUE,2.939404,-0.4751009,3.7767546,0.3622497,-3.7767546,-0.3622497,"China"
850,46,-1.205626,11,"Indonesia",1991,"Human Rights","Indonesia",TRUE,2.921711,-0.7907908,4.127337,0.4148352,-4.127337,-0.4148352,"China"
850,47,-1.154864,11,"Indonesia",1992,"Human Rights","Indonesia",TRUE,2.713206,-1.455593,3.86807,0.300729,-3.86807,0.300729,"China"
850,48,-1.55867,11,"Indonesia",1993,"Human Rights","Indonesia",TRUE,2.82987,-1.663223,4.38854,0.104553,-4.38854,0.104553,"China"
850,49,-1.694341,14,"Indonesia",1994,"Human Rights","Indonesia",TRUE,3.102965,-1.877995,4.797306,0.183654,-4.797306,0.183654,"China"
850,50,-1.634082,14,"Indonesia",1995,"Human Rights","Indonesia",TRUE,3.471337,-2.026055,5.105419,0.391973,-5.105419,0.391973,"China"
850,51,-1.406337,17,"Indonesia",1996,"Human Rights","Indonesia",TRUE,3.438735,-1.96785,4.845072,0.561513,-4.845072,0.561513,"China"
850,52,-1.368039,20,"Indonesia",1997,"Human Rights","Indonesia",TRUE,3.380132,-1.853405,4.748171,0.485366,-4.748171,0.485366,"China"
850,53,-1.174529,14,"Indonesia",1998,"Human Rights","Indonesia",TRUE,2.950729,-1.647814,4.125258,0.473285,-4.125258,0.473285,"China"
850,54,-1.043611,19,"Indonesia",1999,"Human Rights","Indonesia",TRUE,2.75,-1.613756,3.793611,0.570145,-3.793611,0.570145,"China"
850,55,-1.132634,17,"Indonesia",2000,"Human Rights","Indonesia",TRUE,2.657247,-1.36047,3.789881,0.227836,-3.789881,0.227836,"China"
850,56,-1.084989,21,"Indonesia",2001,"Human Rights","Indonesia",TRUE,2.567887,-1.191583,3.652876,0.106594,-3.652876,0.106594,"China"
850,57,-0.9954208,19,"Indonesia",2002,"Human Rights","Indonesia",TRUE,2.725257,-1.027524,3.7206778,0.0321032000000001,-3.7206778,0.0321032000000001,"China"
850,58,-1.006091,22,"Indonesia",2003,"Human Rights","Indonesia",TRUE,2.765358,-1.114912,3.771449,0.108821,-3.771449,0.108821,"China"
850,59,-1.099873,19,"Indonesia",2004,"Human Rights","Indonesia",TRUE,2.636171,-1.113902,3.736044,0.0140289999999998,-3.736044,0.0140289999999998,"China"
850,60,-1.281534,20,"Indonesia",2005,"Human Rights","Indonesia",TRUE,2.513429,-1.308951,3.794963,0.027417,-3.794963,0.027417,"China"
850,61,-1.330671,27,"Indonesia",2006,"Human Rights","Indonesia",TRUE,2.439074,-1.203532,3.769745,0.127139,-3.769745,-0.127139,"China"
850,62,-1.092348,26,"Indonesia",2007,"Human Rights","Indonesia",TRUE,2.212346,-1.324776,3.304694,0.232428,-3.304694,0.232428,"China"
850,63,-1.001818,26,"Indonesia",2008,"Human Rights","Indonesia",TRUE,2.172848,-1.365911,3.174666,0.364093,-3.174666,0.364093,"China"
850,64,-1.039658,24,"Indonesia",2009,"Human Rights","Indonesia",TRUE,2.121915,-1.292413,3.161573,0.252755,-3.161573,0.252755,"China"
850,65,-1.076986,23,"Indonesia",2010,"Human Rights","Indonesia",TRUE,1.876482,-1.42383,2.953468,0.346844,-2.953468,0.346844,"China"
850,66,-0.6226259,24,"Indonesia",2011,"Human Rights","Indonesia",TRUE,2.064047,-1.312785,2.6866729,0.6901591,-2.6866729,0.6901591,"China"
850,67,-0.5739336,22,"Indonesia",2012,"Human Rights","Indonesia",TRUE,2.139595,-1.293004,2.7135286,0.7190704,-2.7135286,0.7190704,"China"
850,68,-0.7843392,21,"Indonesia",2013,"Human Rights","Indonesia",TRUE,2.329978,-1.376486,3.1143172,0.5921468,-3.1143172,0.5921468,"China"
850,69,-0.8316384,18,"Indonesia",2014,"Human Rights","Indonesia",TRUE,2.268829,-1.550729,3.1004674,0.7190906,-3.1004674,0.7190906,"China"
850,70,-0.7856849,20,"Indonesia",2015,"Human Rights","Indonesia",TRUE,2.144144,-1.571789,2.9298289,0.7861041,-2.9298289,0.7861041,"China"
850,71,-0.8215741,18,"Indonesia",2016,"Human Rights","Indonesia",TRUE,2.071962,-1.614393,2.8935361,0.7928189,-2.8935361,0.7928189,"China"
850,72,-0.8056502,29,"Indonesia",2017,"Human Rights","Indonesia",TRUE,2.069325,-1.68252,2.8749752,0.8768698,-2.8749752,0.8768698,"China"
850,73,-0.965922,22,"Indonesia",2018,"Human Rights","Indonesia",TRUE,2.262777,-1.819899,3.228699,0.853977,-3.228699,0.853977,"China"
850,74,-0.8875055,14,"Indonesia",2019,"Human Rights","Indonesia",TRUE,2.152796,-1.790664,3.0403015,0.9031585,-3.0403015,0.9031585,"China"
775,33,0.4404046,17,"Myanmar (Burma)",1978,"Nuclear","Myanmar",TRUE,2.972704,0.9548611,2.5322994,0.5144565,-2.5322994,-0.5144565,"China"
775,34,0.4024963,16,"Myanmar (Burma)",1979,"Nuclear","Myanmar",TRUE,2.996378,0.7935395,2.5938817,0.3910432,-2.5938817,-0.3910432,"China"
775,35,0.3389401,17,"Myanmar (Burma)",1980,"Nuclear","Myanmar",TRUE,3.123799,0.6072133,2.7848589,0.2682732,-2.7848589,-0.2682732,"China"
775,36,0.4487797,15,"Myanmar (Burma)",1981,"Nuclear","Myanmar",TRUE,3.306909,0.4757338,2.8581293,0.0269541,-2.8581293,-0.0269541,"China"
775,37,0.3622875,24,"Myanmar (Burma)",1982,"Nuclear","Myanmar",TRUE,3.401003,0.6896014,3.0387155,0.3273139,-3.0387155,-0.3273139,"China"
775,38,0.2064705,30,"Myanmar (Burma)",1983,"Nuclear","Myanmar",TRUE,3.619651,0.8240373,3.4131805,0.6175668,-3.4131805,-0.6175668,"China"
775,39,0.2975653,24,"Myanmar (Burma)",1984,"Nuclear","Myanmar",TRUE,3.630322,0.8043541,3.3327567,0.5067888,-3.3327567,-0.5067888,"China"
775,40,0.2757136,24,"Myanmar (Burma)",1985,"Nuclear","Myanmar",TRUE,3.67775,0.7968076,3.4020364,0.521094,-3.4020364,-0.521094,"China"
775,41,0.2648083,23,"Myanmar (Burma)",1986,"Nuclear","Myanmar",TRUE,3.693312,0.826474,3.4285037,0.5616657,-3.4285037,-0.5616657,"China"
775,42,0.2064543,19,"Myanmar (Burma)",1987,"Nuclear","Myanmar",TRUE,3.613828,0.887585,3.4073737,0.6811307,-3.4073737,-0.6811307,"China"
775,43,0.08947304,19,"Myanmar (Burma)",1988,"Nuclear","Myanmar",TRUE,3.596776,0.7527809,3.50730296,0.66330786,-3.50730296,-0.66330786,"China"
775,44,0.07198975,2,"Myanmar (Burma)",1989,"Nuclear","Myanmar",TRUE,3.498615,0.6325205,3.42662525,0.56053075,-3.42662525,-0.56053075,"China"
775,45,0.05443041,16,"Myanmar (Burma)",1990,"Nuclear","Myanmar",TRUE,3.525317,0.5317576,3.47088659,0.47732719,-3.47088659,-0.47732719,"China"
775,46,0.02785241,9,"Myanmar (Burma)",1991,"Nuclear","Myanmar",TRUE,3.405946,0.3546147,3.37809359,0.32676229,-3.37809359,-0.32676229,"China"
775,47,-0.01959392,8,"Myanmar (Burma)",1992,"Nuclear","Myanmar",TRUE,3.374019,0.2822124,3.39361292,0.30180632,-3.39361292,-0.30180632,"China"
775,48,-0.08441954,5,"Myanmar (Burma)",1993,"Nuclear","Myanmar",TRUE,3.358857,0.1525422,3.44327654,0.23696174,-3.44327654,-0.23696174,"China"
775,50,-0.3600697,12,"Myanmar (Burma)",1995,"Nuclear","Myanmar",TRUE,3.100058,-0.2559146,3.4601277,0.1041551,-3.4601277,-0.1041551,"China"
775,51,-0.5768162,11,"Myanmar (Burma)",1996,"Nuclear","Myanmar",TRUE,2.949102,-0.3518149,3.5259182,0.2250013,-3.5259182,-0.2250013,"China"
775,52,-0.6490786,9,"Myanmar (Burma)",1997,"Nuclear","Myanmar",TRUE,2.482245,-0.3734804,3.1313236,0.2755982,-3.1313236,-0.2755982,"China"
775,53,-0.5695865,11,"Myanmar (Burma)",1998,"Nuclear","Myanmar",TRUE,2.433795,0.01340842,3.0033815,0.58299492,-3.0033815,-0.58299492,"China"
775,54,-0.4922717,10,"Myanmar (Burma)",1999,"Nuclear","Myanmar",TRUE,2.407476,0.1635209,2.8997477,0.6557926,-2.8997477,-0.6557926,"China"
775,55,-0.5303794,11,"Myanmar (Burma)",2000,"Nuclear","Myanmar",TRUE,2.366315,0.2169673,2.8966944,0.7473467,-2.8966944,-0.7473467,"China"
775,56,-0.5332212,10,"Myanmar (Burma)",2001,"Nuclear","Myanmar",TRUE,2.381791,0.2412155,2.9150122,0.7744367,-2.9150122,-0.7744367,"China"
775,57,-0.5517956,14,"Myanmar (Burma)",2002,"Nuclear","Myanmar",TRUE,2.511243,0.1821207,3.0630386,0.7339163,-3.0630386,-0.7339163,"China"
775,58,-0.5559162,11,"Myanmar (Burma)",2003,"Nuclear","Myanmar",TRUE,2.504767,0.102568,3.0606832,0.6584842,-3.0606832,-0.6584842,"China"
775,59,-0.5582406,12,"Myanmar (Burma)",2004,"Nuclear","Myanmar",TRUE,2.540032,0.06960371,3.0982726,0.62784431,-3.0982726,-0.62784431,"China"
775,60,-0.5901732,11,"Myanmar (Burma)",2005,"Nuclear","Myanmar",TRUE,2.450584,0.06462417,3.0407572,0.65479737,-3.0407572,-0.65479737,"China"
775,61,-0.6127988,13,"Myanmar (Burma)",2006,"Nuclear","Myanmar",TRUE,2.577746,0.05886999,3.1905448,0.67166879,-3.1905448,-0.67166879,"China"
775,62,-0.6161087,12,"Myanmar (Burma)",2007,"Nuclear","Myanmar",TRUE,2.63143,0.1492162,3.2475387,0.7653249,-3.2475387,-0.7653249,"China"
775,63,-0.6349266,13,"Myanmar (Burma)",2008,"Nuclear","Myanmar",TRUE,2.627806,0.2296379,3.2627326,0.8645645,-3.2627326,-0.8645645,"China"
775,64,-0.6052031,13,"Myanmar (Burma)",2009,"Nuclear","Myanmar",TRUE,2.50146,0.1644733,3.1066631,0.7696764,-3.1066631,-0.7696764,"China"
775,65,-0.3429341,13,"Myanmar (Burma)",2010,"Nuclear","Myanmar",TRUE,2.473857,0.103683,2.8167911,0.4466171,-2.8167911,-0.4466171,"China"
775,66,-0.4118885,12,"Myanmar (Burma)",2011,"Nuclear","Myanmar",TRUE,2.320967,0.150612,2.7328555,0.5625005,-2.7328555,-0.5625005,"China"
775,67,-0.4606701,15,"Myanmar (Burma)",2012,"Nuclear","Myanmar",TRUE,2.427731,0.1525341,2.8884011,0.6132042,-2.8884011,-0.6132042,"China"
775,68,-0.5043958,12,"Myanmar (Burma)",2013,"Nuclear","Myanmar",TRUE,2.324305,0.174722,2.8287008,0.6791178,-2.8287008,-0.6791178,"China"
775,69,-0.5270349,14,"Myanmar (Burma)",2014,"Nuclear","Myanmar",TRUE,2.361422,0.1616122,2.8884569,0.6886471,-2.8884569,-0.6886471,"China"
775,70,-0.4827428,19,"Myanmar (Burma)",2015,"Nuclear","Myanmar",TRUE,2.217923,0.4625879,2.7006658,0.9453307,-2.7006658,-0.9453307,"China"
775,71,-0.5032115,18,"Myanmar (Burma)",2016,"Nuclear","Myanmar",TRUE,2.185434,0.4577838,2.6886455,0.9609953,-2.6886455,-0.9609953,"China"
775,72,-0.5165586,16,"Myanmar (Burma)",2017,"Nuclear","Myanmar",TRUE,2.10741,0.4573947,2.6239686,0.9739533,-2.6239686,-0.9739533,"China"
775,73,-0.5130457,16,"Myanmar (Burma)",2018,"Nuclear","Myanmar",TRUE,2.081115,0.479836,2.5941607,0.9928817,-2.5941607,-0.9928817,"China"
775,74,-0.515533,17,"Myanmar (Burma)",2019,"Nuclear","Myanmar",TRUE,2.055774,0.4633204,2.571307,0.9788534,-2.571307,-0.9788534,"China"
800,33,-0.5671836,16,"Thailand",1978,"Nuclear","Thailand",TRUE,2.972704,0.9548611,3.5398876,1.5220447,-3.5398876,-1.5220447,"China"
800,34,-0.5363566,16,"Thailand",1979,"Nuclear","Thailand",TRUE,2.996378,0.7935395,3.5327346,1.3298961,-3.5327346,-1.3298961,"China"
800,35,-0.4672458,17,"Thailand",1980,"Nuclear","Thailand",TRUE,3.123799,0.6072133,3.5910448,1.0744591,-3.5910448,-1.0744591,"China"
800,36,-0.5196511,18,"Thailand",1981,"Nuclear","Thailand",TRUE,3.306909,0.4757338,3.8265601,0.9953849,-3.8265601,-0.9953849,"China"
800,37,-0.5096394,25,"Thailand",1982,"Nuclear","Thailand",TRUE,3.401003,0.6896014,3.9106424,1.1992408,-3.9106424,-1.1992408,"China"
800,38,-0.5318752,31,"Thailand",1983,"Nuclear","Thailand",TRUE,3.619651,0.8240373,4.1515262,1.3559125,-4.1515262,-1.3559125,"China"
800,39,-0.5066653,25,"Thailand",1984,"Nuclear","Thailand",TRUE,3.630322,0.8043541,4.1369873,1.3110194,-4.1369873,-1.3110194,"China"
800,40,-0.4186273,23,"Thailand",1985,"Nuclear","Thailand",TRUE,3.67775,0.7968076,4.0963773,1.2154349,-4.0963773,-1.2154349,"China"
800,41,-0.5131444,24,"Thailand",1986,"Nuclear","Thailand",TRUE,3.693312,0.826474,4.2064564,1.3396184,-4.2064564,-1.3396184,"China"
800,42,-0.5407345,20,"Thailand",1987,"Nuclear","Thailand",TRUE,3.613828,0.887585,4.1545625,1.4283195,-4.1545625,-1.4283195,"China"
800,43,-0.5318489,21,"Thailand",1988,"Nuclear","Thailand",TRUE,3.596776,0.7527809,4.1286249,1.2846298,-4.1286249,-1.2846298,"China"
800,44,-0.5617857,18,"Thailand",1989,"Nuclear","Thailand",TRUE,3.498615,0.6325205,4.0604007,1.1943062,-4.0604007,-1.1943062,"China"
800,45,-0.5588451,17,"Thailand",1990,"Nuclear","Thailand",TRUE,3.525317,0.5317576,4.0841621,1.0906027,-4.0841621,-1.0906027,"China"
800,46,-0.5983406,11,"Thailand",1991,"Nuclear","Thailand",TRUE,3.405946,0.3546147,4.0042866,0.9529553,-4.0042866,-0.9529553,"China"
800,47,-0.6507512,9,"Thailand",1992,"Nuclear","Thailand",TRUE,3.374019,0.2822124,4.0247702,0.9329636,-4.0247702,-0.9329636,"China"
800,48,-0.6977225,5,"Thailand",1993,"Nuclear","Thailand",TRUE,3.358857,0.1525422,4.0565795,0.8502647,-4.0565795,-0.8502647,"China"
800,49,-0.7578448,10,"Thailand",1994,"Nuclear","Thailand",TRUE,3.247449,-0.101077,4.0052938,0.6567678,-4.0052938,-0.6567678,"China"
800,50,-0.855317,12,"Thailand",1995,"Nuclear","Thailand",TRUE,3.100058,-0.2559146,3.955375,0.5994024,-3.955375,-0.5994024,"China"
800,51,-0.8245737,11,"Thailand",1996,"Nuclear","Thailand",TRUE,2.949102,-0.3518149,3.7736757,0.4727588,-3.7736757,-0.4727588,"China"
800,52,-0.7986905,9,"Thailand",1997,"Nuclear","Thailand",TRUE,2.482245,-0.3734804,3.2809355,0.4252101,-3.2809355,-0.4252101,"China"
800,53,-0.7379929,11,"Thailand",1998,"Nuclear","Thailand",TRUE,2.433795,0.01340842,3.1717879,0.75140132,-3.1717879,-0.75140132,"China"
800,54,-0.7251979,10,"Thailand",1999,"Nuclear","Thailand",TRUE,2.407476,0.1635209,3.1326739,0.8887188,-3.1326739,-0.8887188,"China"
800,55,-0.7234861,11,"Thailand",2000,"Nuclear","Thailand",TRUE,2.366315,0.2169673,3.0898011,0.9404534,-3.0898011,-0.9404534,"China"
800,56,-0.7390761,10,"Thailand",2001,"Nuclear","Thailand",TRUE,2.381791,0.2412155,3.1208671,0.9802916,-3.1208671,-0.9802916,"China"
800,57,-0.7434399,14,"Thailand",2002,"Nuclear","Thailand",TRUE,2.511243,0.1821207,3.2546829,0.9255606,-3.2546829,-0.9255606,"China"
800,58,-0.7418099,11,"Thailand",2003,"Nuclear","Thailand",TRUE,2.504767,0.102568,3.2465769,0.8443779,-3.2465769,-0.8443779,"China"
800,59,-0.7348271,12,"Thailand",2004,"Nuclear","Thailand",TRUE,2.540032,0.06960371,3.2748591,0.80443081,-3.2748591,-0.80443081,"China"
800,60,-0.7361231,11,"Thailand",2005,"Nuclear","Thailand",TRUE,2.450584,0.06462417,3.1867071,0.80074727,-3.1867071,-0.80074727,"China"
800,61,-0.7022269,13,"Thailand",2006,"Nuclear","Thailand",TRUE,2.577746,0.05886999,3.2799729,0.76109689,-3.2799729,-0.76109689,"China"
800,62,-0.701493,12,"Thailand",2007,"Nuclear","Thailand",TRUE,2.63143,0.1492162,3.332923,0.8507092,-3.332923,-0.8507092,"China"
800,63,-0.6774308,13,"Thailand",2008,"Nuclear","Thailand",TRUE,2.627806,0.2296379,3.3052368,0.9070687,-3.3052368,-0.9070687,"China"
800,64,-0.6836032,13,"Thailand",2009,"Nuclear","Thailand",TRUE,2.50146,0.1644733,3.1850632,0.8480765,-3.1850632,-0.8480765,"China"
800,65,-0.7037001,13,"Thailand",2010,"Nuclear","Thailand",TRUE,2.473857,0.103683,3.1775571,0.8073831,-3.1775571,-0.8073831,"China"
800,66,-0.6922338,12,"Thailand",2011,"Nuclear","Thailand",TRUE,2.320967,0.150612,3.0132008,0.8428458,-3.0132008,-0.8428458,"China"
800,67,-0.6640623,15,"Thailand",2012,"Nuclear","Thailand",TRUE,2.427731,0.1525341,3.0917933,0.8165964,-3.0917933,-0.8165964,"China"
800,68,-0.6621168,12,"Thailand",2013,"Nuclear","Thailand",TRUE,2.324305,0.174722,2.9864218,0.8368388,-2.9864218,-0.8368388,"China"
800,69,-0.65189,14,"Thailand",2014,"Nuclear","Thailand",TRUE,2.361422,0.1616122,3.013312,0.8135022,-3.013312,-0.8135022,"China"
800,70,-0.6226577,19,"Thailand",2015,"Nuclear","Thailand",TRUE,2.217923,0.4625879,2.8405807,1.0852456,-2.8405807,-1.0852456,"China"
800,71,-0.6026851,18,"Thailand",2016,"Nuclear","Thailand",TRUE,2.185434,0.4577838,2.7881191,1.0604689,-2.7881191,-1.0604689,"China"
800,72,-0.5958732,16,"Thailand",2017,"Nuclear","Thailand",TRUE,2.10741,0.4573947,2.7032832,1.0532679,-2.7032832,-1.0532679,"China"
800,73,-0.3517204,16,"Thailand",2018,"Nuclear","Thailand",TRUE,2.081115,0.479836,2.4328354,0.8315564,-2.4328354,-0.8315564,"China"
800,74,-0.400731,17,"Thailand",2019,"Nuclear","Thailand",TRUE,2.055774,0.4633204,2.456505,0.8640514,-2.456505,-0.8640514,"China"
811,33,-1.491265,2,"Cambodia",1978,"Nuclear","Cambodia",TRUE,2.972704,0.9548611,4.463969,2.4461261,-4.463969,-2.4461261,"China"
811,34,-1.507497,12,"Cambodia",1979,"Nuclear","Cambodia",TRUE,2.996378,0.7935395,4.503875,2.3010365,-4.503875,-2.3010365,"China"
811,35,-1.368281,13,"Cambodia",1980,"Nuclear","Cambodia",TRUE,3.123799,0.6072133,4.49208,1.9754943,-4.49208,-1.9754943,"China"
811,36,-1.3094,10,"Cambodia",1981,"Nuclear","Cambodia",TRUE,3.306909,0.4757338,4.616309,1.7851338,-4.616309,-1.7851338,"China"
811,37,-1.184137,16,"Cambodia",1982,"Nuclear","Cambodia",TRUE,3.401003,0.6896014,4.58514,1.8737384,-4.58514,-1.8737384,"China"
811,38,-1.192377,20,"Cambodia",1983,"Nuclear","Cambodia",TRUE,3.619651,0.8240373,4.812028,2.0164143,-4.812028,-2.0164143,"China"
811,39,-1.195059,15,"Cambodia",1984,"Nuclear","Cambodia",TRUE,3.630322,0.8043541,4.825381,1.9994131,-4.825381,-1.9994131,"China"
811,40,-0.4447024,21,"Cambodia",1985,"Nuclear","Cambodia",TRUE,3.67775,0.7968076,4.1224524,1.24151,-4.1224524,-1.24151,"China"
811,41,-0.5225358,15,"Cambodia",1986,"Nuclear","Cambodia",TRUE,3.693312,0.826474,4.2158478,1.3490098,-4.2158478,-1.3490098,"China"
811,42,-0.5309552,12,"Cambodia",1987,"Nuclear","Cambodia",TRUE,3.613828,0.887585,4.1447832,1.4185402,-4.1447832,-1.4185402,"China"
811,43,-0.5802592,13,"Cambodia",1988,"Nuclear","Cambodia",TRUE,3.596776,0.7527809,4.1770352,1.3330401,-4.1770352,-1.3330401,"China"
811,44,-0.5975219,18,"Cambodia",1989,"Nuclear","Cambodia",TRUE,3.498615,0.6325205,4.0961369,1.2300424,-4.0961369,-1.2300424,"China"
811,46,-0.5958056,2,"Cambodia",1991,"Nuclear","Cambodia",TRUE,3.405946,0.3546147,4.0017516,0.9504203,-4.0017516,-0.9504203,"China"
811,48,-0.5154799,5,"Cambodia",1993,"Nuclear","Cambodia",TRUE,3.358857,0.1525422,3.8743369,0.6680221,-3.8743369,-0.6680221,"China"
811,49,-0.360826,10,"Cambodia",1994,"Nuclear","Cambodia",TRUE,3.247449,-0.101077,3.608275,0.259749,-3.608275,-0.259749,"China"
811,50,-0.381926,12,"Cambodia",1995,"Nuclear","Cambodia",TRUE,3.100058,-0.2559146,3.481984,0.1260114,-3.481984,-0.1260114,"China"
811,51,-0.2325336,11,"Cambodia",1996,"Nuclear","Cambodia",TRUE,2.949102,-0.3518149,3.1816356,0.1192813,-3.1816356,0.1192813,"China"
811,54,-0.296964,10,"Cambodia",1999,"Nuclear","Cambodia",TRUE,2.407476,0.1635209,2.70444,0.4604849,-2.70444,-0.4604849,"China"
811,55,-0.3601684,11,"Cambodia",2000,"Nuclear","Cambodia",TRUE,2.366315,0.2169673,2.7264834,0.5771357,-2.7264834,-0.5771357,"China"
811,56,-0.4241361,10,"Cambodia",2001,"Nuclear","Cambodia",TRUE,2.381791,0.2412155,2.8059271,0.6653516,-2.8059271,-0.6653516,"China"
811,57,-0.437607,14,"Cambodia",2002,"Nuclear","Cambodia",TRUE,2.511243,0.1821207,2.94885,0.6197277,-2.94885,-0.6197277,"China"
811,58,-0.462559,11,"Cambodia",2003,"Nuclear","Cambodia",TRUE,2.504767,0.102568,2.967326,0.565127,-2.967326,-0.565127,"China"
811,59,-0.4924563,11,"Cambodia",2004,"Nuclear","Cambodia",TRUE,2.540032,0.06960371,3.0324883,0.56206001,-3.0324883,-0.56206001,"China"
811,60,-0.5490744,11,"Cambodia",2005,"Nuclear","Cambodia",TRUE,2.450584,0.06462417,2.9996584,0.61369857,-2.9996584,-0.61369857,"China"
811,61,-0.5473847,12,"Cambodia",2006,"Nuclear","Cambodia",TRUE,2.577746,0.05886999,3.1251307,0.60625469,-3.1251307,-0.60625469,"China"
811,62,-0.576911,12,"Cambodia",2007,"Nuclear","Cambodia",TRUE,2.63143,0.1492162,3.208341,0.7261272,-3.208341,-0.7261272,"China"
811,63,-0.5872271,13,"Cambodia",2008,"Nuclear","Cambodia",TRUE,2.627806,0.2296379,3.2150331,0.816865,-3.2150331,-0.816865,"China"
811,64,-0.5939598,13,"Cambodia",2009,"Nuclear","Cambodia",TRUE,2.50146,0.1644733,3.0954198,0.7584331,-3.0954198,-0.7584331,"China"
811,65,-0.5781513,13,"Cambodia",2010,"Nuclear","Cambodia",TRUE,2.473857,0.103683,3.0520083,0.6818343,-3.0520083,-0.6818343,"China"
811,66,-0.5649455,12,"Cambodia",2011,"Nuclear","Cambodia",TRUE,2.320967,0.150612,2.8859125,0.7155575,-2.8859125,-0.7155575,"China"
811,67,-0.5277625,15,"Cambodia",2012,"Nuclear","Cambodia",TRUE,2.427731,0.1525341,2.9554935,0.6802966,-2.9554935,-0.6802966,"China"
811,68,-0.5214864,12,"Cambodia",2013,"Nuclear","Cambodia",TRUE,2.324305,0.174722,2.8457914,0.6962084,-2.8457914,-0.6962084,"China"
811,69,-0.5439113,14,"Cambodia",2014,"Nuclear","Cambodia",TRUE,2.361422,0.1616122,2.9053333,0.7055235,-2.9053333,-0.7055235,"China"
811,70,-0.5487431,19,"Cambodia",2015,"Nuclear","Cambodia",TRUE,2.217923,0.4625879,2.7666661,1.011331,-2.7666661,-1.011331,"China"
811,71,-0.5216254,18,"Cambodia",2016,"Nuclear","Cambodia",TRUE,2.185434,0.4577838,2.7070594,0.9794092,-2.7070594,-0.9794092,"China"
811,72,-0.5358358,16,"Cambodia",2017,"Nuclear","Cambodia",TRUE,2.10741,0.4573947,2.6432458,0.9932305,-2.6432458,-0.9932305,"China"
811,73,-0.5475278,16,"Cambodia",2018,"Nuclear","Cambodia",TRUE,2.081115,0.479836,2.6286428,1.0273638,-2.6286428,-1.0273638,"China"
811,74,-0.5303808,17,"Cambodia",2019,"Nuclear","Cambodia",TRUE,2.055774,0.4633204,2.5861548,0.9937012,-2.5861548,-0.9937012,"China"
812,33,-0.581861,15,"Laos",1978,"Nuclear","Laos",TRUE,2.972704,0.9548611,3.554565,1.5367221,-3.554565,-1.5367221,"China"
812,34,-0.5809864,13,"Laos",1979,"Nuclear","Laos",TRUE,2.996378,0.7935395,3.5773644,1.3745259,-3.5773644,-1.3745259,"China"
812,35,-0.3639333,17,"Laos",1980,"Nuclear","Laos",TRUE,3.123799,0.6072133,3.4877323,0.9711466,-3.4877323,-0.9711466,"China"
812,36,-0.481036,19,"Laos",1981,"Nuclear","Laos",TRUE,3.306909,0.4757338,3.787945,0.9567698,-3.787945,-0.9567698,"China"
812,37,-0.5461844,25,"Laos",1982,"Nuclear","Laos",TRUE,3.401003,0.6896014,3.9471874,1.2357858,-3.9471874,-1.2357858,"China"
812,38,-0.562082,32,"Laos",1983,"Nuclear","Laos",TRUE,3.619651,0.8240373,4.181733,1.3861193,-4.181733,-1.3861193,"China"
812,39,-0.6426815,25,"Laos",1984,"Nuclear","Laos",TRUE,3.630322,0.8043541,4.2730035,1.4470356,-4.2730035,-1.4470356,"China"
812,40,-0.7116779,25,"Laos",1985,"Nuclear","Laos",TRUE,3.67775,0.7968076,4.3894279,1.5084855,-4.3894279,-1.5084855,"China"
812,41,-0.7481772,24,"Laos",1986,"Nuclear","Laos",TRUE,3.693312,0.826474,4.4414892,1.5746512,-4.4414892,-1.5746512,"China"
812,42,-0.7448788,20,"Laos",1987,"Nuclear","Laos",TRUE,3.613828,0.887585,4.3587068,1.6324638,-4.3587068,-1.6324638,"China"
812,43,-0.7416882,21,"Laos",1988,"Nuclear","Laos",TRUE,3.596776,0.7527809,4.3384642,1.4944691,-4.3384642,-1.4944691,"China"
812,44,-0.7674295,19,"Laos",1989,"Nuclear","Laos",TRUE,3.498615,0.6325205,4.2660445,1.39995,-4.2660445,-1.39995,"China"
812,45,-0.7213982,17,"Laos",1990,"Nuclear","Laos",TRUE,3.525317,0.5317576,4.2467152,1.2531558,-4.2467152,-1.2531558,"China"
812,46,-0.7465591,11,"Laos",1991,"Nuclear","Laos",TRUE,3.405946,0.3546147,4.1525051,1.1011738,-4.1525051,-1.1011738,"China"
812,47,-0.8144646,9,"Laos",1992,"Nuclear","Laos",TRUE,3.374019,0.2822124,4.1884836,1.096677,-4.1884836,-1.096677,"China"
812,48,-0.8602452,4,"Laos",1993,"Nuclear","Laos",TRUE,3.358857,0.1525422,4.2191022,1.0127874,-4.2191022,-1.0127874,"China"
812,49,-0.8822044,7,"Laos",1994,"Nuclear","Laos",TRUE,3.247449,-0.101077,4.1296534,0.7811274,-4.1296534,-0.7811274,"China"
812,50,-0.8899751,10,"Laos",1995,"Nuclear","Laos",TRUE,3.100058,-0.2559146,3.9900331,0.6340605,-3.9900331,-0.6340605,"China"
812,51,-0.8942771,10,"Laos",1996,"Nuclear","Laos",TRUE,2.949102,-0.3518149,3.8433791,0.5424622,-3.8433791,-0.5424622,"China"
812,52,-0.9069514,8,"Laos",1997,"Nuclear","Laos",TRUE,2.482245,-0.3734804,3.3891964,0.533471,-3.3891964,-0.533471,"China"
812,53,-0.8713439,10,"Laos",1998,"Nuclear","Laos",TRUE,2.433795,0.01340842,3.3051389,0.88475232,-3.3051389,-0.88475232,"China"
812,54,-0.8721572,10,"Laos",1999,"Nuclear","Laos",TRUE,2.407476,0.1635209,3.2796332,1.0356781,-3.2796332,-1.0356781,"China"
812,55,-0.8365442,11,"Laos",2000,"Nuclear","Laos",TRUE,2.366315,0.2169673,3.2028592,1.0535115,-3.2028592,-1.0535115,"China"
812,56,-0.8436188,10,"Laos",2001,"Nuclear","Laos",TRUE,2.381791,0.2412155,3.2254098,1.0848343,-3.2254098,-1.0848343,"China"
812,57,-0.8128759,13,"Laos",2002,"Nuclear","Laos",TRUE,2.511243,0.1821207,3.3241189,0.9949966,-3.3241189,-0.9949966,"China"
812,58,-0.7864029,10,"Laos",2003,"Nuclear","Laos",TRUE,2.504767,0.102568,3.2911699,0.8889709,-3.2911699,-0.8889709,"China"
812,59,-0.7939671,12,"Laos",2004,"Nuclear","Laos",TRUE,2.540032,0.06960371,3.3339991,0.86357081,-3.3339991,-0.86357081,"China"
812,60,-0.8082196,11,"Laos",2005,"Nuclear","Laos",TRUE,2.450584,0.06462417,3.2588036,0.87284377,-3.2588036,-0.87284377,"China"
812,61,-0.8042233,12,"Laos",2006,"Nuclear","Laos",TRUE,2.577746,0.05886999,3.3819693,0.86309329,-3.3819693,-0.86309329,"China"
812,62,-0.7757108,12,"Laos",2007,"Nuclear","Laos",TRUE,2.63143,0.1492162,3.4071408,0.924927,-3.4071408,-0.924927,"China"
812,63,-0.7439948,12,"Laos",2008,"Nuclear","Laos",TRUE,2.627806,0.2296379,3.3718008,0.9736327,-3.3718008,-0.9736327,"China"
812,64,-0.7410956,13,"Laos",2009,"Nuclear","Laos",TRUE,2.50146,0.1644733,3.2425556,0.9055689,-3.2425556,-0.9055689,"China"
812,65,-0.7306885,13,"Laos",2010,"Nuclear","Laos",TRUE,2.473857,0.103683,3.2045455,0.8343715,-3.2045455,-0.8343715,"China"
812,66,-0.7062696,12,"Laos",2011,"Nuclear","Laos",TRUE,2.320967,0.150612,3.0272366,0.8568816,-3.0272366,-0.8568816,"China"
812,67,-0.7029638,15,"Laos",2012,"Nuclear","Laos",TRUE,2.427731,0.1525341,3.1306948,0.8554979,-3.1306948,-0.8554979,"China"
812,68,-0.6901928,12,"Laos",2013,"Nuclear","Laos",TRUE,2.324305,0.174722,3.0144978,0.8649148,-3.0144978,-0.8649148,"China"
812,69,-0.6780145,14,"Laos",2014,"Nuclear","Laos",TRUE,2.361422,0.1616122,3.0394365,0.8396267,-3.0394365,-0.8396267,"China"
812,70,-0.6633841,19,"Laos",2015,"Nuclear","Laos",TRUE,2.217923,0.4625879,2.8813071,1.125972,-2.8813071,-1.125972,"China"
812,71,-0.6478727,18,"Laos",2016,"Nuclear","Laos",TRUE,2.185434,0.4577838,2.8333067,1.1056565,-2.8333067,-1.1056565,"China"
812,72,-0.640466,16,"Laos",2017,"Nuclear","Laos",TRUE,2.10741,0.4573947,2.747876,1.0978607,-2.747876,-1.0978607,"China"
812,73,-0.6411632,16,"Laos",2018,"Nuclear","Laos",TRUE,2.081115,0.479836,2.7222782,1.1209992,-2.7222782,-1.1209992,"China"
812,74,-0.6096225,17,"Laos",2019,"Nuclear","Laos",TRUE,2.055774,0.4633204,2.6653965,1.0729429,-2.6653965,-1.0729429,"China"
816,33,-0.3691482,12,"Vietnam",1978,"Nuclear","Vietnam",TRUE,2.972704,0.9548611,3.3418522,1.3240093,-3.3418522,-1.3240093,"China"
816,34,-0.3541111,15,"Vietnam",1979,"Nuclear","Vietnam",TRUE,2.996378,0.7935395,3.3504891,1.1476506,-3.3504891,-1.1476506,"China"
816,35,-0.2046925,17,"Vietnam",1980,"Nuclear","Vietnam",TRUE,3.123799,0.6072133,3.3284915,0.8119058,-3.3284915,-0.8119058,"China"
816,36,-0.352952,19,"Vietnam",1981,"Nuclear","Vietnam",TRUE,3.306909,0.4757338,3.659861,0.8286858,-3.659861,-0.8286858,"China"
816,37,-0.3655048,26,"Vietnam",1982,"Nuclear","Vietnam",TRUE,3.401003,0.6896014,3.7665078,1.0551062,-3.7665078,-1.0551062,"China"
816,38,-0.4695318,32,"Vietnam",1983,"Nuclear","Vietnam",TRUE,3.619651,0.8240373,4.0891828,1.2935691,-4.0891828,-1.2935691,"China"
816,39,-0.5562209,25,"Vietnam",1984,"Nuclear","Vietnam",TRUE,3.630322,0.8043541,4.1865429,1.360575,-4.1865429,-1.360575,"China"
816,40,-0.638402,25,"Vietnam",1985,"Nuclear","Vietnam",TRUE,3.67775,0.7968076,4.316152,1.4352096,-4.316152,-1.4352096,"China"
816,41,-0.6852213,24,"Vietnam",1986,"Nuclear","Vietnam",TRUE,3.693312,0.826474,4.3785333,1.5116953,-4.3785333,-1.5116953,"China"
816,42,-0.7071146,20,"Vietnam",1987,"Nuclear","Vietnam",TRUE,3.613828,0.887585,4.3209426,1.5946996,-4.3209426,-1.5946996,"China"
816,43,-0.6885317,21,"Vietnam",1988,"Nuclear","Vietnam",TRUE,3.596776,0.7527809,4.2853077,1.4413126,-4.2853077,-1.4413126,"China"
816,44,-0.7142979,20,"Vietnam",1989,"Nuclear","Vietnam",TRUE,3.498615,0.6325205,4.2129129,1.3468184,-4.2129129,-1.3468184,"China"
816,45,-0.6928799,17,"Vietnam",1990,"Nuclear","Vietnam",TRUE,3.525317,0.5317576,4.2181969,1.2246375,-4.2181969,-1.2246375,"China"
816,46,-0.7312359,11,"Vietnam",1991,"Nuclear","Vietnam",TRUE,3.405946,0.3546147,4.1371819,1.0858506,-4.1371819,-1.0858506,"China"
816,47,-0.8194601,9,"Vietnam",1992,"Nuclear","Vietnam",TRUE,3.374019,0.2822124,4.1934791,1.1016725,-4.1934791,-1.1016725,"China"
816,48,-0.8580847,5,"Vietnam",1993,"Nuclear","Vietnam",TRUE,3.358857,0.1525422,4.2169417,1.0106269,-4.2169417,-1.0106269,"China"
816,49,-0.9645899,10,"Vietnam",1994,"Nuclear","Vietnam",TRUE,3.247449,-0.101077,4.2120389,0.8635129,-4.2120389,-0.8635129,"China"
816,50,-0.9541044,12,"Vietnam",1995,"Nuclear","Vietnam",TRUE,3.100058,-0.2559146,4.0541624,0.6981898,-4.0541624,-0.6981898,"China"
816,51,-0.954698,11,"Vietnam",1996,"Nuclear","Vietnam",TRUE,2.949102,-0.3518149,3.9038,0.6028831,-3.9038,-0.6028831,"China"
816,52,-0.9771531,9,"Vietnam",1997,"Nuclear","Vietnam",TRUE,2.482245,-0.3734804,3.4593981,0.6036727,-3.4593981,-0.6036727,"China"
816,53,-0.9391455,11,"Vietnam",1998,"Nuclear","Vietnam",TRUE,2.433795,0.01340842,3.3729405,0.95255392,-3.3729405,-0.95255392,"China"
816,54,-0.9164559,10,"Vietnam",1999,"Nuclear","Vietnam",TRUE,2.407476,0.1635209,3.3239319,1.0799768,-3.3239319,-1.0799768,"China"
816,55,-0.8840767,11,"Vietnam",2000,"Nuclear","Vietnam",TRUE,2.366315,0.2169673,3.2503917,1.101044,-3.2503917,-1.101044,"China"
816,56,-0.8830438,10,"Vietnam",2001,"Nuclear","Vietnam",TRUE,2.381791,0.2412155,3.2648348,1.1242593,-3.2648348,-1.1242593,"China"
816,57,-0.8656374,14,"Vietnam",2002,"Nuclear","Vietnam",TRUE,2.511243,0.1821207,3.3768804,1.0477581,-3.3768804,-1.0477581,"China"
816,58,-0.8443588,11,"Vietnam",2003,"Nuclear","Vietnam",TRUE,2.504767,0.102568,3.3491258,0.9469268,-3.3491258,-0.9469268,"China"
816,59,-0.83225,12,"Vietnam",2004,"Nuclear","Vietnam",TRUE,2.540032,0.06960371,3.372282,0.90185371,-3.372282,-0.90185371,"China"
816,60,-0.8444752,11,"Vietnam",2005,"Nuclear","Vietnam",TRUE,2.450584,0.06462417,3.2950592,0.90909937,-3.2950592,-0.90909937,"China"
816,61,-0.8412614,13,"Vietnam",2006,"Nuclear","Vietnam",TRUE,2.577746,0.05886999,3.4190074,0.90013139,-3.4190074,-0.90013139,"China"
816,62,-0.8153674,12,"Vietnam",2007,"Nuclear","Vietnam",TRUE,2.63143,0.1492162,3.4467974,0.9645836,-3.4467974,-0.9645836,"China"
816,63,-0.7865079,12,"Vietnam",2008,"Nuclear","Vietnam",TRUE,2.627806,0.2296379,3.4143139,1.0161458,-3.4143139,-1.0161458,"China"
816,64,-0.7715032,13,"Vietnam",2009,"Nuclear","Vietnam",TRUE,2.50146,0.1644733,3.2729632,0.9359765,-3.2729632,-0.9359765,"China"
816,65,-0.7501832,13,"Vietnam",2010,"Nuclear","Vietnam",TRUE,2.473857,0.103683,3.2240402,0.8538662,-3.2240402,-0.8538662,"China"
816,66,-0.7417512,12,"Vietnam",2011,"Nuclear","Vietnam",TRUE,2.320967,0.150612,3.0627182,0.8923632,-3.0627182,-0.8923632,"China"
816,67,-0.6952904,15,"Vietnam",2012,"Nuclear","Vietnam",TRUE,2.427731,0.1525341,3.1230214,0.8478245,-3.1230214,-0.8478245,"China"
816,68,-0.6852876,12,"Vietnam",2013,"Nuclear","Vietnam",TRUE,2.324305,0.174722,3.0095926,0.8600096,-3.0095926,-0.8600096,"China"
816,69,-0.6788044,14,"Vietnam",2014,"Nuclear","Vietnam",TRUE,2.361422,0.1616122,3.0402264,0.8404166,-3.0402264,-0.8404166,"China"
816,70,-0.6460994,19,"Vietnam",2015,"Nuclear","Vietnam",TRUE,2.217923,0.4625879,2.8640224,1.1086873,-2.8640224,-1.1086873,"China"
816,71,-0.6482952,18,"Vietnam",2016,"Nuclear","Vietnam",TRUE,2.185434,0.4577838,2.8337292,1.106079,-2.8337292,-1.106079,"China"
816,72,-0.6320259,16,"Vietnam",2017,"Nuclear","Vietnam",TRUE,2.10741,0.4573947,2.7394359,1.0894206,-2.7394359,-1.0894206,"China"
816,73,-0.6265297,16,"Vietnam",2018,"Nuclear","Vietnam",TRUE,2.081115,0.479836,2.7076447,1.1063657,-2.7076447,-1.1063657,"China"
816,74,-0.6027181,17,"Vietnam",2019,"Nuclear","Vietnam",TRUE,2.055774,0.4633204,2.6584921,1.0660385,-2.6584921,-1.0660385,"China"
820,33,-1.243447,17,"Malaysia",1978,"Nuclear","Malaysia",TRUE,2.972704,0.9548611,4.216151,2.1983081,-4.216151,-2.1983081,"China"
820,34,-1.248073,16,"Malaysia",1979,"Nuclear","Malaysia",TRUE,2.996378,0.7935395,4.244451,2.0416125,-4.244451,-2.0416125,"China"
820,35,-1.253225,17,"Malaysia",1980,"Nuclear","Malaysia",TRUE,3.123799,0.6072133,4.377024,1.8604383,-4.377024,-1.8604383,"China"
820,36,-1.102122,19,"Malaysia",1981,"Nuclear","Malaysia",TRUE,3.306909,0.4757338,4.409031,1.5778558,-4.409031,-1.5778558,"China"
820,37,-0.8410119,26,"Malaysia",1982,"Nuclear","Malaysia",TRUE,3.401003,0.6896014,4.2420149,1.5306133,-4.2420149,-1.5306133,"China"
820,38,-0.617801,32,"Malaysia",1983,"Nuclear","Malaysia",TRUE,3.619651,0.8240373,4.237452,1.4418383,-4.237452,-1.4418383,"China"
820,39,-0.4803487,25,"Malaysia",1984,"Nuclear","Malaysia",TRUE,3.630322,0.8043541,4.1106707,1.2847028,-4.1106707,-1.2847028,"China"
820,40,-0.3016469,25,"Malaysia",1985,"Nuclear","Malaysia",TRUE,3.67775,0.7968076,3.9793969,1.0984545,-3.9793969,-1.0984545,"China"
820,41,-0.3847629,24,"Malaysia",1986,"Nuclear","Malaysia",TRUE,3.693312,0.826474,4.0780749,1.2112369,-4.0780749,-1.2112369,"China"
820,42,-0.4334915,20,"Malaysia",1987,"Nuclear","Malaysia",TRUE,3.613828,0.887585,4.0473195,1.3210765,-4.0473195,-1.3210765,"China"
820,43,-0.4922099,21,"Malaysia",1988,"Nuclear","Malaysia",TRUE,3.596776,0.7527809,4.0889859,1.2449908,-4.0889859,-1.2449908,"China"
820,44,-0.4955811,20,"Malaysia",1989,"Nuclear","Malaysia",TRUE,3.498615,0.6325205,3.9941961,1.1281016,-3.9941961,-1.1281016,"China"
820,45,-0.5692456,17,"Malaysia",1990,"Nuclear","Malaysia",TRUE,3.525317,0.5317576,4.0945626,1.1010032,-4.0945626,-1.1010032,"China"
820,46,-0.6063866,11,"Malaysia",1991,"Nuclear","Malaysia",TRUE,3.405946,0.3546147,4.0123326,0.9610013,-4.0123326,-0.9610013,"China"
820,47,-0.675301,9,"Malaysia",1992,"Nuclear","Malaysia",TRUE,3.374019,0.2822124,4.04932,0.9575134,-4.04932,-0.9575134,"China"
820,48,-0.720094,5,"Malaysia",1993,"Nuclear","Malaysia",TRUE,3.358857,0.1525422,4.078951,0.8726362,-4.078951,-0.8726362,"China"
820,49,-0.7811945,10,"Malaysia",1994,"Nuclear","Malaysia",TRUE,3.247449,-0.101077,4.0286435,0.6801175,-4.0286435,-0.6801175,"China"
820,50,-0.7568321,12,"Malaysia",1995,"Nuclear","Malaysia",TRUE,3.100058,-0.2559146,3.8568901,0.5009175,-3.8568901,-0.5009175,"China"
820,51,-0.7310131,11,"Malaysia",1996,"Nuclear","Malaysia",TRUE,2.949102,-0.3518149,3.6801151,0.3791982,-3.6801151,-0.3791982,"China"
820,52,-0.7380196,9,"Malaysia",1997,"Nuclear","Malaysia",TRUE,2.482245,-0.3734804,3.2202646,0.3645392,-3.2202646,-0.3645392,"China"
820,53,-0.6837949,11,"Malaysia",1998,"Nuclear","Malaysia",TRUE,2.433795,0.01340842,3.1175899,0.69720332,-3.1175899,-0.69720332,"China"
820,54,-0.6652641,10,"Malaysia",1999,"Nuclear","Malaysia",TRUE,2.407476,0.1635209,3.0727401,0.828785,-3.0727401,-0.828785,"China"
820,55,-0.6720772,11,"Malaysia",2000,"Nuclear","Malaysia",TRUE,2.366315,0.2169673,3.0383922,0.8890445,-3.0383922,-0.8890445,"China"
820,56,-0.6916633,10,"Malaysia",2001,"Nuclear","Malaysia",TRUE,2.381791,0.2412155,3.0734543,0.9328788,-3.0734543,-0.9328788,"China"
820,57,-0.7112672,14,"Malaysia",2002,"Nuclear","Malaysia",TRUE,2.511243,0.1821207,3.2225102,0.8933879,-3.2225102,-0.8933879,"China"
820,58,-0.6909681,11,"Malaysia",2003,"Nuclear","Malaysia",TRUE,2.504767,0.102568,3.1957351,0.7935361,-3.1957351,-0.7935361,"China"
820,59,-0.6711387,12,"Malaysia",2004,"Nuclear","Malaysia",TRUE,2.540032,0.06960371,3.2111707,0.74074241,-3.2111707,-0.74074241,"China"
820,60,-0.6953399,11,"Malaysia",2005,"Nuclear","Malaysia",TRUE,2.450584,0.06462417,3.1459239,0.75996407,-3.1459239,-0.75996407,"China"
820,61,-0.6871258,13,"Malaysia",2006,"Nuclear","Malaysia",TRUE,2.577746,0.05886999,3.2648718,0.74599579,-3.2648718,-0.74599579,"China"
820,62,-0.6969418,12,"Malaysia",2007,"Nuclear","Malaysia",TRUE,2.63143,0.1492162,3.3283718,0.846158,-3.3283718,-0.846158,"China"
820,63,-0.6779512,12,"Malaysia",2008,"Nuclear","Malaysia",TRUE,2.627806,0.2296379,3.3057572,0.9075891,-3.3057572,-0.9075891,"China"
820,64,-0.6789757,13,"Malaysia",2009,"Nuclear","Malaysia",TRUE,2.50146,0.1644733,3.1804357,0.843449,-3.1804357,-0.843449,"China"
820,65,-0.6584143,13,"Malaysia",2010,"Nuclear","Malaysia",TRUE,2.473857,0.103683,3.1322713,0.7620973,-3.1322713,-0.7620973,"China"
820,66,-0.6298671,12,"Malaysia",2011,"Nuclear","Malaysia",TRUE,2.320967,0.150612,2.9508341,0.7804791,-2.9508341,-0.7804791,"China"
820,67,-0.6305773,15,"Malaysia",2012,"Nuclear","Malaysia",TRUE,2.427731,0.1525341,3.0583083,0.7831114,-3.0583083,-0.7831114,"China"
820,68,-0.6541745,12,"Malaysia",2013,"Nuclear","Malaysia",TRUE,2.324305,0.174722,2.9784795,0.8288965,-2.9784795,-0.8288965,"China"
820,69,-0.6340056,14,"Malaysia",2014,"Nuclear","Malaysia",TRUE,2.361422,0.1616122,2.9954276,0.7956178,-2.9954276,-0.7956178,"China"
820,70,-0.6061271,19,"Malaysia",2015,"Nuclear","Malaysia",TRUE,2.217923,0.4625879,2.8240501,1.068715,-2.8240501,-1.068715,"China"
820,71,-0.6124288,18,"Malaysia",2016,"Nuclear","Malaysia",TRUE,2.185434,0.4577838,2.7978628,1.0702126,-2.7978628,-1.0702126,"China"
820,72,-0.6181437,16,"Malaysia",2017,"Nuclear","Malaysia",TRUE,2.10741,0.4573947,2.7255537,1.0755384,-2.7255537,-1.0755384,"China"
820,73,-0.587451,16,"Malaysia",2018,"Nuclear","Malaysia",TRUE,2.081115,0.479836,2.668566,1.067287,-2.668566,-1.067287,"China"
820,74,-0.5814589,17,"Malaysia",2019,"Nuclear","Malaysia",TRUE,2.055774,0.4633204,2.6372329,1.0447793,-2.6372329,-1.0447793,"China"
830,33,0.4678278,16,"Singapore",1978,"Nuclear","Singapore",TRUE,2.972704,0.9548611,2.5048762,0.4870333,-2.5048762,-0.4870333,"China"
830,34,0.4343981,16,"Singapore",1979,"Nuclear","Singapore",TRUE,2.996378,0.7935395,2.5619799,0.3591414,-2.5619799,-0.3591414,"China"
830,35,0.2777112,16,"Singapore",1980,"Nuclear","Singapore",TRUE,3.123799,0.6072133,2.8460878,0.3295021,-2.8460878,-0.3295021,"China"
830,36,0.2470705,17,"Singapore",1981,"Nuclear","Singapore",TRUE,3.306909,0.4757338,3.0598385,0.2286633,-3.0598385,-0.2286633,"China"
830,37,0.3140515,25,"Singapore",1982,"Nuclear","Singapore",TRUE,3.401003,0.6896014,3.0869515,0.3755499,-3.0869515,-0.3755499,"China"
830,38,0.2418057,31,"Singapore",1983,"Nuclear","Singapore",TRUE,3.619651,0.8240373,3.3778453,0.5822316,-3.3778453,-0.5822316,"China"
830,39,0.1093768,22,"Singapore",1984,"Nuclear","Singapore",TRUE,3.630322,0.8043541,3.5209452,0.6949773,-3.5209452,-0.6949773,"China"
830,40,-0.0205116,22,"Singapore",1985,"Nuclear","Singapore",TRUE,3.67775,0.7968076,3.6982616,0.8173192,-3.6982616,-0.8173192,"China"
830,41,-0.1144372,19,"Singapore",1986,"Nuclear","Singapore",TRUE,3.693312,0.826474,3.8077492,0.9409112,-3.8077492,-0.9409112,"China"
830,42,0.007979754,18,"Singapore",1987,"Nuclear","Singapore",TRUE,3.613828,0.887585,3.605848246,0.879605246,-3.605848246,-0.879605246,"China"
830,43,0.1308874,19,"Singapore",1988,"Nuclear","Singapore",TRUE,3.596776,0.7527809,3.4658886,0.6218935,-3.4658886,-0.6218935,"China"
830,44,0.1063929,19,"Singapore",1989,"Nuclear","Singapore",TRUE,3.498615,0.6325205,3.3922221,0.5261276,-3.3922221,-0.5261276,"China"
830,45,0.04220063,17,"Singapore",1990,"Nuclear","Singapore",TRUE,3.525317,0.5317576,3.48311637,0.48955697,-3.48311637,-0.48955697,"China"
830,46,-0.06251481,11,"Singapore",1991,"Nuclear","Singapore",TRUE,3.405946,0.3546147,3.46846081,0.41712951,-3.46846081,-0.41712951,"China"
830,47,-0.1303288,9,"Singapore",1992,"Nuclear","Singapore",TRUE,3.374019,0.2822124,3.5043478,0.4125412,-3.5043478,-0.4125412,"China"
830,48,-0.1278235,5,"Singapore",1993,"Nuclear","Singapore",TRUE,3.358857,0.1525422,3.4866805,0.2803657,-3.4866805,-0.2803657,"China"
830,49,-0.227088,10,"Singapore",1994,"Nuclear","Singapore",TRUE,3.247449,-0.101077,3.474537,0.126011,-3.474537,-0.126011,"China"
830,50,-0.2501927,12,"Singapore",1995,"Nuclear","Singapore",TRUE,3.100058,-0.2559146,3.3502507,0.0057219,-3.3502507,0.0057219,"China"
830,51,-0.2878978,11,"Singapore",1996,"Nuclear","Singapore",TRUE,2.949102,-0.3518149,3.2369998,0.0639171,-3.2369998,0.0639171,"China"
830,52,-0.3288244,9,"Singapore",1997,"Nuclear","Singapore",TRUE,2.482245,-0.3734804,2.8110694,0.044656,-2.8110694,0.044656,"China"
830,53,-0.3623742,11,"Singapore",1998,"Nuclear","Singapore",TRUE,2.433795,0.01340842,2.7961692,0.37578262,-2.7961692,-0.37578262,"China"
830,54,-0.4043629,10,"Singapore",1999,"Nuclear","Singapore",TRUE,2.407476,0.1635209,2.8118389,0.5678838,-2.8118389,-0.5678838,"China"
830,55,-0.423254,11,"Singapore",2000,"Nuclear","Singapore",TRUE,2.366315,0.2169673,2.789569,0.6402213,-2.789569,-0.6402213,"China"
830,56,-0.4381899,10,"Singapore",2001,"Nuclear","Singapore",TRUE,2.381791,0.2412155,2.8199809,0.6794054,-2.8199809,-0.6794054,"China"
830,57,-0.4844153,14,"Singapore",2002,"Nuclear","Singapore",TRUE,2.511243,0.1821207,2.9956583,0.666536,-2.9956583,-0.666536,"China"
830,58,-0.5002244,11,"Singapore",2003,"Nuclear","Singapore",TRUE,2.504767,0.102568,3.0049914,0.6027924,-3.0049914,-0.6027924,"China"
830,59,-0.4858118,11,"Singapore",2004,"Nuclear","Singapore",TRUE,2.540032,0.06960371,3.0258438,0.55541551,-3.0258438,-0.55541551,"China"
830,60,-0.5557544,11,"Singapore",2005,"Nuclear","Singapore",TRUE,2.450584,0.06462417,3.0063384,0.62037857,-3.0063384,-0.62037857,"China"
830,61,-0.5754496,13,"Singapore",2006,"Nuclear","Singapore",TRUE,2.577746,0.05886999,3.1531956,0.63431959,-3.1531956,-0.63431959,"China"
830,62,-0.6115147,12,"Singapore",2007,"Nuclear","Singapore",TRUE,2.63143,0.1492162,3.2429447,0.7607309,-3.2429447,-0.7607309,"China"
830,63,-0.6075284,13,"Singapore",2008,"Nuclear","Singapore",TRUE,2.627806,0.2296379,3.2353344,0.8371663,-3.2353344,-0.8371663,"China"
830,64,-0.610244,13,"Singapore",2009,"Nuclear","Singapore",TRUE,2.50146,0.1644733,3.111704,0.7747173,-3.111704,-0.7747173,"China"
830,65,-0.604258,13,"Singapore",2010,"Nuclear","Singapore",TRUE,2.473857,0.103683,3.078115,0.707941,-3.078115,-0.707941,"China"
830,66,-0.5997108,12,"Singapore",2011,"Nuclear","Singapore",TRUE,2.320967,0.150612,2.9206778,0.7503228,-2.9206778,-0.7503228,"China"
830,67,-0.6048057,15,"Singapore",2012,"Nuclear","Singapore",TRUE,2.427731,0.1525341,3.0325367,0.7573398,-3.0325367,-0.7573398,"China"
830,68,-0.584578,12,"Singapore",2013,"Nuclear","Singapore",TRUE,2.324305,0.174722,2.908883,0.7593,-2.908883,-0.7593,"China"
830,69,-0.5877528,14,"Singapore",2014,"Nuclear","Singapore",TRUE,2.361422,0.1616122,2.9491748,0.749365,-2.9491748,-0.749365,"China"
830,70,-0.5848673,19,"Singapore",2015,"Nuclear","Singapore",TRUE,2.217923,0.4625879,2.8027903,1.0474552,-2.8027903,-1.0474552,"China"
830,71,-0.5797534,18,"Singapore",2016,"Nuclear","Singapore",TRUE,2.185434,0.4577838,2.7651874,1.0375372,-2.7651874,-1.0375372,"China"
830,72,-0.5686316,16,"Singapore",2017,"Nuclear","Singapore",TRUE,2.10741,0.4573947,2.6760416,1.0260263,-2.6760416,-1.0260263,"China"
830,73,-0.3265844,16,"Singapore",2018,"Nuclear","Singapore",TRUE,2.081115,0.479836,2.4076994,0.8064204,-2.4076994,-0.8064204,"China"
830,74,-0.1922078,17,"Singapore",2019,"Nuclear","Singapore",TRUE,2.055774,0.4633204,2.2479818,0.6555282,-2.2479818,-0.6555282,"China"
835,39,-0.4188672,23,"Brunei",1984,"Nuclear","Brunei",TRUE,3.630322,0.8043541,4.0491892,1.2232213,-4.0491892,-1.2232213,"China"
835,40,-0.4328101,24,"Brunei",1985,"Nuclear","Brunei",TRUE,3.67775,0.7968076,4.1105601,1.2296177,-4.1105601,-1.2296177,"China"
835,41,-0.4918574,23,"Brunei",1986,"Nuclear","Brunei",TRUE,3.693312,0.826474,4.1851694,1.3183314,-4.1851694,-1.3183314,"China"
835,42,-0.5262451,19,"Brunei",1987,"Nuclear","Brunei",TRUE,3.613828,0.887585,4.1400731,1.4138301,-4.1400731,-1.4138301,"China"
835,43,-0.5592474,20,"Brunei",1988,"Nuclear","Brunei",TRUE,3.596776,0.7527809,4.1560234,1.3120283,-4.1560234,-1.3120283,"China"
835,44,-0.5739119,19,"Brunei",1989,"Nuclear","Brunei",TRUE,3.498615,0.6325205,4.0725269,1.2064324,-4.0725269,-1.2064324,"China"
835,45,-0.5806815,17,"Brunei",1990,"Nuclear","Brunei",TRUE,3.525317,0.5317576,4.1059985,1.1124391,-4.1059985,-1.1124391,"China"
835,46,-0.6149573,11,"Brunei",1991,"Nuclear","Brunei",TRUE,3.405946,0.3546147,4.0209033,0.969572,-4.0209033,-0.969572,"China"
835,47,-0.6549462,9,"Brunei",1992,"Nuclear","Brunei",TRUE,3.374019,0.2822124,4.0289652,0.9371586,-4.0289652,-0.9371586,"China"
835,48,-0.7067849,5,"Brunei",1993,"Nuclear","Brunei",TRUE,3.358857,0.1525422,4.0656419,0.8593271,-4.0656419,-0.8593271,"China"
835,49,-0.7622126,10,"Brunei",1994,"Nuclear","Brunei",TRUE,3.247449,-0.101077,4.0096616,0.6611356,-4.0096616,-0.6611356,"China"
835,50,-0.7433553,12,"Brunei",1995,"Nuclear","Brunei",TRUE,3.100058,-0.2559146,3.8434133,0.4874407,-3.8434133,-0.4874407,"China"
835,51,-0.7249289,11,"Brunei",1996,"Nuclear","Brunei",TRUE,2.949102,-0.3518149,3.6740309,0.373114,-3.6740309,-0.373114,"China"
835,52,-0.3945582,9,"Brunei",1997,"Nuclear","Brunei",TRUE,2.482245,-0.3734804,2.8768032,0.0210778,-2.8768032,-0.0210778,"China"
835,53,-0.4302872,11,"Brunei",1998,"Nuclear","Brunei",TRUE,2.433795,0.01340842,2.8640822,0.44369562,-2.8640822,-0.44369562,"China"
835,54,-0.4674703,10,"Brunei",1999,"Nuclear","Brunei",TRUE,2.407476,0.1635209,2.8749463,0.6309912,-2.8749463,-0.6309912,"China"
835,55,-0.490502,11,"Brunei",2000,"Nuclear","Brunei",TRUE,2.366315,0.2169673,2.856817,0.7074693,-2.856817,-0.7074693,"China"
835,56,-0.525542,10,"Brunei",2001,"Nuclear","Brunei",TRUE,2.381791,0.2412155,2.907333,0.7667575,-2.907333,-0.7667575,"China"
835,57,-0.5366824,14,"Brunei",2002,"Nuclear","Brunei",TRUE,2.511243,0.1821207,3.0479254,0.7188031,-3.0479254,-0.7188031,"China"
835,58,-0.5715448,11,"Brunei",2003,"Nuclear","Brunei",TRUE,2.504767,0.102568,3.0763118,0.6741128,-3.0763118,-0.6741128,"China"
835,59,-0.5644122,12,"Brunei",2004,"Nuclear","Brunei",TRUE,2.540032,0.06960371,3.1044442,0.63401591,-3.1044442,-0.63401591,"China"
835,60,-0.5838472,11,"Brunei",2005,"Nuclear","Brunei",TRUE,2.450584,0.06462417,3.0344312,0.64847137,-3.0344312,-0.64847137,"China"
835,61,-0.596872,13,"Brunei",2006,"Nuclear","Brunei",TRUE,2.577746,0.05886999,3.174618,0.65574199,-3.174618,-0.65574199,"China"
835,62,-0.6141107,12,"Brunei",2007,"Nuclear","Brunei",TRUE,2.63143,0.1492162,3.2455407,0.7633269,-3.2455407,-0.7633269,"China"
835,63,-0.6132537,13,"Brunei",2008,"Nuclear","Brunei",TRUE,2.627806,0.2296379,3.2410597,0.8428916,-3.2410597,-0.8428916,"China"
835,64,-0.6266537,13,"Brunei",2009,"Nuclear","Brunei",TRUE,2.50146,0.1644733,3.1281137,0.791127,-3.1281137,-0.791127,"China"
835,65,-0.6039953,13,"Brunei",2010,"Nuclear","Brunei",TRUE,2.473857,0.103683,3.0778523,0.7076783,-3.0778523,-0.7076783,"China"
835,66,-0.5983851,12,"Brunei",2011,"Nuclear","Brunei",TRUE,2.320967,0.150612,2.9193521,0.7489971,-2.9193521,-0.7489971,"China"
835,67,-0.600452,15,"Brunei",2012,"Nuclear","Brunei",TRUE,2.427731,0.1525341,3.028183,0.7529861,-3.028183,-0.7529861,"China"
835,68,-0.5821805,12,"Brunei",2013,"Nuclear","Brunei",TRUE,2.324305,0.174722,2.9064855,0.7569025,-2.9064855,-0.7569025,"China"
835,69,-0.5823741,14,"Brunei",2014,"Nuclear","Brunei",TRUE,2.361422,0.1616122,2.9437961,0.7439863,-2.9437961,-0.7439863,"China"
835,70,-0.5796684,19,"Brunei",2015,"Nuclear","Brunei",TRUE,2.217923,0.4625879,2.7975914,1.0422563,-2.7975914,-1.0422563,"China"
835,71,-0.5667181,18,"Brunei",2016,"Nuclear","Brunei",TRUE,2.185434,0.4577838,2.7521521,1.0245019,-2.7521521,-1.0245019,"China"
835,72,-0.5876703,16,"Brunei",2017,"Nuclear","Brunei",TRUE,2.10741,0.4573947,2.6950803,1.045065,-2.6950803,-1.045065,"China"
835,73,-0.5822231,16,"Brunei",2018,"Nuclear","Brunei",TRUE,2.081115,0.479836,2.6633381,1.0620591,-2.6633381,-1.0620591,"China"
835,74,-0.5561355,17,"Brunei",2019,"Nuclear","Brunei",TRUE,2.055774,0.4633204,2.6119095,1.0194559,-2.6119095,-1.0194559,"China"
840,33,-0.6197473,17,"Philippines",1978,"Nuclear","Philippines",TRUE,2.972704,0.9548611,3.5924513,1.5746084,-3.5924513,-1.5746084,"China"
840,34,-0.5849283,16,"Philippines",1979,"Nuclear","Philippines",TRUE,2.996378,0.7935395,3.5813063,1.3784678,-3.5813063,-1.3784678,"China"
840,35,-0.6264596,17,"Philippines",1980,"Nuclear","Philippines",TRUE,3.123799,0.6072133,3.7502586,1.2336729,-3.7502586,-1.2336729,"China"
840,36,-0.7468769,19,"Philippines",1981,"Nuclear","Philippines",TRUE,3.306909,0.4757338,4.0537859,1.2226107,-4.0537859,-1.2226107,"China"
840,37,-0.04885601,26,"Philippines",1982,"Nuclear","Philippines",TRUE,3.401003,0.6896014,3.44985901,0.73845741,-3.44985901,-0.73845741,"China"
840,38,0.3833613,32,"Philippines",1983,"Nuclear","Philippines",TRUE,3.619651,0.8240373,3.2362897,0.440676,-3.2362897,-0.440676,"China"
840,39,0.3321575,20,"Philippines",1984,"Nuclear","Philippines",TRUE,3.630322,0.8043541,3.2981645,0.4721966,-3.2981645,-0.4721966,"China"
840,40,0.101548,21,"Philippines",1985,"Nuclear","Philippines",TRUE,3.67775,0.7968076,3.576202,0.6952596,-3.576202,-0.6952596,"China"
840,41,-0.1308381,24,"Philippines",1986,"Nuclear","Philippines",TRUE,3.693312,0.826474,3.8241501,0.9573121,-3.8241501,-0.9573121,"China"
840,42,-0.1919775,19,"Philippines",1987,"Nuclear","Philippines",TRUE,3.613828,0.887585,3.8058055,1.0795625,-3.8058055,-1.0795625,"China"
840,43,-0.2691195,21,"Philippines",1988,"Nuclear","Philippines",TRUE,3.596776,0.7527809,3.8658955,1.0219004,-3.8658955,-1.0219004,"China"
840,44,-0.3474271,20,"Philippines",1989,"Nuclear","Philippines",TRUE,3.498615,0.6325205,3.8460421,0.9799476,-3.8460421,-0.9799476,"China"
840,45,-0.4390384,17,"Philippines",1990,"Nuclear","Philippines",TRUE,3.525317,0.5317576,3.9643554,0.970796,-3.9643554,-0.970796,"China"
840,46,-0.4817282,11,"Philippines",1991,"Nuclear","Philippines",TRUE,3.405946,0.3546147,3.8876742,0.8363429,-3.8876742,-0.8363429,"China"
840,47,-0.5655001,9,"Philippines",1992,"Nuclear","Philippines",TRUE,3.374019,0.2822124,3.9395191,0.8477125,-3.9395191,-0.8477125,"China"
840,48,-0.6011271,5,"Philippines",1993,"Nuclear","Philippines",TRUE,3.358857,0.1525422,3.9599841,0.7536693,-3.9599841,-0.7536693,"China"
840,49,-0.6753838,10,"Philippines",1994,"Nuclear","Philippines",TRUE,3.247449,-0.101077,3.9228328,0.5743068,-3.9228328,-0.5743068,"China"
840,50,-0.6906669,12,"Philippines",1995,"Nuclear","Philippines",TRUE,3.100058,-0.2559146,3.7907249,0.4347523,-3.7907249,-0.4347523,"China"
840,51,-0.713425,11,"Philippines",1996,"Nuclear","Philippines",TRUE,2.949102,-0.3518149,3.662527,0.3616101,-3.662527,-0.3616101,"China"
840,52,-0.6777317,9,"Philippines",1997,"Nuclear","Philippines",TRUE,2.482245,-0.3734804,3.1599767,0.3042513,-3.1599767,-0.3042513,"China"
840,53,-0.6569429,11,"Philippines",1998,"Nuclear","Philippines",TRUE,2.433795,0.01340842,3.0907379,0.67035132,-3.0907379,-0.67035132,"China"
840,54,-0.6691434,10,"Philippines",1999,"Nuclear","Philippines",TRUE,2.407476,0.1635209,3.0766194,0.8326643,-3.0766194,-0.8326643,"China"
840,55,-0.6607783,11,"Philippines",2000,"Nuclear","Philippines",TRUE,2.366315,0.2169673,3.0270933,0.8777456,-3.0270933,-0.8777456,"China"
840,56,-0.6701406,10,"Philippines",2001,"Nuclear","Philippines",TRUE,2.381791,0.2412155,3.0519316,0.9113561,-3.0519316,-0.9113561,"China"
840,57,-0.6470735,14,"Philippines",2002,"Nuclear","Philippines",TRUE,2.511243,0.1821207,3.1583165,0.8291942,-3.1583165,-0.8291942,"China"
840,58,-0.6489199,11,"Philippines",2003,"Nuclear","Philippines",TRUE,2.504767,0.102568,3.1536869,0.7514879,-3.1536869,-0.7514879,"China"
840,59,-0.6498188,12,"Philippines",2004,"Nuclear","Philippines",TRUE,2.540032,0.06960371,3.1898508,0.71942251,-3.1898508,-0.71942251,"China"
840,60,-0.6760677,11,"Philippines",2005,"Nuclear","Philippines",TRUE,2.450584,0.06462417,3.1266517,0.74069187,-3.1266517,-0.74069187,"China"
840,61,-0.6637515,13,"Philippines",2006,"Nuclear","Philippines",TRUE,2.577746,0.05886999,3.2414975,0.72262149,-3.2414975,-0.72262149,"China"
840,62,-0.6867954,12,"Philippines",2007,"Nuclear","Philippines",TRUE,2.63143,0.1492162,3.3182254,0.8360116,-3.3182254,-0.8360116,"China"
840,63,-0.6793301,12,"Philippines",2008,"Nuclear","Philippines",TRUE,2.627806,0.2296379,3.3071361,0.908968,-3.3071361,-0.908968,"China"
840,64,-0.6818524,13,"Philippines",2009,"Nuclear","Philippines",TRUE,2.50146,0.1644733,3.1833124,0.8463257,-3.1833124,-0.8463257,"China"
840,65,-0.6927859,13,"Philippines",2010,"Nuclear","Philippines",TRUE,2.473857,0.103683,3.1666429,0.7964689,-3.1666429,-0.7964689,"China"
840,66,-0.6664863,12,"Philippines",2011,"Nuclear","Philippines",TRUE,2.320967,0.150612,2.9874533,0.8170983,-2.9874533,-0.8170983,"China"
840,67,-0.6311827,15,"Philippines",2012,"Nuclear","Philippines",TRUE,2.427731,0.1525341,3.0589137,0.7837168,-3.0589137,-0.7837168,"China"
840,68,-0.6403246,12,"Philippines",2013,"Nuclear","Philippines",TRUE,2.324305,0.174722,2.9646296,0.8150466,-2.9646296,-0.8150466,"China"
840,69,-0.623537,14,"Philippines",2014,"Nuclear","Philippines",TRUE,2.361422,0.1616122,2.984959,0.7851492,-2.984959,-0.7851492,"China"
840,70,-0.6152057,19,"Philippines",2015,"Nuclear","Philippines",TRUE,2.217923,0.4625879,2.8331287,1.0777936,-2.8331287,-1.0777936,"China"
840,71,-0.5848379,18,"Philippines",2016,"Nuclear","Philippines",TRUE,2.185434,0.4577838,2.7702719,1.0426217,-2.7702719,-1.0426217,"China"
840,72,-0.5851394,16,"Philippines",2017,"Nuclear","Philippines",TRUE,2.10741,0.4573947,2.6925494,1.0425341,-2.6925494,-1.0425341,"China"
840,73,-0.3538351,16,"Philippines",2018,"Nuclear","Philippines",TRUE,2.081115,0.479836,2.4349501,0.8336711,-2.4349501,-0.8336711,"China"
840,74,-0.2269259,17,"Philippines",2019,"Nuclear","Philippines",TRUE,2.055774,0.4633204,2.2826999,0.6902463,-2.2826999,-0.6902463,"China"
850,33,-0.6277035,17,"Indonesia",1978,"Nuclear","Indonesia",TRUE,2.972704,0.9548611,3.6004075,1.5825646,-3.6004075,-1.5825646,"China"
850,34,-0.6261705,16,"Indonesia",1979,"Nuclear","Indonesia",TRUE,2.996378,0.7935395,3.6225485,1.41971,-3.6225485,-1.41971,"China"
850,35,-0.6709882,17,"Indonesia",1980,"Nuclear","Indonesia",TRUE,3.123799,0.6072133,3.7947872,1.2782015,-3.7947872,-1.2782015,"China"
850,36,-0.7203762,19,"Indonesia",1981,"Nuclear","Indonesia",TRUE,3.306909,0.4757338,4.0272852,1.19611,-4.0272852,-1.19611,"China"
850,37,-0.789333,26,"Indonesia",1982,"Nuclear","Indonesia",TRUE,3.401003,0.6896014,4.190336,1.4789344,-4.190336,-1.4789344,"China"
850,38,-0.8261713,32,"Indonesia",1983,"Nuclear","Indonesia",TRUE,3.619651,0.8240373,4.4458223,1.6502086,-4.4458223,-1.6502086,"China"
850,39,-0.831722,25,"Indonesia",1984,"Nuclear","Indonesia",TRUE,3.630322,0.8043541,4.462044,1.6360761,-4.462044,-1.6360761,"China"
850,40,-0.8927411,25,"Indonesia",1985,"Nuclear","Indonesia",TRUE,3.67775,0.7968076,4.5704911,1.6895487,-4.5704911,-1.6895487,"China"
850,41,-0.9281589,24,"Indonesia",1986,"Nuclear","Indonesia",TRUE,3.693312,0.826474,4.6214709,1.7546329,-4.6214709,-1.7546329,"China"
850,42,-0.9210049,20,"Indonesia",1987,"Nuclear","Indonesia",TRUE,3.613828,0.887585,4.5348329,1.8085899,-4.5348329,-1.8085899,"China"
850,43,-0.9388758,21,"Indonesia",1988,"Nuclear","Indonesia",TRUE,3.596776,0.7527809,4.5356518,1.6916567,-4.5356518,-1.6916567,"China"
850,44,-0.9037835,20,"Indonesia",1989,"Nuclear","Indonesia",TRUE,3.498615,0.6325205,4.4023985,1.536304,-4.4023985,-1.536304,"China"
850,45,-0.9408967,17,"Indonesia",1990,"Nuclear","Indonesia",TRUE,3.525317,0.5317576,4.4662137,1.4726543,-4.4662137,-1.4726543,"China"
850,46,-0.9621893,11,"Indonesia",1991,"Nuclear","Indonesia",TRUE,3.405946,0.3546147,4.3681353,1.316804,-4.3681353,-1.316804,"China"
850,47,-1.002056,9,"Indonesia",1992,"Nuclear","Indonesia",TRUE,3.374019,0.2822124,4.376075,1.2842684,-4.376075,-1.2842684,"China"
850,48,-1.056742,5,"Indonesia",1993,"Nuclear","Indonesia",TRUE,3.358857,0.1525422,4.415599,1.2092842,-4.415599,-1.2092842,"China"
850,49,-1.124141,10,"Indonesia",1994,"Nuclear","Indonesia",TRUE,3.247449,-0.101077,4.37159,1.023064,-4.37159,-1.023064,"China"
850,50,-1.228782,12,"Indonesia",1995,"Nuclear","Indonesia",TRUE,3.100058,-0.2559146,4.32884,0.9728674,-4.32884,-0.9728674,"China"
850,51,-1.288867,11,"Indonesia",1996,"Nuclear","Indonesia",TRUE,2.949102,-0.3518149,4.237969,0.9370521,-4.237969,-0.9370521,"China"
850,52,-1.263246,9,"Indonesia",1997,"Nuclear","Indonesia",TRUE,2.482245,-0.3734804,3.745491,0.8897656,-3.745491,-0.8897656,"China"
850,53,-1.16508,11,"Indonesia",1998,"Nuclear","Indonesia",TRUE,2.433795,0.01340842,3.598875,1.17848842,-3.598875,-1.17848842,"China"
850,54,-1.119654,10,"Indonesia",1999,"Nuclear","Indonesia",TRUE,2.407476,0.1635209,3.52713,1.2831749,-3.52713,-1.2831749,"China"
850,55,-1.077228,11,"Indonesia",2000,"Nuclear","Indonesia",TRUE,2.366315,0.2169673,3.443543,1.2941953,-3.443543,-1.2941953,"China"
850,56,-1.072342,10,"Indonesia",2001,"Nuclear","Indonesia",TRUE,2.381791,0.2412155,3.454133,1.3135575,-3.454133,-1.3135575,"China"
850,57,-1.013116,14,"Indonesia",2002,"Nuclear","Indonesia",TRUE,2.511243,0.1821207,3.524359,1.1952367,-3.524359,-1.1952367,"China"
850,58,-1.013702,11,"Indonesia",2003,"Nuclear","Indonesia",TRUE,2.504767,0.102568,3.518469,1.11627,-3.518469,-1.11627,"China"
850,59,-0.9694958,12,"Indonesia",2004,"Nuclear","Indonesia",TRUE,2.540032,0.06960371,3.5095278,1.03909951,-3.5095278,-1.03909951,"China"
850,60,-0.9751422,10,"Indonesia",2005,"Nuclear","Indonesia",TRUE,2.450584,0.06462417,3.4257262,1.03976637,-3.4257262,-1.03976637,"China"
850,61,-0.9461565,13,"Indonesia",2006,"Nuclear","Indonesia",TRUE,2.577746,0.05886999,3.5239025,1.00502649,-3.5239025,-1.00502649,"China"
850,62,-0.9342116,12,"Indonesia",2007,"Nuclear","Indonesia",TRUE,2.63143,0.1492162,3.5656416,1.0834278,-3.5656416,-1.0834278,"China"
850,63,-0.9076114,13,"Indonesia",2008,"Nuclear","Indonesia",TRUE,2.627806,0.2296379,3.5354174,1.1372493,-3.5354174,-1.1372493,"China"
850,64,-0.8659557,13,"Indonesia",2009,"Nuclear","Indonesia",TRUE,2.50146,0.1644733,3.3674157,1.030429,-3.3674157,-1.030429,"China"
850,65,-0.8612145,13,"Indonesia",2010,"Nuclear","Indonesia",TRUE,2.473857,0.103683,3.3350715,0.9648975,-3.3350715,-0.9648975,"China"
850,66,-0.8858508,12,"Indonesia",2011,"Nuclear","Indonesia",TRUE,2.320967,0.150612,3.2068178,1.0364628,-3.2068178,-1.0364628,"China"
850,67,-0.8324274,15,"Indonesia",2012,"Nuclear","Indonesia",TRUE,2.427731,0.1525341,3.2601584,0.9849615,-3.2601584,-0.9849615,"China"
850,68,-0.8085102,12,"Indonesia",2013,"Nuclear","Indonesia",TRUE,2.324305,0.174722,3.1328152,0.9832322,-3.1328152,-0.9832322,"China"
850,69,-0.8062039,14,"Indonesia",2014,"Nuclear","Indonesia",TRUE,2.361422,0.1616122,3.1676259,0.9678161,-3.1676259,-0.9678161,"China"
850,70,-0.7455811,19,"Indonesia",2015,"Nuclear","Indonesia",TRUE,2.217923,0.4625879,2.9635041,1.208169,-2.9635041,-1.208169,"China"
850,71,-0.7215959,18,"Indonesia",2016,"Nuclear","Indonesia",TRUE,2.185434,0.4577838,2.9070299,1.1793797,-2.9070299,-1.1793797,"China"
850,72,-0.6948794,16,"Indonesia",2017,"Nuclear","Indonesia",TRUE,2.10741,0.4573947,2.8022894,1.1522741,-2.8022894,-1.1522741,"China"
850,73,-0.6645563,16,"Indonesia",2018,"Nuclear","Indonesia",TRUE,2.081115,0.479836,2.7456713,1.1443923,-2.7456713,-1.1443923,"China"
850,74,-0.6670048,17,"Indonesia",2019,"Nuclear","Indonesia",TRUE,2.055774,0.4633204,2.7227788,1.1303252,-2.7227788,-1.1303252,"China"
775,29,0.1625574,8,"Myanmar (Burma)",1974,"Middle East","Myanmar",TRUE,3.222507,-1.119156,3.0599496,1.2817134,-3.0599496,1.2817134,"China"
775,30,0.1251437,9,"Myanmar (Burma)",1975,"Middle East","Myanmar",TRUE,3.160521,-1.153857,3.0353773,1.2790007,-3.0353773,1.2790007,"China"
775,31,-0.257166,11,"Myanmar (Burma)",1976,"Middle East","Myanmar",TRUE,3.325877,-1.158594,3.583043,0.901428,-3.583043,0.901428,"China"
775,32,-0.1200208,13,"Myanmar (Burma)",1977,"Middle East","Myanmar",TRUE,3.262663,-1.14764,3.3826838,1.0276192,-3.3826838,1.0276192,"China"
775,33,0.1773884,16,"Myanmar (Burma)",1978,"Middle East","Myanmar",TRUE,3.318952,-1.13164,3.1415636,1.3090284,-3.1415636,1.3090284,"China"
775,34,0.7046786,23,"Myanmar (Burma)",1979,"Middle East","Myanmar",TRUE,3.157219,-0.9871394,2.4525404,1.691818,-2.4525404,1.691818,"China"
775,35,0.807273,22,"Myanmar (Burma)",1980,"Middle East","Myanmar",TRUE,3.183525,-0.9298287,2.376252,1.7371017,-2.376252,1.7371017,"China"
775,36,0.5703302,31,"Myanmar (Burma)",1981,"Middle East","Myanmar",TRUE,3.479355,-0.7620469,2.9090248,1.3323771,-2.9090248,1.3323771,"China"
775,37,0.8449516,32,"Myanmar (Burma)",1982,"Middle East","Myanmar",TRUE,3.287364,-0.6316076,2.4424124,1.4765592,-2.4424124,1.4765592,"China"
775,38,0.5186302,34,"Myanmar (Burma)",1983,"Middle East","Myanmar",TRUE,2.976955,-0.5689103,2.4583248,1.0875405,-2.4583248,1.0875405,"China"
775,39,0.4181122,31,"Myanmar (Burma)",1984,"Middle East","Myanmar",TRUE,3.013022,-0.448782,2.5949098,0.8668942,-2.5949098,0.8668942,"China"
775,40,0.3388218,28,"Myanmar (Burma)",1985,"Middle East","Myanmar",TRUE,2.916868,-0.4427453,2.5780462,0.7815671,-2.5780462,0.7815671,"China"
775,41,0.3760512,28,"Myanmar (Burma)",1986,"Middle East","Myanmar",TRUE,2.877559,-0.4889138,2.5015078,0.864965,-2.5015078,0.864965,"China"
775,42,0.2546287,28,"Myanmar (Burma)",1987,"Middle East","Myanmar",TRUE,3.195609,-0.5554947,2.9409803,0.8101234,-2.9409803,0.8101234,"China"
775,43,0.1352827,28,"Myanmar (Burma)",1988,"Middle East","Myanmar",TRUE,2.87798,-0.6005995,2.7426973,0.7358822,-2.7426973,0.7358822,"China"
775,44,-0.05651418,28,"Myanmar (Burma)",1989,"Middle East","Myanmar",TRUE,2.840029,-0.5993323,2.89654318,0.54281812,-2.89654318,0.54281812,"China"
775,45,0.0913288,26,"Myanmar (Burma)",1990,"Middle East","Myanmar",TRUE,2.809386,-0.6725054,2.7180572,0.7638342,-2.7180572,0.7638342,"China"
775,46,-0.0583825,27,"Myanmar (Burma)",1991,"Middle East","Myanmar",TRUE,2.853312,-0.7190262,2.9116945,0.6606437,-2.9116945,0.6606437,"China"
775,47,-0.07747742,25,"Myanmar (Burma)",1992,"Middle East","Myanmar",TRUE,2.942785,-0.7888054,3.02026242,0.71132798,-3.02026242,0.71132798,"China"
775,48,-0.3187154,17,"Myanmar (Burma)",1993,"Middle East","Myanmar",TRUE,3.114255,-0.9012409,3.4329704,0.5825255,-3.4329704,0.5825255,"China"
775,49,-0.3412552,4,"Myanmar (Burma)",1994,"Middle East","Myanmar",TRUE,3.711992,-1.004672,4.0532472,0.6634168,-4.0532472,0.6634168,"China"
775,50,-0.5718552,20,"Myanmar (Burma)",1995,"Middle East","Myanmar",TRUE,3.866298,-1.136166,4.4381532,0.5643108,-4.4381532,0.5643108,"China"
775,51,-0.4534491,21,"Myanmar (Burma)",1996,"Middle East","Myanmar",TRUE,4.117969,-1.028187,4.5714181,0.5747379,-4.5714181,0.5747379,"China"
775,52,-0.4623427,22,"Myanmar (Burma)",1997,"Middle East","Myanmar",TRUE,4.164798,-1.053192,4.6271407,0.5908493,-4.6271407,0.5908493,"China"
775,53,-0.5664767,21,"Myanmar (Burma)",1998,"Middle East","Myanmar",TRUE,3.49087,-0.9322571,4.0573467,0.3657804,-4.0573467,0.3657804,"China"
775,54,-0.6425366,21,"Myanmar (Burma)",1999,"Middle East","Myanmar",TRUE,3.370431,-0.8779334,4.0129676,0.2353968,-4.0129676,0.2353968,"China"
775,55,-0.6796414,22,"Myanmar (Burma)",2000,"Middle East","Myanmar",TRUE,3.334748,-0.7666886,4.0143894,0.0870472000000001,-4.0143894,0.0870472000000001,"China"
775,56,-0.6566943,22,"Myanmar (Burma)",2001,"Middle East","Myanmar",TRUE,3.330121,-0.7318135,3.9868153,0.0751192000000001,-3.9868153,0.0751192000000001,"China"
775,57,-0.7412105,22,"Myanmar (Burma)",2002,"Middle East","Myanmar",TRUE,3.199743,-0.7808828,3.9409535,0.0396723,-3.9409535,0.0396723,"China"
775,58,-0.8252736,19,"Myanmar (Burma)",2003,"Middle East","Myanmar",TRUE,3.101676,-0.8988063,3.9269496,0.0735326999999999,-3.9269496,0.0735326999999999,"China"
775,59,-0.8144441,16,"Myanmar (Burma)",2004,"Middle East","Myanmar",TRUE,2.98883,-0.8500635,3.8032741,0.0356194,-3.8032741,0.0356194,"China"
775,60,-0.7908402,15,"Myanmar (Burma)",2005,"Middle East","Myanmar",TRUE,2.917548,-0.809632,3.7083882,0.0187918,-3.7083882,0.0187918,"China"
775,61,-0.7159397,19,"Myanmar (Burma)",2006,"Middle East","Myanmar",TRUE,2.89344,-0.7389137,3.6093797,0.022974,-3.6093797,0.022974,"China"
775,62,-0.6813832,15,"Myanmar (Burma)",2007,"Middle East","Myanmar",TRUE,2.776826,-0.7049863,3.4582092,0.0236031,-3.4582092,0.0236031,"China"
775,63,-0.636979,16,"Myanmar (Burma)",2008,"Middle East","Myanmar",TRUE,2.784284,-0.7100522,3.421263,0.0730732000000001,-3.421263,0.0730732000000001,"China"
775,64,-0.6497312,15,"Myanmar (Burma)",2009,"Middle East","Myanmar",TRUE,2.763938,-0.692108,3.4136692,0.0423768,-3.4136692,0.0423768,"China"
775,65,-0.6650995,16,"Myanmar (Burma)",2010,"Middle East","Myanmar",TRUE,2.7001,-0.7163737,3.3651995,0.0512742,-3.3651995,0.0512742,"China"
775,66,-0.6563568,7,"Myanmar (Burma)",2011,"Middle East","Myanmar",TRUE,2.617484,-0.6480271,3.2738408,0.0083297,-3.2738408,-0.0083297,"China"
775,67,-0.7114346,11,"Myanmar (Burma)",2012,"Middle East","Myanmar",TRUE,2.603581,-0.6652528,3.3150156,0.0461818000000001,-3.3150156,-0.0461818000000001,"China"
775,68,-0.6899575,16,"Myanmar (Burma)",2013,"Middle East","Myanmar",TRUE,2.65013,-0.6698263,3.3400875,0.0201312,-3.3400875,-0.0201312,"China"
775,69,-0.7372677,15,"Myanmar (Burma)",2014,"Middle East","Myanmar",TRUE,2.676415,-0.7454046,3.4136827,0.0081369,-3.4136827,0.0081369,"China"
775,70,-0.7461775,14,"Myanmar (Burma)",2015,"Middle East","Myanmar",TRUE,2.64551,-0.7610861,3.3916875,0.0149085999999999,-3.3916875,0.0149085999999999,"China"
775,71,-0.7433854,13,"Myanmar (Burma)",2016,"Middle East","Myanmar",TRUE,2.650488,-0.7818664,3.3938734,0.038481,-3.3938734,0.038481,"China"
775,72,-0.5645705,1,"Myanmar (Burma)",2017,"Middle East","Myanmar",TRUE,2.591945,-0.7561805,3.1565155,0.19161,-3.1565155,0.19161,"China"
775,73,-0.003518374,1,"Myanmar (Burma)",2018,"Middle East","Myanmar",TRUE,2.707386,-0.7456449,2.710904374,0.742126526,-2.710904374,0.742126526,"China"
775,74,0.2441533,1,"Myanmar (Burma)",2019,"Middle East","Myanmar",TRUE,2.717197,-0.7452046,2.4730437,0.9893579,-2.4730437,0.9893579,"China"
800,29,-0.0477973,9,"Thailand",1974,"Middle East","Thailand",TRUE,3.222507,-1.119156,3.2703043,1.0713587,-3.2703043,1.0713587,"China"
800,30,-0.3550276,9,"Thailand",1975,"Middle East","Thailand",TRUE,3.160521,-1.153857,3.5155486,0.7988294,-3.5155486,0.7988294,"China"
800,31,-0.6191052,12,"Thailand",1976,"Middle East","Thailand",TRUE,3.325877,-1.158594,3.9449822,0.5394888,-3.9449822,0.5394888,"China"
800,32,-0.2389787,13,"Thailand",1977,"Middle East","Thailand",TRUE,3.262663,-1.14764,3.5016417,0.9086613,-3.5016417,0.9086613,"China"
800,33,0.03591211,15,"Thailand",1978,"Middle East","Thailand",TRUE,3.318952,-1.13164,3.28303989,1.16755211,-3.28303989,1.16755211,"China"
800,34,0.3148371,23,"Thailand",1979,"Middle East","Thailand",TRUE,3.157219,-0.9871394,2.8423819,1.3019765,-2.8423819,1.3019765,"China"
800,35,0.3168063,22,"Thailand",1980,"Middle East","Thailand",TRUE,3.183525,-0.9298287,2.8667187,1.246635,-2.8667187,1.246635,"China"
800,36,-0.3430264,33,"Thailand",1981,"Middle East","Thailand",TRUE,3.479355,-0.7620469,3.8223814,0.4190205,-3.8223814,0.4190205,"China"
800,37,-0.1140779,34,"Thailand",1982,"Middle East","Thailand",TRUE,3.287364,-0.6316076,3.4014419,0.5175297,-3.4014419,0.5175297,"China"
800,38,0.02152077,35,"Thailand",1983,"Middle East","Thailand",TRUE,2.976955,-0.5689103,2.95543423,0.59043107,-2.95543423,0.59043107,"China"
800,39,-0.0671899,32,"Thailand",1984,"Middle East","Thailand",TRUE,3.013022,-0.448782,3.0802119,0.3815921,-3.0802119,0.3815921,"China"
800,40,-0.0430664,29,"Thailand",1985,"Middle East","Thailand",TRUE,2.916868,-0.4427453,2.9599344,0.3996789,-2.9599344,0.3996789,"China"
800,41,-0.1309558,28,"Thailand",1986,"Middle East","Thailand",TRUE,2.877559,-0.4889138,3.0085148,0.357958,-3.0085148,0.357958,"China"
800,42,-0.1178582,29,"Thailand",1987,"Middle East","Thailand",TRUE,3.195609,-0.5554947,3.3134672,0.4376365,-3.3134672,0.4376365,"China"
800,43,-0.1526843,29,"Thailand",1988,"Middle East","Thailand",TRUE,2.87798,-0.6005995,3.0306643,0.4479152,-3.0306643,0.4479152,"China"
800,44,-0.1465796,28,"Thailand",1989,"Middle East","Thailand",TRUE,2.840029,-0.5993323,2.9866086,0.4527527,-2.9866086,0.4527527,"China"
800,45,-0.159466,26,"Thailand",1990,"Middle East","Thailand",TRUE,2.809386,-0.6725054,2.968852,0.5130394,-2.968852,0.5130394,"China"
800,46,-0.5163559,28,"Thailand",1991,"Middle East","Thailand",TRUE,2.853312,-0.7190262,3.3696679,0.2026703,-3.3696679,0.2026703,"China"
800,47,-0.3137948,26,"Thailand",1992,"Middle East","Thailand",TRUE,2.942785,-0.7888054,3.2565798,0.4750106,-3.2565798,0.4750106,"China"
800,48,-0.4024133,21,"Thailand",1993,"Middle East","Thailand",TRUE,3.114255,-0.9012409,3.5166683,0.4988276,-3.5166683,0.4988276,"China"
800,49,-0.7376321,19,"Thailand",1994,"Middle East","Thailand",TRUE,3.711992,-1.004672,4.4496241,0.2670399,-4.4496241,0.2670399,"China"
800,50,-0.9734288,20,"Thailand",1995,"Middle East","Thailand",TRUE,3.866298,-1.136166,4.8397268,0.1627372,-4.8397268,0.1627372,"China"
800,51,-0.9267152,22,"Thailand",1996,"Middle East","Thailand",TRUE,4.117969,-1.028187,5.0446842,0.1014718,-5.0446842,0.1014718,"China"
800,52,-0.9320302,22,"Thailand",1997,"Middle East","Thailand",TRUE,4.164798,-1.053192,5.0968282,0.1211618,-5.0968282,0.1211618,"China"
800,53,-0.8332739,21,"Thailand",1998,"Middle East","Thailand",TRUE,3.49087,-0.9322571,4.3241439,0.0989831999999999,-4.3241439,0.0989831999999999,"China"
800,54,-0.7686819,21,"Thailand",1999,"Middle East","Thailand",TRUE,3.370431,-0.8779334,4.1391129,0.1092515,-4.1391129,0.1092515,"China"
800,55,-0.7520219,22,"Thailand",2000,"Middle East","Thailand",TRUE,3.334748,-0.7666886,4.0867699,0.0146667,-4.0867699,0.0146667,"China"
800,56,-0.8054446,22,"Thailand",2001,"Middle East","Thailand",TRUE,3.330121,-0.7318135,4.1355656,0.0736310999999999,-4.1355656,-0.0736310999999999,"China"
800,57,-0.7818765,22,"Thailand",2002,"Middle East","Thailand",TRUE,3.199743,-0.7808828,3.9816195,0.000993699999999986,-3.9816195,-0.000993699999999986,"China"
800,58,0.1506869,19,"Thailand",2003,"Middle East","Thailand",TRUE,3.101676,-0.8988063,2.9509891,1.0494932,-2.9509891,1.0494932,"China"
800,59,0.4844467,17,"Thailand",2004,"Middle East","Thailand",TRUE,2.98883,-0.8500635,2.5043833,1.3345102,-2.5043833,1.3345102,"China"
800,60,0.5800309,15,"Thailand",2005,"Middle East","Thailand",TRUE,2.917548,-0.809632,2.3375171,1.3896629,-2.3375171,1.3896629,"China"
800,61,0.5289154,19,"Thailand",2006,"Middle East","Thailand",TRUE,2.89344,-0.7389137,2.3645246,1.2678291,-2.3645246,1.2678291,"China"
800,62,0.6395607,15,"Thailand",2007,"Middle East","Thailand",TRUE,2.776826,-0.7049863,2.1372653,1.344547,-2.1372653,1.344547,"China"
800,63,0.6653619,16,"Thailand",2008,"Middle East","Thailand",TRUE,2.784284,-0.7100522,2.1189221,1.3754141,-2.1189221,1.3754141,"China"
800,64,0.1588158,16,"Thailand",2009,"Middle East","Thailand",TRUE,2.763938,-0.692108,2.6051222,0.8509238,-2.6051222,0.8509238,"China"
800,65,0.06128945,16,"Thailand",2010,"Middle East","Thailand",TRUE,2.7001,-0.7163737,2.63881055,0.77766315,-2.63881055,0.77766315,"China"
800,66,0.02396262,15,"Thailand",2011,"Middle East","Thailand",TRUE,2.617484,-0.6480271,2.59352138,0.67198972,-2.59352138,0.67198972,"China"
800,67,-0.06177953,16,"Thailand",2012,"Middle East","Thailand",TRUE,2.603581,-0.6652528,2.66536053,0.60347327,-2.66536053,0.60347327,"China"
800,68,-0.05779127,16,"Thailand",2013,"Middle East","Thailand",TRUE,2.65013,-0.6698263,2.70792127,0.61203503,-2.70792127,0.61203503,"China"
800,69,-0.1315479,15,"Thailand",2014,"Middle East","Thailand",TRUE,2.676415,-0.7454046,2.8079629,0.6138567,-2.8079629,0.6138567,"China"
800,70,-0.1488123,14,"Thailand",2015,"Middle East","Thailand",TRUE,2.64551,-0.7610861,2.7943223,0.6122738,-2.7943223,0.6122738,"China"
800,71,-0.1660566,13,"Thailand",2016,"Middle East","Thailand",TRUE,2.650488,-0.7818664,2.8165446,0.6158098,-2.8165446,0.6158098,"China"
800,72,-0.1801718,17,"Thailand",2017,"Middle East","Thailand",TRUE,2.591945,-0.7561805,2.7721168,0.5760087,-2.7721168,0.5760087,"China"
800,73,-0.171185,16,"Thailand",2018,"Middle East","Thailand",TRUE,2.707386,-0.7456449,2.878571,0.5744599,-2.878571,0.5744599,"China"
800,74,-0.1930632,14,"Thailand",2019,"Middle East","Thailand",TRUE,2.717197,-0.7452046,2.9102602,0.5521414,-2.9102602,0.5521414,"China"
811,29,-0.0423602,9,"Cambodia",1974,"Middle East","Cambodia",TRUE,3.222507,-1.119156,3.2648672,1.0767958,-3.2648672,1.0767958,"China"
811,30,-0.1867619,5,"Cambodia",1975,"Middle East","Cambodia",TRUE,3.160521,-1.153857,3.3472829,0.9670951,-3.3472829,0.9670951,"China"
811,31,-0.4325692,5,"Cambodia",1976,"Middle East","Cambodia",TRUE,3.325877,-1.158594,3.7584462,0.7260248,-3.7584462,0.7260248,"China"
811,33,-0.5925573,4,"Cambodia",1978,"Middle East","Cambodia",TRUE,3.318952,-1.13164,3.9115093,0.5390827,-3.9115093,0.5390827,"China"
811,34,-0.5075532,20,"Cambodia",1979,"Middle East","Cambodia",TRUE,3.157219,-0.9871394,3.6647722,0.4795862,-3.6647722,0.4795862,"China"
811,35,-0.6280541,18,"Cambodia",1980,"Middle East","Cambodia",TRUE,3.183525,-0.9298287,3.8115791,0.3017746,-3.8115791,0.3017746,"China"
811,36,-0.5930985,29,"Cambodia",1981,"Middle East","Cambodia",TRUE,3.479355,-0.7620469,4.0724535,0.1689484,-4.0724535,0.1689484,"China"
811,37,-0.6317328,33,"Cambodia",1982,"Middle East","Cambodia",TRUE,3.287364,-0.6316076,3.9190968,0.000125199999999936,-3.9190968,-0.000125199999999936,"China"
811,38,-0.6108125,34,"Cambodia",1983,"Middle East","Cambodia",TRUE,2.976955,-0.5689103,3.5877675,0.0419022,-3.5877675,-0.0419022,"China"
811,39,-0.4458801,32,"Cambodia",1984,"Middle East","Cambodia",TRUE,3.013022,-0.448782,3.4589021,0.00290190000000001,-3.4589021,0.00290190000000001,"China"
811,40,-0.4568759,31,"Cambodia",1985,"Middle East","Cambodia",TRUE,2.916868,-0.4427453,3.3737439,0.0141306,-3.3737439,-0.0141306,"China"
811,41,-0.465551,25,"Cambodia",1986,"Middle East","Cambodia",TRUE,2.877559,-0.4889138,3.34311,0.0233628,-3.34311,0.0233628,"China"
811,42,-0.5256035,30,"Cambodia",1987,"Middle East","Cambodia",TRUE,3.195609,-0.5554947,3.7212125,0.0298912,-3.7212125,0.0298912,"China"
811,43,-0.6293186,28,"Cambodia",1988,"Middle East","Cambodia",TRUE,2.87798,-0.6005995,3.5072986,0.0287191,-3.5072986,-0.0287191,"China"
811,44,-0.6259066,29,"Cambodia",1989,"Middle East","Cambodia",TRUE,2.840029,-0.5993323,3.4659356,0.0265742999999999,-3.4659356,-0.0265742999999999,"China"
811,46,-0.6436853,3,"Cambodia",1991,"Middle East","Cambodia",TRUE,2.853312,-0.7190262,3.4969973,0.0753408999999999,-3.4969973,0.0753408999999999,"China"
811,48,-0.3211859,8,"Cambodia",1993,"Middle East","Cambodia",TRUE,3.114255,-0.9012409,3.4354409,0.580055,-3.4354409,0.580055,"China"
811,49,-0.1962544,12,"Cambodia",1994,"Middle East","Cambodia",TRUE,3.711992,-1.004672,3.9082464,0.8084176,-3.9082464,0.8084176,"China"
811,50,0.2073574,11,"Cambodia",1995,"Middle East","Cambodia",TRUE,3.866298,-1.136166,3.6589406,1.3435234,-3.6589406,1.3435234,"China"
811,51,-0.04227569,22,"Cambodia",1996,"Middle East","Cambodia",TRUE,4.117969,-1.028187,4.16024469,0.98591131,-4.16024469,0.98591131,"China"
811,54,-0.3670392,20,"Cambodia",1999,"Middle East","Cambodia",TRUE,3.370431,-0.8779334,3.7374702,0.5108942,-3.7374702,0.5108942,"China"
811,55,-0.5099092,22,"Cambodia",2000,"Middle East","Cambodia",TRUE,3.334748,-0.7666886,3.8446572,0.2567794,-3.8446572,0.2567794,"China"
811,56,-0.5936202,22,"Cambodia",2001,"Middle East","Cambodia",TRUE,3.330121,-0.7318135,3.9237412,0.1381933,-3.9237412,0.1381933,"China"
811,57,-0.6597812,21,"Cambodia",2002,"Middle East","Cambodia",TRUE,3.199743,-0.7808828,3.8595242,0.1211016,-3.8595242,0.1211016,"China"
811,58,-0.7208602,19,"Cambodia",2003,"Middle East","Cambodia",TRUE,3.101676,-0.8988063,3.8225362,0.1779461,-3.8225362,0.1779461,"China"
811,59,-0.7439825,17,"Cambodia",2004,"Middle East","Cambodia",TRUE,2.98883,-0.8500635,3.7328125,0.106081,-3.7328125,0.106081,"China"
811,60,-0.7561132,15,"Cambodia",2005,"Middle East","Cambodia",TRUE,2.917548,-0.809632,3.6736612,0.0535188,-3.6736612,0.0535188,"China"
811,61,-0.6831619,18,"Cambodia",2006,"Middle East","Cambodia",TRUE,2.89344,-0.7389137,3.5766019,0.0557518,-3.5766019,0.0557518,"China"
811,62,-0.6507709,15,"Cambodia",2007,"Middle East","Cambodia",TRUE,2.776826,-0.7049863,3.4275969,0.0542153999999999,-3.4275969,0.0542153999999999,"China"
811,63,-0.646376,16,"Cambodia",2008,"Middle East","Cambodia",TRUE,2.784284,-0.7100522,3.43066,0.0636762000000001,-3.43066,0.0636762000000001,"China"
811,64,-0.6397291,8,"Cambodia",2009,"Middle East","Cambodia",TRUE,2.763938,-0.692108,3.4036671,0.0523788999999999,-3.4036671,0.0523788999999999,"China"
811,65,-0.6625734,16,"Cambodia",2010,"Middle East","Cambodia",TRUE,2.7001,-0.7163737,3.3626734,0.0538003,-3.3626734,0.0538003,"China"
811,66,-0.6665656,15,"Cambodia",2011,"Middle East","Cambodia",TRUE,2.617484,-0.6480271,3.2840496,0.0185385,-3.2840496,-0.0185385,"China"
811,67,-0.6937844,16,"Cambodia",2012,"Middle East","Cambodia",TRUE,2.603581,-0.6652528,3.2973654,0.0285316,-3.2973654,-0.0285316,"China"
811,68,-0.7111351,16,"Cambodia",2013,"Middle East","Cambodia",TRUE,2.65013,-0.6698263,3.3612651,0.0413088,-3.3612651,-0.0413088,"China"
811,69,-0.7408596,15,"Cambodia",2014,"Middle East","Cambodia",TRUE,2.676415,-0.7454046,3.4172746,0.00454500000000002,-3.4172746,0.00454500000000002,"China"
811,70,-0.7430144,14,"Cambodia",2015,"Middle East","Cambodia",TRUE,2.64551,-0.7610861,3.3885244,0.0180717,-3.3885244,0.0180717,"China"
811,71,-0.7681822,12,"Cambodia",2016,"Middle East","Cambodia",TRUE,2.650488,-0.7818664,3.4186702,0.0136841999999999,-3.4186702,0.0136841999999999,"China"
811,72,-0.7524964,17,"Cambodia",2017,"Middle East","Cambodia",TRUE,2.591945,-0.7561805,3.3444414,0.00368410000000008,-3.3444414,0.00368410000000008,"China"
811,73,-0.7314461,16,"Cambodia",2018,"Middle East","Cambodia",TRUE,2.707386,-0.7456449,3.4388321,0.0141988000000001,-3.4388321,0.0141988000000001,"China"
811,74,-0.7250017,14,"Cambodia",2019,"Middle East","Cambodia",TRUE,2.717197,-0.7452046,3.4421987,0.0202029,-3.4421987,0.0202029,"China"
812,29,1.140638,8,"Laos",1974,"Middle East","Laos",TRUE,3.222507,-1.119156,2.081869,2.259794,-2.081869,2.259794,"United States"
812,30,0.1317778,9,"Laos",1975,"Middle East","Laos",TRUE,3.160521,-1.153857,3.0287432,1.2856348,-3.0287432,1.2856348,"China"
812,31,-0.334348,12,"Laos",1976,"Middle East","Laos",TRUE,3.325877,-1.158594,3.660225,0.824246,-3.660225,0.824246,"China"
812,32,-0.5244847,13,"Laos",1977,"Middle East","Laos",TRUE,3.262663,-1.14764,3.7871477,0.6231553,-3.7871477,0.6231553,"China"
812,33,-0.7351878,15,"Laos",1978,"Middle East","Laos",TRUE,3.318952,-1.13164,4.0541398,0.3964522,-4.0541398,0.3964522,"China"
812,34,-0.7869431,19,"Laos",1979,"Middle East","Laos",TRUE,3.157219,-0.9871394,3.9441621,0.2001963,-3.9441621,0.2001963,"China"
812,35,-0.7835678,20,"Laos",1980,"Middle East","Laos",TRUE,3.183525,-0.9298287,3.9670928,0.1462609,-3.9670928,0.1462609,"China"
812,36,-0.8686391,33,"Laos",1981,"Middle East","Laos",TRUE,3.479355,-0.7620469,4.3479941,0.1065922,-4.3479941,-0.1065922,"China"
812,37,-0.7520112,33,"Laos",1982,"Middle East","Laos",TRUE,3.287364,-0.6316076,4.0393752,0.1204036,-4.0393752,-0.1204036,"China"
812,38,-0.672049,35,"Laos",1983,"Middle East","Laos",TRUE,2.976955,-0.5689103,3.649004,0.1031387,-3.649004,-0.1031387,"China"
812,39,-1.205909,33,"Laos",1984,"Middle East","Laos",TRUE,3.013022,-0.448782,4.218931,0.757127,-4.218931,-0.757127,"China"
812,40,-1.444701,31,"Laos",1985,"Middle East","Laos",TRUE,2.916868,-0.4427453,4.361569,1.0019557,-4.361569,-1.0019557,"China"
812,41,-1.361166,29,"Laos",1986,"Middle East","Laos",TRUE,2.877559,-0.4889138,4.238725,0.8722522,-4.238725,-0.8722522,"China"
812,42,-1.098481,29,"Laos",1987,"Middle East","Laos",TRUE,3.195609,-0.5554947,4.29409,0.5429863,-4.29409,-0.5429863,"China"
812,43,-0.8553175,30,"Laos",1988,"Middle East","Laos",TRUE,2.87798,-0.6005995,3.7332975,0.254718,-3.7332975,-0.254718,"China"
812,44,-0.7796063,29,"Laos",1989,"Middle East","Laos",TRUE,2.840029,-0.5993323,3.6196353,0.180274,-3.6196353,-0.180274,"China"
812,45,-0.7281433,27,"Laos",1990,"Middle East","Laos",TRUE,2.809386,-0.6725054,3.5375293,0.0556379,-3.5375293,-0.0556379,"China"
812,46,-0.75626,28,"Laos",1991,"Middle East","Laos",TRUE,2.853312,-0.7190262,3.609572,0.0372338000000001,-3.609572,-0.0372338000000001,"China"
812,47,-0.8122522,26,"Laos",1992,"Middle East","Laos",TRUE,2.942785,-0.7888054,3.7550372,0.0234468,-3.7550372,-0.0234468,"China"
812,48,-0.8252316,19,"Laos",1993,"Middle East","Laos",TRUE,3.114255,-0.9012409,3.9394866,0.0760093000000001,-3.9394866,0.0760093000000001,"China"
812,49,-0.9049708,18,"Laos",1994,"Middle East","Laos",TRUE,3.711992,-1.004672,4.6169628,0.0997012,-4.6169628,0.0997012,"China"
812,50,-0.9981952,19,"Laos",1995,"Middle East","Laos",TRUE,3.866298,-1.136166,4.8644932,0.1379708,-4.8644932,0.1379708,"China"
812,51,-0.948914,21,"Laos",1996,"Middle East","Laos",TRUE,4.117969,-1.028187,5.066883,0.0792729999999999,-5.066883,0.0792729999999999,"China"
812,52,-0.9815451,20,"Laos",1997,"Middle East","Laos",TRUE,4.164798,-1.053192,5.1463431,0.0716469,-5.1463431,0.0716469,"China"
812,53,-0.8829811,21,"Laos",1998,"Middle East","Laos",TRUE,3.49087,-0.9322571,4.3738511,0.049276,-4.3738511,0.049276,"China"
812,54,-0.8349445,21,"Laos",1999,"Middle East","Laos",TRUE,3.370431,-0.8779334,4.2053755,0.0429889,-4.2053755,0.0429889,"China"
812,55,-0.7936583,22,"Laos",2000,"Middle East","Laos",TRUE,3.334748,-0.7666886,4.1284063,0.0269697,-4.1284063,-0.0269697,"China"
812,56,-0.7791794,22,"Laos",2001,"Middle East","Laos",TRUE,3.330121,-0.7318135,4.1093004,0.0473659,-4.1093004,-0.0473659,"China"
812,57,-0.7460968,22,"Laos",2002,"Middle East","Laos",TRUE,3.199743,-0.7808828,3.9458398,0.034786,-3.9458398,0.034786,"China"
812,58,-0.7452884,18,"Laos",2003,"Middle East","Laos",TRUE,3.101676,-0.8988063,3.8469644,0.1535179,-3.8469644,0.1535179,"China"
812,59,-0.7845139,16,"Laos",2004,"Middle East","Laos",TRUE,2.98883,-0.8500635,3.7733439,0.0655496,-3.7733439,0.0655496,"China"
812,60,-0.7538926,15,"Laos",2005,"Middle East","Laos",TRUE,2.917548,-0.809632,3.6714406,0.0557394,-3.6714406,0.0557394,"China"
812,61,-0.7063668,18,"Laos",2006,"Middle East","Laos",TRUE,2.89344,-0.7389137,3.5998068,0.0325469,-3.5998068,0.0325469,"China"
812,62,-0.679801,15,"Laos",2007,"Middle East","Laos",TRUE,2.776826,-0.7049863,3.456627,0.0251853,-3.456627,0.0251853,"China"
812,63,-0.651795,16,"Laos",2008,"Middle East","Laos",TRUE,2.784284,-0.7100522,3.436079,0.0582572,-3.436079,0.0582572,"China"
812,64,-0.6438876,16,"Laos",2009,"Middle East","Laos",TRUE,2.763938,-0.692108,3.4078256,0.0482203999999999,-3.4078256,0.0482203999999999,"China"
812,65,-0.6399297,16,"Laos",2010,"Middle East","Laos",TRUE,2.7001,-0.7163737,3.3400297,0.076444,-3.3400297,0.076444,"China"
812,66,-0.6795972,15,"Laos",2011,"Middle East","Laos",TRUE,2.617484,-0.6480271,3.2970812,0.0315701,-3.2970812,-0.0315701,"China"
812,67,-0.7108581,16,"Laos",2012,"Middle East","Laos",TRUE,2.603581,-0.6652528,3.3144391,0.0456053000000001,-3.3144391,-0.0456053000000001,"China"
812,68,-0.7125576,16,"Laos",2013,"Middle East","Laos",TRUE,2.65013,-0.6698263,3.3626876,0.0427313,-3.3626876,-0.0427313,"China"
812,69,-0.7249803,15,"Laos",2014,"Middle East","Laos",TRUE,2.676415,-0.7454046,3.4013953,0.0204243,-3.4013953,0.0204243,"China"
812,70,-0.7349309,14,"Laos",2015,"Middle East","Laos",TRUE,2.64551,-0.7610861,3.3804409,0.0261551999999999,-3.3804409,0.0261551999999999,"China"
812,71,-0.786566,13,"Laos",2016,"Middle East","Laos",TRUE,2.650488,-0.7818664,3.437054,0.00469960000000003,-3.437054,-0.00469960000000003,"China"
812,72,-0.7639111,17,"Laos",2017,"Middle East","Laos",TRUE,2.591945,-0.7561805,3.3558561,0.00773059999999992,-3.3558561,-0.00773059999999992,"China"
812,73,-0.7669188,16,"Laos",2018,"Middle East","Laos",TRUE,2.707386,-0.7456449,3.4743048,0.0212739,-3.4743048,-0.0212739,"China"
812,74,-0.7861924,14,"Laos",2019,"Middle East","Laos",TRUE,2.717197,-0.7452046,3.5033894,0.0409878,-3.5033894,-0.0409878,"China"
816,32,-1.042625,12,"Vietnam",1977,"Middle East","Vietnam",TRUE,3.262663,-1.14764,4.305288,0.105015,-4.305288,0.105015,"China"
816,33,-1.075751,15,"Vietnam",1978,"Middle East","Vietnam",TRUE,3.318952,-1.13164,4.394703,0.0558890000000001,-4.394703,0.0558890000000001,"China"
816,34,-0.996881,19,"Vietnam",1979,"Middle East","Vietnam",TRUE,3.157219,-0.9871394,4.1541,0.00974160000000002,-4.1541,-0.00974160000000002,"China"
816,35,-0.9466231,20,"Vietnam",1980,"Middle East","Vietnam",TRUE,3.183525,-0.9298287,4.1301481,0.0167944000000001,-4.1301481,-0.0167944000000001,"China"
816,36,-0.9677578,33,"Vietnam",1981,"Middle East","Vietnam",TRUE,3.479355,-0.7620469,4.4471128,0.2057109,-4.4471128,-0.2057109,"China"
816,37,-1.066378,33,"Vietnam",1982,"Middle East","Vietnam",TRUE,3.287364,-0.6316076,4.353742,0.4347704,-4.353742,-0.4347704,"China"
816,38,-1.09977,36,"Vietnam",1983,"Middle East","Vietnam",TRUE,2.976955,-0.5689103,4.076725,0.5308597,-4.076725,-0.5308597,"China"
816,39,-1.342053,33,"Vietnam",1984,"Middle East","Vietnam",TRUE,3.013022,-0.448782,4.355075,0.893271,-4.355075,-0.893271,"China"
816,40,-1.453953,31,"Vietnam",1985,"Middle East","Vietnam",TRUE,2.916868,-0.4427453,4.370821,1.0112077,-4.370821,-1.0112077,"China"
816,41,-1.370776,29,"Vietnam",1986,"Middle East","Vietnam",TRUE,2.877559,-0.4889138,4.248335,0.8818622,-4.248335,-0.8818622,"China"
816,42,-1.309399,30,"Vietnam",1987,"Middle East","Vietnam",TRUE,3.195609,-0.5554947,4.505008,0.7539043,-4.505008,-0.7539043,"China"
816,43,-1.152217,30,"Vietnam",1988,"Middle East","Vietnam",TRUE,2.87798,-0.6005995,4.030197,0.5516175,-4.030197,-0.5516175,"China"
816,44,-0.9141382,29,"Vietnam",1989,"Middle East","Vietnam",TRUE,2.840029,-0.5993323,3.7541672,0.3148059,-3.7541672,-0.3148059,"China"
816,45,-0.7913654,27,"Vietnam",1990,"Middle East","Vietnam",TRUE,2.809386,-0.6725054,3.6007514,0.11886,-3.6007514,-0.11886,"China"
816,46,-0.7900289,28,"Vietnam",1991,"Middle East","Vietnam",TRUE,2.853312,-0.7190262,3.6433409,0.0710027000000001,-3.6433409,-0.0710027000000001,"China"
816,47,-0.7987829,26,"Vietnam",1992,"Middle East","Vietnam",TRUE,2.942785,-0.7888054,3.7415679,0.00997749999999997,-3.7415679,-0.00997749999999997,"China"
816,48,-0.9130559,21,"Vietnam",1993,"Middle East","Vietnam",TRUE,3.114255,-0.9012409,4.0273109,0.011815,-4.0273109,-0.011815,"China"
816,49,-1.018154,19,"Vietnam",1994,"Middle East","Vietnam",TRUE,3.711992,-1.004672,4.730146,0.013482,-4.730146,-0.013482,"China"
816,50,-1.121587,20,"Vietnam",1995,"Middle East","Vietnam",TRUE,3.866298,-1.136166,4.987885,0.0145790000000001,-4.987885,0.0145790000000001,"China"
816,51,-1.089622,22,"Vietnam",1996,"Middle East","Vietnam",TRUE,4.117969,-1.028187,5.207591,0.0614350000000001,-5.207591,-0.0614350000000001,"China"
816,52,-1.086409,22,"Vietnam",1997,"Middle East","Vietnam",TRUE,4.164798,-1.053192,5.251207,0.0332170000000001,-5.251207,-0.0332170000000001,"China"
816,53,-0.9605684,21,"Vietnam",1998,"Middle East","Vietnam",TRUE,3.49087,-0.9322571,4.4514384,0.0283113,-4.4514384,-0.0283113,"China"
816,54,-0.8577743,21,"Vietnam",1999,"Middle East","Vietnam",TRUE,3.370431,-0.8779334,4.2282053,0.0201591,-4.2282053,0.0201591,"China"
816,55,-0.7934215,22,"Vietnam",2000,"Middle East","Vietnam",TRUE,3.334748,-0.7666886,4.1281695,0.0267328999999999,-4.1281695,-0.0267328999999999,"China"
816,56,-0.7567529,21,"Vietnam",2001,"Middle East","Vietnam",TRUE,3.330121,-0.7318135,4.0868739,0.0249393999999999,-4.0868739,-0.0249393999999999,"China"
816,57,-0.7969829,22,"Vietnam",2002,"Middle East","Vietnam",TRUE,3.199743,-0.7808828,3.9967259,0.0161001000000001,-3.9967259,-0.0161001000000001,"China"
816,58,-0.8186734,18,"Vietnam",2003,"Middle East","Vietnam",TRUE,3.101676,-0.8988063,3.9203494,0.0801329,-3.9203494,0.0801329,"China"
816,59,-0.8013872,17,"Vietnam",2004,"Middle East","Vietnam",TRUE,2.98883,-0.8500635,3.7902172,0.0486763,-3.7902172,0.0486763,"China"
816,60,-0.7724201,15,"Vietnam",2005,"Middle East","Vietnam",TRUE,2.917548,-0.809632,3.6899681,0.0372119,-3.6899681,0.0372119,"China"
816,61,-0.7342334,19,"Vietnam",2006,"Middle East","Vietnam",TRUE,2.89344,-0.7389137,3.6276734,0.00468029999999997,-3.6276734,0.00468029999999997,"China"
816,62,-0.7124193,15,"Vietnam",2007,"Middle East","Vietnam",TRUE,2.776826,-0.7049863,3.4892453,0.00743300000000002,-3.4892453,-0.00743300000000002,"China"
816,63,-0.6462072,16,"Vietnam",2008,"Middle East","Vietnam",TRUE,2.784284,-0.7100522,3.4304912,0.063845,-3.4304912,0.063845,"China"
816,64,-0.6479321,16,"Vietnam",2009,"Middle East","Vietnam",TRUE,2.763938,-0.692108,3.4118701,0.0441758999999999,-3.4118701,0.0441758999999999,"China"
816,65,-0.6596046,16,"Vietnam",2010,"Middle East","Vietnam",TRUE,2.7001,-0.7163737,3.3597046,0.0567691,-3.3597046,0.0567691,"China"
816,66,-0.7032818,15,"Vietnam",2011,"Middle East","Vietnam",TRUE,2.617484,-0.6480271,3.3207658,0.0552547,-3.3207658,-0.0552547,"China"
816,67,-0.7109594,16,"Vietnam",2012,"Middle East","Vietnam",TRUE,2.603581,-0.6652528,3.3145404,0.0457066,-3.3145404,-0.0457066,"China"
816,68,-0.7428875,16,"Vietnam",2013,"Middle East","Vietnam",TRUE,2.65013,-0.6698263,3.3930175,0.0730612,-3.3930175,-0.0730612,"China"
816,69,-0.7854878,15,"Vietnam",2014,"Middle East","Vietnam",TRUE,2.676415,-0.7454046,3.4619028,0.0400832,-3.4619028,-0.0400832,"China"
816,70,-0.7655895,14,"Vietnam",2015,"Middle East","Vietnam",TRUE,2.64551,-0.7610861,3.4110995,0.00450340000000005,-3.4110995,-0.00450340000000005,"China"
816,71,-0.7767398,13,"Vietnam",2016,"Middle East","Vietnam",TRUE,2.650488,-0.7818664,3.4272278,0.00512659999999998,-3.4272278,0.00512659999999998,"China"
816,72,-0.761957,17,"Vietnam",2017,"Middle East","Vietnam",TRUE,2.591945,-0.7561805,3.353902,0.00577649999999996,-3.353902,-0.00577649999999996,"China"
816,73,-0.7659224,16,"Vietnam",2018,"Middle East","Vietnam",TRUE,2.707386,-0.7456449,3.4733084,0.0202774999999999,-3.4733084,-0.0202774999999999,"China"
816,74,-0.7672715,14,"Vietnam",2019,"Middle East","Vietnam",TRUE,2.717197,-0.7452046,3.4844685,0.0220669,-3.4844685,-0.0220669,"China"
820,29,-1.089205,9,"Malaysia",1974,"Middle East","Malaysia",TRUE,3.222507,-1.119156,4.311712,0.0299510000000001,-4.311712,0.0299510000000001,"China"
820,30,-1.111353,9,"Malaysia",1975,"Middle East","Malaysia",TRUE,3.160521,-1.153857,4.271874,0.0425039999999999,-4.271874,0.0425039999999999,"China"
820,31,-1.157301,12,"Malaysia",1976,"Middle East","Malaysia",TRUE,3.325877,-1.158594,4.483178,0.00129299999999999,-4.483178,0.00129299999999999,"China"
820,32,-1.121061,13,"Malaysia",1977,"Middle East","Malaysia",TRUE,3.262663,-1.14764,4.383724,0.0265789999999999,-4.383724,0.0265789999999999,"China"
820,33,-1.033084,16,"Malaysia",1978,"Middle East","Malaysia",TRUE,3.318952,-1.13164,4.352036,0.0985560000000001,-4.352036,0.0985560000000001,"China"
820,34,-0.6232057,23,"Malaysia",1979,"Middle East","Malaysia",TRUE,3.157219,-0.9871394,3.7804247,0.3639337,-3.7804247,0.3639337,"China"
820,35,-0.5632259,22,"Malaysia",1980,"Middle East","Malaysia",TRUE,3.183525,-0.9298287,3.7467509,0.3666028,-3.7467509,0.3666028,"China"
820,36,-0.6036754,33,"Malaysia",1981,"Middle East","Malaysia",TRUE,3.479355,-0.7620469,4.0830304,0.1583715,-4.0830304,0.1583715,"China"
820,37,-0.5623292,34,"Malaysia",1982,"Middle East","Malaysia",TRUE,3.287364,-0.6316076,3.8496932,0.0692784000000001,-3.8496932,0.0692784000000001,"China"
820,38,-0.5274208,36,"Malaysia",1983,"Middle East","Malaysia",TRUE,2.976955,-0.5689103,3.5043758,0.0414895,-3.5043758,0.0414895,"China"
820,39,-0.4453029,33,"Malaysia",1984,"Middle East","Malaysia",TRUE,3.013022,-0.448782,3.4583249,0.00347910000000001,-3.4583249,0.00347910000000001,"China"
820,40,-0.4541386,31,"Malaysia",1985,"Middle East","Malaysia",TRUE,2.916868,-0.4427453,3.3710066,0.0113933,-3.3710066,-0.0113933,"China"
820,41,-0.5010471,29,"Malaysia",1986,"Middle East","Malaysia",TRUE,2.877559,-0.4889138,3.3786061,0.0121333,-3.3786061,-0.0121333,"China"
820,42,-0.541088,30,"Malaysia",1987,"Middle East","Malaysia",TRUE,3.195609,-0.5554947,3.736697,0.0144067,-3.736697,0.0144067,"China"
820,43,-0.5966714,30,"Malaysia",1988,"Middle East","Malaysia",TRUE,2.87798,-0.6005995,3.4746514,0.00392809999999999,-3.4746514,0.00392809999999999,"China"
820,44,-0.6138058,29,"Malaysia",1989,"Middle East","Malaysia",TRUE,2.840029,-0.5993323,3.4538348,0.0144734999999999,-3.4538348,-0.0144734999999999,"China"
820,45,-0.6691303,27,"Malaysia",1990,"Middle East","Malaysia",TRUE,2.809386,-0.6725054,3.4785163,0.00337510000000008,-3.4785163,0.00337510000000008,"China"
820,46,-0.7079271,28,"Malaysia",1991,"Middle East","Malaysia",TRUE,2.853312,-0.7190262,3.5612391,0.0110990999999999,-3.5612391,0.0110990999999999,"China"
820,47,-0.7637494,26,"Malaysia",1992,"Middle East","Malaysia",TRUE,2.942785,-0.7888054,3.7065344,0.025056,-3.7065344,0.025056,"China"
820,48,-0.8857094,21,"Malaysia",1993,"Middle East","Malaysia",TRUE,3.114255,-0.9012409,3.9999644,0.0155315,-3.9999644,0.0155315,"China"
820,49,-1.014523,19,"Malaysia",1994,"Middle East","Malaysia",TRUE,3.711992,-1.004672,4.726515,0.00985100000000005,-4.726515,-0.00985100000000005,"China"
820,50,-1.087063,20,"Malaysia",1995,"Middle East","Malaysia",TRUE,3.866298,-1.136166,4.953361,0.0491030000000001,-4.953361,0.0491030000000001,"China"
820,51,-1.070906,22,"Malaysia",1996,"Middle East","Malaysia",TRUE,4.117969,-1.028187,5.188875,0.042719,-5.188875,-0.042719,"China"
820,52,-1.045068,22,"Malaysia",1997,"Middle East","Malaysia",TRUE,4.164798,-1.053192,5.209866,0.0081239999999998,-5.209866,0.0081239999999998,"China"
820,53,-0.8995834,21,"Malaysia",1998,"Middle East","Malaysia",TRUE,3.49087,-0.9322571,4.3904534,0.0326736999999999,-4.3904534,0.0326736999999999,"China"
820,54,-0.8557115,21,"Malaysia",1999,"Middle East","Malaysia",TRUE,3.370431,-0.8779334,4.2261425,0.0222219,-4.2261425,0.0222219,"China"
820,55,-0.8195361,22,"Malaysia",2000,"Middle East","Malaysia",TRUE,3.334748,-0.7666886,4.1542841,0.0528474999999999,-4.1542841,-0.0528474999999999,"China"
820,56,-0.7968012,22,"Malaysia",2001,"Middle East","Malaysia",TRUE,3.330121,-0.7318135,4.1269222,0.0649877,-4.1269222,-0.0649877,"China"
820,57,-0.790155,22,"Malaysia",2002,"Middle East","Malaysia",TRUE,3.199743,-0.7808828,3.989898,0.00927220000000006,-3.989898,-0.00927220000000006,"China"
820,58,-0.8982326,19,"Malaysia",2003,"Middle East","Malaysia",TRUE,3.101676,-0.8988063,3.9999086,0.000573699999999899,-3.9999086,0.000573699999999899,"China"
820,59,-0.8460711,17,"Malaysia",2004,"Middle East","Malaysia",TRUE,2.98883,-0.8500635,3.8349011,0.00399240000000001,-3.8349011,0.00399240000000001,"China"
820,60,-0.8106454,15,"Malaysia",2005,"Middle East","Malaysia",TRUE,2.917548,-0.809632,3.7281934,0.00101339999999994,-3.7281934,-0.00101339999999994,"China"
820,61,-0.7712943,19,"Malaysia",2006,"Middle East","Malaysia",TRUE,2.89344,-0.7389137,3.6647343,0.0323806,-3.6647343,-0.0323806,"China"
820,62,-0.7297159,15,"Malaysia",2007,"Middle East","Malaysia",TRUE,2.776826,-0.7049863,3.5065419,0.0247296,-3.5065419,-0.0247296,"China"
820,63,-0.6760195,16,"Malaysia",2008,"Middle East","Malaysia",TRUE,2.784284,-0.7100522,3.4603035,0.0340327,-3.4603035,0.0340327,"China"
820,64,-0.6688796,16,"Malaysia",2009,"Middle East","Malaysia",TRUE,2.763938,-0.692108,3.4328176,0.0232283999999999,-3.4328176,0.0232283999999999,"China"
820,65,-0.6649656,16,"Malaysia",2010,"Middle East","Malaysia",TRUE,2.7001,-0.7163737,3.3650656,0.0514081,-3.3650656,0.0514081,"China"
820,66,-0.6843076,15,"Malaysia",2011,"Middle East","Malaysia",TRUE,2.617484,-0.6480271,3.3017916,0.0362805,-3.3017916,-0.0362805,"China"
820,67,-0.6864279,16,"Malaysia",2012,"Middle East","Malaysia",TRUE,2.603581,-0.6652528,3.2900089,0.0211751,-3.2900089,-0.0211751,"China"
820,68,-0.7042697,16,"Malaysia",2013,"Middle East","Malaysia",TRUE,2.65013,-0.6698263,3.3543997,0.0344434,-3.3543997,-0.0344434,"China"
820,69,-0.7197626,15,"Malaysia",2014,"Middle East","Malaysia",TRUE,2.676415,-0.7454046,3.3961776,0.0256419999999999,-3.3961776,0.0256419999999999,"China"
820,70,-0.7134279,14,"Malaysia",2015,"Middle East","Malaysia",TRUE,2.64551,-0.7610861,3.3589379,0.0476582,-3.3589379,0.0476582,"China"
820,71,-0.7581481,13,"Malaysia",2016,"Middle East","Malaysia",TRUE,2.650488,-0.7818664,3.4086361,0.0237183,-3.4086361,0.0237183,"China"
820,72,-0.7459748,17,"Malaysia",2017,"Middle East","Malaysia",TRUE,2.591945,-0.7561805,3.3379198,0.0102057,-3.3379198,0.0102057,"China"
820,73,-0.7046033,16,"Malaysia",2018,"Middle East","Malaysia",TRUE,2.707386,-0.7456449,3.4119893,0.0410416,-3.4119893,0.0410416,"China"
820,74,-0.7647953,14,"Malaysia",2019,"Middle East","Malaysia",TRUE,2.717197,-0.7452046,3.4819923,0.0195907,-3.4819923,-0.0195907,"China"
830,29,0.06918811,8,"Singapore",1974,"Middle East","Singapore",TRUE,3.222507,-1.119156,3.15331889,1.18834411,-3.15331889,1.18834411,"China"
830,30,-0.334714,9,"Singapore",1975,"Middle East","Singapore",TRUE,3.160521,-1.153857,3.495235,0.819143,-3.495235,0.819143,"China"
830,31,-0.141782,12,"Singapore",1976,"Middle East","Singapore",TRUE,3.325877,-1.158594,3.467659,1.016812,-3.467659,1.016812,"China"
830,32,-0.0880775,13,"Singapore",1977,"Middle East","Singapore",TRUE,3.262663,-1.14764,3.3507405,1.0595625,-3.3507405,1.0595625,"China"
830,33,0.1878442,16,"Singapore",1978,"Middle East","Singapore",TRUE,3.318952,-1.13164,3.1311078,1.3194842,-3.1311078,1.3194842,"China"
830,34,0.3396975,23,"Singapore",1979,"Middle East","Singapore",TRUE,3.157219,-0.9871394,2.8175215,1.3268369,-2.8175215,1.3268369,"China"
830,35,0.1988186,21,"Singapore",1980,"Middle East","Singapore",TRUE,3.183525,-0.9298287,2.9847064,1.1286473,-2.9847064,1.1286473,"China"
830,36,0.2368946,29,"Singapore",1981,"Middle East","Singapore",TRUE,3.479355,-0.7620469,3.2424604,0.9989415,-3.2424604,0.9989415,"China"
830,37,0.2989932,30,"Singapore",1982,"Middle East","Singapore",TRUE,3.287364,-0.6316076,2.9883708,0.9306008,-2.9883708,0.9306008,"China"
830,38,0.09991594,34,"Singapore",1983,"Middle East","Singapore",TRUE,2.976955,-0.5689103,2.87703906,0.66882624,-2.87703906,0.66882624,"China"
830,39,-0.0255303,31,"Singapore",1984,"Middle East","Singapore",TRUE,3.013022,-0.448782,3.0385523,0.4232517,-3.0385523,0.4232517,"China"
830,40,-0.005440521,28,"Singapore",1985,"Middle East","Singapore",TRUE,2.916868,-0.4427453,2.922308521,0.437304779,-2.922308521,0.437304779,"China"
830,41,-0.01110526,26,"Singapore",1986,"Middle East","Singapore",TRUE,2.877559,-0.4889138,2.88866426,0.47780854,-2.88866426,0.47780854,"China"
830,42,0.2806008,29,"Singapore",1987,"Middle East","Singapore",TRUE,3.195609,-0.5554947,2.9150082,0.8360955,-2.9150082,0.8360955,"China"
830,43,0.1944529,30,"Singapore",1988,"Middle East","Singapore",TRUE,2.87798,-0.6005995,2.6835271,0.7950524,-2.6835271,0.7950524,"China"
830,44,0.09401133,29,"Singapore",1989,"Middle East","Singapore",TRUE,2.840029,-0.5993323,2.74601767,0.69334363,-2.74601767,0.69334363,"China"
830,45,0.05952736,27,"Singapore",1990,"Middle East","Singapore",TRUE,2.809386,-0.6725054,2.74985864,0.73203276,-2.74985864,0.73203276,"China"
830,46,-0.1655931,28,"Singapore",1991,"Middle East","Singapore",TRUE,2.853312,-0.7190262,3.0189051,0.5534331,-3.0189051,0.5534331,"China"
830,47,-0.03673138,26,"Singapore",1992,"Middle East","Singapore",TRUE,2.942785,-0.7888054,2.97951638,0.75207402,-2.97951638,0.75207402,"China"
830,48,-0.1735049,21,"Singapore",1993,"Middle East","Singapore",TRUE,3.114255,-0.9012409,3.2877599,0.727736,-3.2877599,0.727736,"China"
830,49,-0.1225778,19,"Singapore",1994,"Middle East","Singapore",TRUE,3.711992,-1.004672,3.8345698,0.8820942,-3.8345698,0.8820942,"China"
830,50,-0.2056925,20,"Singapore",1995,"Middle East","Singapore",TRUE,3.866298,-1.136166,4.0719905,0.9304735,-4.0719905,0.9304735,"China"
830,51,-0.03595664,22,"Singapore",1996,"Middle East","Singapore",TRUE,4.117969,-1.028187,4.15392564,0.99223036,-4.15392564,0.99223036,"China"
830,52,0.009318852,22,"Singapore",1997,"Middle East","Singapore",TRUE,4.164798,-1.053192,4.155479148,1.062510852,-4.155479148,1.062510852,"China"
830,53,0.1155395,21,"Singapore",1998,"Middle East","Singapore",TRUE,3.49087,-0.9322571,3.3753305,1.0477966,-3.3753305,1.0477966,"China"
830,54,-0.1496298,21,"Singapore",1999,"Middle East","Singapore",TRUE,3.370431,-0.8779334,3.5200608,0.7283036,-3.5200608,0.7283036,"China"
830,55,-0.2158549,22,"Singapore",2000,"Middle East","Singapore",TRUE,3.334748,-0.7666886,3.5506029,0.5508337,-3.5506029,0.5508337,"China"
830,56,-0.427648,22,"Singapore",2001,"Middle East","Singapore",TRUE,3.330121,-0.7318135,3.757769,0.3041655,-3.757769,0.3041655,"China"
830,57,-0.5925312,22,"Singapore",2002,"Middle East","Singapore",TRUE,3.199743,-0.7808828,3.7922742,0.1883516,-3.7922742,0.1883516,"China"
830,58,-0.6698044,19,"Singapore",2003,"Middle East","Singapore",TRUE,3.101676,-0.8988063,3.7714804,0.2290019,-3.7714804,0.2290019,"China"
830,59,-0.7673079,17,"Singapore",2004,"Middle East","Singapore",TRUE,2.98883,-0.8500635,3.7561379,0.0827555999999999,-3.7561379,0.0827555999999999,"China"
830,60,-0.7346553,15,"Singapore",2005,"Middle East","Singapore",TRUE,2.917548,-0.809632,3.6522033,0.0749767,-3.6522033,0.0749767,"China"
830,61,-0.7268835,19,"Singapore",2006,"Middle East","Singapore",TRUE,2.89344,-0.7389137,3.6203235,0.0120302,-3.6203235,0.0120302,"China"
830,62,-0.7021437,15,"Singapore",2007,"Middle East","Singapore",TRUE,2.776826,-0.7049863,3.4789697,0.00284259999999992,-3.4789697,0.00284259999999992,"China"
830,63,-0.6856135,16,"Singapore",2008,"Middle East","Singapore",TRUE,2.784284,-0.7100522,3.4698975,0.0244387,-3.4698975,0.0244387,"China"
830,64,-0.6896942,16,"Singapore",2009,"Middle East","Singapore",TRUE,2.763938,-0.692108,3.4536322,0.00241379999999991,-3.4536322,0.00241379999999991,"China"
830,65,-0.6701896,16,"Singapore",2010,"Middle East","Singapore",TRUE,2.7001,-0.7163737,3.3702896,0.0461841,-3.3702896,0.0461841,"China"
830,66,-0.6542909,15,"Singapore",2011,"Middle East","Singapore",TRUE,2.617484,-0.6480271,3.2717749,0.00626380000000004,-3.2717749,-0.00626380000000004,"China"
830,67,-0.2856941,16,"Singapore",2012,"Middle East","Singapore",TRUE,2.603581,-0.6652528,2.8892751,0.3795587,-2.8892751,0.3795587,"China"
830,68,-0.5175664,16,"Singapore",2013,"Middle East","Singapore",TRUE,2.65013,-0.6698263,3.1676964,0.1522599,-3.1676964,0.1522599,"China"
830,69,-0.678103,15,"Singapore",2014,"Middle East","Singapore",TRUE,2.676415,-0.7454046,3.354518,0.0673016,-3.354518,0.0673016,"China"
830,70,-0.6911069,14,"Singapore",2015,"Middle East","Singapore",TRUE,2.64551,-0.7610861,3.3366169,0.0699792,-3.3366169,0.0699792,"China"
830,71,-0.7227881,13,"Singapore",2016,"Middle East","Singapore",TRUE,2.650488,-0.7818664,3.3732761,0.0590782999999999,-3.3732761,0.0590782999999999,"China"
830,72,-0.7458586,17,"Singapore",2017,"Middle East","Singapore",TRUE,2.591945,-0.7561805,3.3378036,0.0103219,-3.3378036,0.0103219,"China"
830,73,-0.7282656,16,"Singapore",2018,"Middle East","Singapore",TRUE,2.707386,-0.7456449,3.4356516,0.0173793000000001,-3.4356516,0.0173793000000001,"China"
830,74,-0.741541,14,"Singapore",2019,"Middle East","Singapore",TRUE,2.717197,-0.7452046,3.458738,0.00366359999999999,-3.458738,0.00366359999999999,"China"
835,39,-0.4405315,33,"Brunei",1984,"Middle East","Brunei",TRUE,3.013022,-0.448782,3.4535535,0.00825049999999999,-3.4535535,0.00825049999999999,"China"
835,40,-0.4280014,31,"Brunei",1985,"Middle East","Brunei",TRUE,2.916868,-0.4427453,3.3448694,0.0147439,-3.3448694,0.0147439,"China"
835,41,-0.4988161,29,"Brunei",1986,"Middle East","Brunei",TRUE,2.877559,-0.4889138,3.3763751,0.00990229999999998,-3.3763751,-0.00990229999999998,"China"
835,42,-0.535946,30,"Brunei",1987,"Middle East","Brunei",TRUE,3.195609,-0.5554947,3.731555,0.0195487,-3.731555,0.0195487,"China"
835,43,-0.6306737,30,"Brunei",1988,"Middle East","Brunei",TRUE,2.87798,-0.6005995,3.5086537,0.0300742000000001,-3.5086537,-0.0300742000000001,"China"
835,44,-0.6488364,29,"Brunei",1989,"Middle East","Brunei",TRUE,2.840029,-0.5993323,3.4888654,0.0495040999999999,-3.4888654,-0.0495040999999999,"China"
835,45,-0.6917878,27,"Brunei",1990,"Middle East","Brunei",TRUE,2.809386,-0.6725054,3.5011738,0.0192823999999999,-3.5011738,-0.0192823999999999,"China"
835,46,-0.7010546,28,"Brunei",1991,"Middle East","Brunei",TRUE,2.853312,-0.7190262,3.5543666,0.0179716,-3.5543666,0.0179716,"China"
835,47,-0.7836194,26,"Brunei",1992,"Middle East","Brunei",TRUE,2.942785,-0.7888054,3.7264044,0.00518600000000002,-3.7264044,0.00518600000000002,"China"
835,48,-0.8916373,21,"Brunei",1993,"Middle East","Brunei",TRUE,3.114255,-0.9012409,4.0058923,0.00960360000000005,-4.0058923,0.00960360000000005,"China"
835,49,-1.062569,19,"Brunei",1994,"Middle East","Brunei",TRUE,3.711992,-1.004672,4.774561,0.0578970000000001,-4.774561,-0.0578970000000001,"China"
835,50,-1.154872,20,"Brunei",1995,"Middle East","Brunei",TRUE,3.866298,-1.136166,5.02117,0.0187059999999999,-5.02117,-0.0187059999999999,"China"
835,51,-1.054026,22,"Brunei",1996,"Middle East","Brunei",TRUE,4.117969,-1.028187,5.171995,0.0258389999999999,-5.171995,-0.0258389999999999,"China"
835,52,-1.015958,22,"Brunei",1997,"Middle East","Brunei",TRUE,4.164798,-1.053192,5.180756,0.037234,-5.180756,0.037234,"China"
835,53,-0.9455819,21,"Brunei",1998,"Middle East","Brunei",TRUE,3.49087,-0.9322571,4.4364519,0.0133248,-4.4364519,-0.0133248,"China"
835,54,-0.8371324,20,"Brunei",1999,"Middle East","Brunei",TRUE,3.370431,-0.8779334,4.2075634,0.040801,-4.2075634,0.040801,"China"
835,55,-0.7561854,22,"Brunei",2000,"Middle East","Brunei",TRUE,3.334748,-0.7666886,4.0909334,0.0105032,-4.0909334,0.0105032,"China"
835,56,-0.7496137,20,"Brunei",2001,"Middle East","Brunei",TRUE,3.330121,-0.7318135,4.0797347,0.0178002,-4.0797347,-0.0178002,"China"
835,57,-0.7720208,22,"Brunei",2002,"Middle East","Brunei",TRUE,3.199743,-0.7808828,3.9717638,0.00886200000000004,-3.9717638,0.00886200000000004,"China"
835,58,-0.8658563,19,"Brunei",2003,"Middle East","Brunei",TRUE,3.101676,-0.8988063,3.9675323,0.0329499999999999,-3.9675323,0.0329499999999999,"China"
835,59,-0.8335108,17,"Brunei",2004,"Middle East","Brunei",TRUE,2.98883,-0.8500635,3.8223408,0.0165527,-3.8223408,0.0165527,"China"
835,60,-0.7913464,15,"Brunei",2005,"Middle East","Brunei",TRUE,2.917548,-0.809632,3.7088944,0.0182856,-3.7088944,0.0182856,"China"
835,61,-0.7470242,19,"Brunei",2006,"Middle East","Brunei",TRUE,2.89344,-0.7389137,3.6404642,0.00811050000000002,-3.6404642,-0.00811050000000002,"China"
835,62,-0.6929676,15,"Brunei",2007,"Middle East","Brunei",TRUE,2.776826,-0.7049863,3.4697936,0.0120186999999999,-3.4697936,0.0120186999999999,"China"
835,63,-0.6985117,16,"Brunei",2008,"Middle East","Brunei",TRUE,2.784284,-0.7100522,3.4827957,0.0115405000000001,-3.4827957,0.0115405000000001,"China"
835,64,-0.699524,16,"Brunei",2009,"Middle East","Brunei",TRUE,2.763938,-0.692108,3.463462,0.00741600000000009,-3.463462,-0.00741600000000009,"China"
835,65,-0.6763373,16,"Brunei",2010,"Middle East","Brunei",TRUE,2.7001,-0.7163737,3.3764373,0.0400364,-3.3764373,0.0400364,"China"
835,66,-0.6696804,15,"Brunei",2011,"Middle East","Brunei",TRUE,2.617484,-0.6480271,3.2871644,0.0216533,-3.2871644,-0.0216533,"China"
835,67,-0.6796245,16,"Brunei",2012,"Middle East","Brunei",TRUE,2.603581,-0.6652528,3.2832055,0.0143717,-3.2832055,-0.0143717,"China"
835,68,-0.7029414,16,"Brunei",2013,"Middle East","Brunei",TRUE,2.65013,-0.6698263,3.3530714,0.0331151000000001,-3.3530714,-0.0331151000000001,"China"
835,69,-0.7266026,15,"Brunei",2014,"Middle East","Brunei",TRUE,2.676415,-0.7454046,3.4030176,0.018802,-3.4030176,0.018802,"China"
835,70,-0.7456424,14,"Brunei",2015,"Middle East","Brunei",TRUE,2.64551,-0.7610861,3.3911524,0.0154436999999999,-3.3911524,0.0154436999999999,"China"
835,71,-0.7538817,13,"Brunei",2016,"Middle East","Brunei",TRUE,2.650488,-0.7818664,3.4043697,0.0279847,-3.4043697,0.0279847,"China"
835,72,-0.7942455,17,"Brunei",2017,"Middle East","Brunei",TRUE,2.591945,-0.7561805,3.3861905,0.038065,-3.3861905,-0.038065,"China"
835,73,-0.7729728,16,"Brunei",2018,"Middle East","Brunei",TRUE,2.707386,-0.7456449,3.4803588,0.0273279,-3.4803588,-0.0273279,"China"
835,74,-0.7725438,14,"Brunei",2019,"Middle East","Brunei",TRUE,2.717197,-0.7452046,3.4897408,0.0273392,-3.4897408,-0.0273392,"China"
840,29,-1.115632,9,"Philippines",1974,"Middle East","Philippines",TRUE,3.222507,-1.119156,4.338139,0.00352400000000008,-4.338139,0.00352400000000008,"China"
840,30,-1.102208,9,"Philippines",1975,"Middle East","Philippines",TRUE,3.160521,-1.153857,4.262729,0.0516489999999998,-4.262729,0.0516489999999998,"China"
840,31,-1.129673,12,"Philippines",1976,"Middle East","Philippines",TRUE,3.325877,-1.158594,4.45555,0.028921,-4.45555,0.028921,"China"
840,32,-1.069842,12,"Philippines",1977,"Middle East","Philippines",TRUE,3.262663,-1.14764,4.332505,0.077798,-4.332505,0.077798,"China"
840,33,-0.2583567,16,"Philippines",1978,"Middle East","Philippines",TRUE,3.318952,-1.13164,3.5773087,0.8732833,-3.5773087,0.8732833,"China"
840,34,0.07790073,23,"Philippines",1979,"Middle East","Philippines",TRUE,3.157219,-0.9871394,3.07931827,1.06504013,-3.07931827,1.06504013,"China"
840,35,-0.0758455,22,"Philippines",1980,"Middle East","Philippines",TRUE,3.183525,-0.9298287,3.2593705,0.8539832,-3.2593705,0.8539832,"China"
840,36,-0.1486353,33,"Philippines",1981,"Middle East","Philippines",TRUE,3.479355,-0.7620469,3.6279903,0.6134116,-3.6279903,0.6134116,"China"
840,37,0.08654333,34,"Philippines",1982,"Middle East","Philippines",TRUE,3.287364,-0.6316076,3.20082067,0.71815093,-3.20082067,0.71815093,"China"
840,38,0.1591886,35,"Philippines",1983,"Middle East","Philippines",TRUE,2.976955,-0.5689103,2.8177664,0.7280989,-2.8177664,0.7280989,"China"
840,39,-0.03348271,32,"Philippines",1984,"Middle East","Philippines",TRUE,3.013022,-0.448782,3.04650471,0.41529929,-3.04650471,0.41529929,"China"
840,40,-0.1028219,30,"Philippines",1985,"Middle East","Philippines",TRUE,2.916868,-0.4427453,3.0196899,0.3399234,-3.0196899,0.3399234,"China"
840,41,-0.1539091,29,"Philippines",1986,"Middle East","Philippines",TRUE,2.877559,-0.4889138,3.0314681,0.3350047,-3.0314681,0.3350047,"China"
840,42,-0.1021749,29,"Philippines",1987,"Middle East","Philippines",TRUE,3.195609,-0.5554947,3.2977839,0.4533198,-3.2977839,0.4533198,"China"
840,43,-0.1441156,30,"Philippines",1988,"Middle East","Philippines",TRUE,2.87798,-0.6005995,3.0220956,0.4564839,-3.0220956,0.4564839,"China"
840,44,-0.1414738,29,"Philippines",1989,"Middle East","Philippines",TRUE,2.840029,-0.5993323,2.9815028,0.4578585,-2.9815028,0.4578585,"China"
840,45,-0.465506,27,"Philippines",1990,"Middle East","Philippines",TRUE,2.809386,-0.6725054,3.274892,0.2069994,-3.274892,0.2069994,"China"
840,46,-0.6219962,27,"Philippines",1991,"Middle East","Philippines",TRUE,2.853312,-0.7190262,3.4753082,0.0970299999999999,-3.4753082,0.0970299999999999,"China"
840,47,-0.7122382,26,"Philippines",1992,"Middle East","Philippines",TRUE,2.942785,-0.7888054,3.6550232,0.0765671999999999,-3.6550232,0.0765671999999999,"China"
840,48,-0.9156296,21,"Philippines",1993,"Middle East","Philippines",TRUE,3.114255,-0.9012409,4.0298846,0.0143887,-4.0298846,-0.0143887,"China"
840,49,-1.000927,19,"Philippines",1994,"Middle East","Philippines",TRUE,3.711992,-1.004672,4.712919,0.00374500000000011,-4.712919,0.00374500000000011,"China"
840,50,-1.120516,20,"Philippines",1995,"Middle East","Philippines",TRUE,3.866298,-1.136166,4.986814,0.0156499999999999,-4.986814,0.0156499999999999,"China"
840,51,-1.090276,22,"Philippines",1996,"Middle East","Philippines",TRUE,4.117969,-1.028187,5.208245,0.0620890000000001,-5.208245,-0.0620890000000001,"China"
840,52,-1.049513,22,"Philippines",1997,"Middle East","Philippines",TRUE,4.164798,-1.053192,5.214311,0.00367899999999999,-5.214311,0.00367899999999999,"China"
840,53,-0.8825508,21,"Philippines",1998,"Middle East","Philippines",TRUE,3.49087,-0.9322571,4.3734208,0.0497063,-4.3734208,0.0497063,"China"
840,54,-0.8379524,21,"Philippines",1999,"Middle East","Philippines",TRUE,3.370431,-0.8779334,4.2083834,0.0399809999999999,-4.2083834,0.0399809999999999,"China"
840,55,-0.8146067,22,"Philippines",2000,"Middle East","Philippines",TRUE,3.334748,-0.7666886,4.1493547,0.0479181,-4.1493547,-0.0479181,"China"
840,56,-0.7314427,22,"Philippines",2001,"Middle East","Philippines",TRUE,3.330121,-0.7318135,4.0615637,0.000370800000000004,-4.0615637,0.000370800000000004,"China"
840,57,-0.7556676,22,"Philippines",2002,"Middle East","Philippines",TRUE,3.199743,-0.7808828,3.9554106,0.0252152,-3.9554106,0.0252152,"China"
840,58,-0.728502,18,"Philippines",2003,"Middle East","Philippines",TRUE,3.101676,-0.8988063,3.830178,0.1703043,-3.830178,0.1703043,"China"
840,59,-0.2724607,16,"Philippines",2004,"Middle East","Philippines",TRUE,2.98883,-0.8500635,3.2612907,0.5776028,-3.2612907,0.5776028,"China"
840,60,-0.07154967,15,"Philippines",2005,"Middle East","Philippines",TRUE,2.917548,-0.809632,2.98909767,0.73808233,-2.98909767,0.73808233,"China"
840,61,-0.01380175,19,"Philippines",2006,"Middle East","Philippines",TRUE,2.89344,-0.7389137,2.90724175,0.72511195,-2.90724175,0.72511195,"China"
840,62,0.0163557,15,"Philippines",2007,"Middle East","Philippines",TRUE,2.776826,-0.7049863,2.7604703,0.721342,-2.7604703,0.721342,"China"
840,63,0.04371476,16,"Philippines",2008,"Middle East","Philippines",TRUE,2.784284,-0.7100522,2.74056924,0.75376696,-2.74056924,0.75376696,"China"
840,64,0.01733114,16,"Philippines",2009,"Middle East","Philippines",TRUE,2.763938,-0.692108,2.74660686,0.70943914,-2.74660686,0.70943914,"China"
840,65,0.04638005,16,"Philippines",2010,"Middle East","Philippines",TRUE,2.7001,-0.7163737,2.65371995,0.76275375,-2.65371995,0.76275375,"China"
840,66,0.02372437,15,"Philippines",2011,"Middle East","Philippines",TRUE,2.617484,-0.6480271,2.59375963,0.67175147,-2.59375963,0.67175147,"China"
840,67,-0.06609457,16,"Philippines",2012,"Middle East","Philippines",TRUE,2.603581,-0.6652528,2.66967557,0.59915823,-2.66967557,0.59915823,"China"
840,68,-0.05377955,15,"Philippines",2013,"Middle East","Philippines",TRUE,2.65013,-0.6698263,2.70390955,0.61604675,-2.70390955,0.61604675,"China"
840,69,-0.1425078,14,"Philippines",2014,"Middle East","Philippines",TRUE,2.676415,-0.7454046,2.8189228,0.6028968,-2.8189228,0.6028968,"China"
840,70,-0.1503485,14,"Philippines",2015,"Middle East","Philippines",TRUE,2.64551,-0.7610861,2.7958585,0.6107376,-2.7958585,0.6107376,"China"
840,71,-0.1500555,13,"Philippines",2016,"Middle East","Philippines",TRUE,2.650488,-0.7818664,2.8005435,0.6318109,-2.8005435,0.6318109,"China"
840,72,-0.06069535,17,"Philippines",2017,"Middle East","Philippines",TRUE,2.591945,-0.7561805,2.65264035,0.69548515,-2.65264035,0.69548515,"China"
840,73,-0.1578075,16,"Philippines",2018,"Middle East","Philippines",TRUE,2.707386,-0.7456449,2.8651935,0.5878374,-2.8651935,0.5878374,"China"
840,74,-0.1933849,14,"Philippines",2019,"Middle East","Philippines",TRUE,2.717197,-0.7452046,2.9105819,0.5518197,-2.9105819,0.5518197,"China"
850,29,-1.015091,9,"Indonesia",1974,"Middle East","Indonesia",TRUE,3.222507,-1.119156,4.237598,0.104065,-4.237598,0.104065,"China"
850,30,-1.046859,9,"Indonesia",1975,"Middle East","Indonesia",TRUE,3.160521,-1.153857,4.20738,0.106998,-4.20738,0.106998,"China"
850,31,-1.104394,12,"Indonesia",1976,"Middle East","Indonesia",TRUE,3.325877,-1.158594,4.430271,0.0541999999999998,-4.430271,0.0541999999999998,"China"
850,32,-1.052491,13,"Indonesia",1977,"Middle East","Indonesia",TRUE,3.262663,-1.14764,4.315154,0.0951489999999999,-4.315154,0.0951489999999999,"China"
850,33,-0.9709421,16,"Indonesia",1978,"Middle East","Indonesia",TRUE,3.318952,-1.13164,4.2898941,0.1606979,-4.2898941,0.1606979,"China"
850,34,-0.6438833,23,"Indonesia",1979,"Middle East","Indonesia",TRUE,3.157219,-0.9871394,3.8011023,0.3432561,-3.8011023,0.3432561,"China"
850,35,-0.5884729,22,"Indonesia",1980,"Middle East","Indonesia",TRUE,3.183525,-0.9298287,3.7719979,0.3413558,-3.7719979,0.3413558,"China"
850,36,-0.6322396,33,"Indonesia",1981,"Middle East","Indonesia",TRUE,3.479355,-0.7620469,4.1115946,0.1298073,-4.1115946,0.1298073,"China"
850,37,-0.5776694,34,"Indonesia",1982,"Middle East","Indonesia",TRUE,3.287364,-0.6316076,3.8650334,0.0539382,-3.8650334,0.0539382,"China"
850,38,-0.5433151,36,"Indonesia",1983,"Middle East","Indonesia",TRUE,2.976955,-0.5689103,3.5202701,0.0255951999999999,-3.5202701,0.0255951999999999,"China"
850,39,-0.475841,33,"Indonesia",1984,"Middle East","Indonesia",TRUE,3.013022,-0.448782,3.488863,0.027059,-3.488863,-0.027059,"China"
850,40,-0.4669678,31,"Indonesia",1985,"Middle East","Indonesia",TRUE,2.916868,-0.4427453,3.3838358,0.0242225,-3.3838358,-0.0242225,"China"
850,41,-0.4970795,28,"Indonesia",1986,"Middle East","Indonesia",TRUE,2.877559,-0.4889138,3.3746385,0.0081657,-3.3746385,-0.0081657,"China"
850,42,-0.5522541,30,"Indonesia",1987,"Middle East","Indonesia",TRUE,3.195609,-0.5554947,3.7478631,0.00324060000000004,-3.7478631,0.00324060000000004,"China"
850,43,-0.5808622,30,"Indonesia",1988,"Middle East","Indonesia",TRUE,2.87798,-0.6005995,3.4588422,0.0197373,-3.4588422,0.0197373,"China"
850,44,-0.6353736,29,"Indonesia",1989,"Middle East","Indonesia",TRUE,2.840029,-0.5993323,3.4754026,0.0360412999999999,-3.4754026,-0.0360412999999999,"China"
850,45,-0.6478873,27,"Indonesia",1990,"Middle East","Indonesia",TRUE,2.809386,-0.6725054,3.4572733,0.0246181,-3.4572733,0.0246181,"China"
850,46,-0.656838,28,"Indonesia",1991,"Middle East","Indonesia",TRUE,2.853312,-0.7190262,3.51015,0.0621881999999999,-3.51015,0.0621881999999999,"China"
850,47,-0.7477251,26,"Indonesia",1992,"Middle East","Indonesia",TRUE,2.942785,-0.7888054,3.6905101,0.0410803,-3.6905101,0.0410803,"China"
850,48,-0.9053034,21,"Indonesia",1993,"Middle East","Indonesia",TRUE,3.114255,-0.9012409,4.0195584,0.00406249999999997,-4.0195584,-0.00406249999999997,"China"
850,49,-1.025778,19,"Indonesia",1994,"Middle East","Indonesia",TRUE,3.711992,-1.004672,4.73777,0.0211060000000001,-4.73777,-0.0211060000000001,"China"
850,50,-1.14815,20,"Indonesia",1995,"Middle East","Indonesia",TRUE,3.866298,-1.136166,5.014448,0.011984,-5.014448,-0.011984,"China"
850,51,-1.054217,22,"Indonesia",1996,"Middle East","Indonesia",TRUE,4.117969,-1.028187,5.172186,0.02603,-5.172186,-0.02603,"China"
850,52,-1.0602,22,"Indonesia",1997,"Middle East","Indonesia",TRUE,4.164798,-1.053192,5.224998,0.00700800000000013,-5.224998,-0.00700800000000013,"China"
850,53,-0.9615781,21,"Indonesia",1998,"Middle East","Indonesia",TRUE,3.49087,-0.9322571,4.4524481,0.029321,-4.4524481,-0.029321,"China"
850,54,-0.8621835,21,"Indonesia",1999,"Middle East","Indonesia",TRUE,3.370431,-0.8779334,4.2326145,0.0157499,-4.2326145,0.0157499,"China"
850,55,-0.8232023,22,"Indonesia",2000,"Middle East","Indonesia",TRUE,3.334748,-0.7666886,4.1579503,0.0565137,-4.1579503,-0.0565137,"China"
850,56,-0.8038731,22,"Indonesia",2001,"Middle East","Indonesia",TRUE,3.330121,-0.7318135,4.1339941,0.0720596,-4.1339941,-0.0720596,"China"
850,57,-0.7632841,22,"Indonesia",2002,"Middle East","Indonesia",TRUE,3.199743,-0.7808828,3.9630271,0.0175987,-3.9630271,0.0175987,"China"
850,58,-0.741801,19,"Indonesia",2003,"Middle East","Indonesia",TRUE,3.101676,-0.8988063,3.843477,0.1570053,-3.843477,0.1570053,"China"
850,59,-0.7834607,17,"Indonesia",2004,"Middle East","Indonesia",TRUE,2.98883,-0.8500635,3.7722907,0.0666028,-3.7722907,0.0666028,"China"
850,60,-0.8023726,15,"Indonesia",2005,"Middle East","Indonesia",TRUE,2.917548,-0.809632,3.7199206,0.00725940000000003,-3.7199206,0.00725940000000003,"China"
850,61,-0.7125898,19,"Indonesia",2006,"Middle East","Indonesia",TRUE,2.89344,-0.7389137,3.6060298,0.0263239,-3.6060298,0.0263239,"China"
850,62,-0.6547271,15,"Indonesia",2007,"Middle East","Indonesia",TRUE,2.776826,-0.7049863,3.4315531,0.0502591999999999,-3.4315531,0.0502591999999999,"China"
850,63,-0.6474472,16,"Indonesia",2008,"Middle East","Indonesia",TRUE,2.784284,-0.7100522,3.4317312,0.062605,-3.4317312,0.062605,"China"
850,64,-0.6506821,16,"Indonesia",2009,"Middle East","Indonesia",TRUE,2.763938,-0.692108,3.4146201,0.0414258999999999,-3.4146201,0.0414258999999999,"China"
850,65,-0.6731183,16,"Indonesia",2010,"Middle East","Indonesia",TRUE,2.7001,-0.7163737,3.3732183,0.0432554000000001,-3.3732183,0.0432554000000001,"China"
850,66,-0.6875546,15,"Indonesia",2011,"Middle East","Indonesia",TRUE,2.617484,-0.6480271,3.3050386,0.0395275,-3.3050386,-0.0395275,"China"
850,67,-0.6927601,16,"Indonesia",2012,"Middle East","Indonesia",TRUE,2.603581,-0.6652528,3.2963411,0.0275073,-3.2963411,-0.0275073,"China"
850,68,-0.7256581,16,"Indonesia",2013,"Middle East","Indonesia",TRUE,2.65013,-0.6698263,3.3757881,0.0558318,-3.3757881,-0.0558318,"China"
850,69,-0.7500713,15,"Indonesia",2014,"Middle East","Indonesia",TRUE,2.676415,-0.7454046,3.4264863,0.00466670000000002,-3.4264863,-0.00466670000000002,"China"
850,70,-0.7865731,14,"Indonesia",2015,"Middle East","Indonesia",TRUE,2.64551,-0.7610861,3.4320831,0.025487,-3.4320831,-0.025487,"China"
850,71,-0.7810908,13,"Indonesia",2016,"Middle East","Indonesia",TRUE,2.650488,-0.7818664,3.4315788,0.000775599999999987,-3.4315788,0.000775599999999987,"China"
850,72,-0.8110538,17,"Indonesia",2017,"Middle East","Indonesia",TRUE,2.591945,-0.7561805,3.4029988,0.0548733,-3.4029988,-0.0548733,"China"
850,73,-0.7999536,16,"Indonesia",2018,"Middle East","Indonesia",TRUE,2.707386,-0.7456449,3.5073396,0.0543087,-3.5073396,-0.0543087,"China"
850,74,-0.788455,14,"Indonesia",2019,"Middle East","Indonesia",TRUE,2.717197,-0.7452046,3.505652,0.0432504,-3.505652,-0.0432504,"China"
775,38,0.1952862,8,"Myanmar (Burma)",1983,"Important Votes","Myanmar",TRUE,2.504208,0.01135141,2.3089218,0.18393479,-2.3089218,0.18393479,"China"
775,39,0.5695812,8,"Myanmar (Burma)",1984,"Important Votes","Myanmar",TRUE,2.440089,-0.03546739,1.8705078,0.60504859,-1.8705078,0.60504859,"China"
775,40,-0.005497652,9,"Myanmar (Burma)",1985,"Important Votes","Myanmar",TRUE,2.309937,0.07718604,2.315434652,0.082683692,-2.315434652,-0.082683692,"China"
775,41,0.0453398,10,"Myanmar (Burma)",1986,"Important Votes","Myanmar",TRUE,2.171326,0.002417654,2.1259862,0.042922146,-2.1259862,0.042922146,"China"
775,42,-0.007700818,9,"Myanmar (Burma)",1987,"Important Votes","Myanmar",TRUE,2.451228,0.1640001,2.458928818,0.171700918,-2.458928818,-0.171700918,"China"
775,43,-0.1690045,6,"Myanmar (Burma)",1988,"Important Votes","Myanmar",TRUE,3.02045,0.1968561,3.1894545,0.3658606,-3.1894545,-0.3658606,"China"
775,44,-0.1542548,9,"Myanmar (Burma)",1989,"Important Votes","Myanmar",TRUE,3.392913,0.5495436,3.5471678,0.7037984,-3.5471678,-0.7037984,"China"
775,45,-0.1403734,8,"Myanmar (Burma)",1990,"Important Votes","Myanmar",TRUE,3.325712,0.06364692,3.4660854,0.20402032,-3.4660854,-0.20402032,"China"
775,46,-0.5381998,8,"Myanmar (Burma)",1991,"Important Votes","Myanmar",TRUE,3.262035,-0.4795161,3.8002348,0.0586837,-3.8002348,-0.0586837,"China"
775,47,-1.61799,14,"Myanmar (Burma)",1992,"Important Votes","Myanmar",TRUE,3.345111,-1.388691,4.963101,0.229299,-4.963101,-0.229299,"China"
775,48,-1.401879,11,"Myanmar (Burma)",1993,"Important Votes","Myanmar",TRUE,3.279363,-1.825468,4.681242,0.423589,-4.681242,0.423589,"China"
775,50,-1.306042,28,"Myanmar (Burma)",1995,"Important Votes","Myanmar",TRUE,2.992701,-1.668094,4.298743,0.362052,-4.298743,0.362052,"China"
775,51,-1.410965,11,"Myanmar (Burma)",1996,"Important Votes","Myanmar",TRUE,2.978976,-1.674213,4.389941,0.263248,-4.389941,0.263248,"China"
775,52,-1.560061,11,"Myanmar (Burma)",1997,"Important Votes","Myanmar",TRUE,3.019311,-1.808112,4.579372,0.248051,-4.579372,0.248051,"China"
775,53,-1.1236,10,"Myanmar (Burma)",1998,"Important Votes","Myanmar",TRUE,3.09124,-1.503338,4.21484,0.379738,-4.21484,0.379738,"China"
775,54,-1.160789,13,"Myanmar (Burma)",1999,"Important Votes","Myanmar",TRUE,3.466065,-1.270411,4.626854,0.109622,-4.626854,0.109622,"China"
775,55,-1.442035,10,"Myanmar (Burma)",2000,"Important Votes","Myanmar",TRUE,3.372021,-1.105585,4.814056,0.33645,-4.814056,-0.33645,"China"
775,56,-1.310524,10,"Myanmar (Burma)",2001,"Important Votes","Myanmar",TRUE,3.188321,-1.156745,4.498845,0.153779,-4.498845,-0.153779,"China"
775,57,-1.171921,13,"Myanmar (Burma)",2002,"Important Votes","Myanmar",TRUE,2.992859,-1.135653,4.16478,0.036268,-4.16478,-0.036268,"China"
775,58,-1.608453,12,"Myanmar (Burma)",2003,"Important Votes","Myanmar",TRUE,2.859733,-1.600128,4.468186,0.00832499999999992,-4.468186,-0.00832499999999992,"China"
775,59,-1.610072,8,"Myanmar (Burma)",2004,"Important Votes","Myanmar",TRUE,2.62523,-1.590615,4.235302,0.0194570000000001,-4.235302,-0.0194570000000001,"China"
775,60,-1.290991,10,"Myanmar (Burma)",2005,"Important Votes","Myanmar",TRUE,2.523164,-0.7293021,3.814155,0.5616889,-3.814155,-0.5616889,"China"
775,61,-1.158339,11,"Myanmar (Burma)",2006,"Important Votes","Myanmar",TRUE,2.367331,-1.294494,3.52567,0.136155,-3.52567,0.136155,"China"
775,62,-1.292533,12,"Myanmar (Burma)",2007,"Important Votes","Myanmar",TRUE,2.271071,-1.342925,3.563604,0.050392,-3.563604,0.050392,"China"
775,63,-1.375543,12,"Myanmar (Burma)",2008,"Important Votes","Myanmar",TRUE,2.144936,-1.39157,3.520479,0.016027,-3.520479,0.016027,"China"
775,64,-1.317908,11,"Myanmar (Burma)",2009,"Important Votes","Myanmar",TRUE,2.134013,-1.275397,3.451921,0.0425110000000002,-3.451921,-0.0425110000000002,"China"
775,65,-1.289225,13,"Myanmar (Burma)",2010,"Important Votes","Myanmar",TRUE,1.93649,-1.579828,3.225715,0.290603,-3.225715,0.290603,"China"
775,66,-1.654831,9,"Myanmar (Burma)",2011,"Important Votes","Myanmar",TRUE,2.196673,-1.49349,3.851504,0.161341,-3.851504,-0.161341,"China"
775,67,-1.291868,4,"Myanmar (Burma)",2012,"Important Votes","Myanmar",TRUE,2.368743,-1.485178,3.660611,0.19331,-3.660611,0.19331,"China"
775,68,-1.335169,9,"Myanmar (Burma)",2013,"Important Votes","Myanmar",TRUE,2.4546,-1.21006,3.789769,0.125109,-3.789769,-0.125109,"China"
775,69,-1.167801,13,"Myanmar (Burma)",2014,"Important Votes","Myanmar",TRUE,2.363717,-1.629355,3.531518,0.461554,-3.531518,0.461554,"China"
775,70,-1.121979,13,"Myanmar (Burma)",2015,"Important Votes","Myanmar",TRUE,2.429806,-1.48665,3.551785,0.364671,-3.551785,0.364671,"China"
775,71,-0.7800369,13,"Myanmar (Burma)",2016,"Important Votes","Myanmar",TRUE,2.25332,-1.811443,3.0333569,1.0314061,-3.0333569,1.0314061,"China"
775,72,-0.6300831,10,"Myanmar (Burma)",2017,"Important Votes","Myanmar",TRUE,2.51722,-1.814516,3.1473031,1.1844329,-3.1473031,1.1844329,"China"
775,73,-0.8260196,7,"Myanmar (Burma)",2018,"Important Votes","Myanmar",TRUE,2.667015,-2.021882,3.4930346,1.1958624,-3.4930346,1.1958624,"China"
800,38,0.395725,8,"Thailand",1983,"Important Votes","Thailand",TRUE,2.504208,0.01135141,2.108483,0.38437359,-2.108483,0.38437359,"China"
800,39,0.3501657,8,"Thailand",1984,"Important Votes","Thailand",TRUE,2.440089,-0.03546739,2.0899233,0.38563309,-2.0899233,0.38563309,"China"
800,40,0.2641338,9,"Thailand",1985,"Important Votes","Thailand",TRUE,2.309937,0.07718604,2.0458032,0.18694776,-2.0458032,0.18694776,"China"
800,41,0.199163,8,"Thailand",1986,"Important Votes","Thailand",TRUE,2.171326,0.002417654,1.972163,0.196745346,-1.972163,0.196745346,"China"
800,42,-0.01029288,8,"Thailand",1987,"Important Votes","Thailand",TRUE,2.451228,0.1640001,2.46152088,0.17429298,-2.46152088,-0.17429298,"China"
800,43,-0.07208417,4,"Thailand",1988,"Important Votes","Thailand",TRUE,3.02045,0.1968561,3.09253417,0.26894027,-3.09253417,-0.26894027,"China"
800,44,0.1727359,12,"Thailand",1989,"Important Votes","Thailand",TRUE,3.392913,0.5495436,3.2201771,0.3768077,-3.2201771,-0.3768077,"China"
800,45,0.1602829,7,"Thailand",1990,"Important Votes","Thailand",TRUE,3.325712,0.06364692,3.1654291,0.09663598,-3.1654291,0.09663598,"China"
800,46,-0.1265493,10,"Thailand",1991,"Important Votes","Thailand",TRUE,3.262035,-0.4795161,3.3885843,0.3529668,-3.3885843,0.3529668,"China"
800,47,-0.2813881,16,"Thailand",1992,"Important Votes","Thailand",TRUE,3.345111,-1.388691,3.6264991,1.1073029,-3.6264991,1.1073029,"China"
800,48,-0.4921951,13,"Thailand",1993,"Important Votes","Thailand",TRUE,3.279363,-1.825468,3.7715581,1.3332729,-3.7715581,1.3332729,"China"
800,49,-0.75872,15,"Thailand",1994,"Important Votes","Thailand",TRUE,3.459286,-2.140734,4.218006,1.382014,-4.218006,1.382014,"China"
800,50,-0.6184357,28,"Thailand",1995,"Important Votes","Thailand",TRUE,2.992701,-1.668094,3.6111367,1.0496583,-3.6111367,1.0496583,"China"
800,51,-0.6538424,11,"Thailand",1996,"Important Votes","Thailand",TRUE,2.978976,-1.674213,3.6328184,1.0203706,-3.6328184,1.0203706,"China"
800,52,-0.6219372,11,"Thailand",1997,"Important Votes","Thailand",TRUE,3.019311,-1.808112,3.6412482,1.1861748,-3.6412482,1.1861748,"China"
800,53,-0.6114404,10,"Thailand",1998,"Important Votes","Thailand",TRUE,3.09124,-1.503338,3.7026804,0.8918976,-3.7026804,0.8918976,"China"
800,54,-0.5738593,13,"Thailand",1999,"Important Votes","Thailand",TRUE,3.466065,-1.270411,4.0399243,0.6965517,-4.0399243,0.6965517,"China"
800,55,-0.2554361,10,"Thailand",2000,"Important Votes","Thailand",TRUE,3.372021,-1.105585,3.6274571,0.8501489,-3.6274571,0.8501489,"China"
800,56,-0.656486,10,"Thailand",2001,"Important Votes","Thailand",TRUE,3.188321,-1.156745,3.844807,0.500259,-3.844807,0.500259,"China"
800,57,-0.665636,13,"Thailand",2002,"Important Votes","Thailand",TRUE,2.992859,-1.135653,3.658495,0.470017,-3.658495,0.470017,"China"
800,58,0.02925592,13,"Thailand",2003,"Important Votes","Thailand",TRUE,2.859733,-1.600128,2.83047708,1.62938392,-2.83047708,1.62938392,"China"
800,59,0.3858853,8,"Thailand",2004,"Important Votes","Thailand",TRUE,2.62523,-1.590615,2.2393447,1.9765003,-2.2393447,1.9765003,"China"
800,60,0.2284973,10,"Thailand",2005,"Important Votes","Thailand",TRUE,2.523164,-0.7293021,2.2946667,0.9577994,-2.2946667,0.9577994,"China"
800,61,0.1685258,12,"Thailand",2006,"Important Votes","Thailand",TRUE,2.367331,-1.294494,2.1988052,1.4630198,-2.1988052,1.4630198,"China"
800,62,0.1064267,12,"Thailand",2007,"Important Votes","Thailand",TRUE,2.271071,-1.342925,2.1646443,1.4493517,-2.1646443,1.4493517,"China"
800,63,0.0232193,12,"Thailand",2008,"Important Votes","Thailand",TRUE,2.144936,-1.39157,2.1217167,1.4147893,-2.1217167,1.4147893,"China"
800,64,-0.2304558,12,"Thailand",2009,"Important Votes","Thailand",TRUE,2.134013,-1.275397,2.3644688,1.0449412,-2.3644688,1.0449412,"China"
800,65,-0.2557244,13,"Thailand",2010,"Important Votes","Thailand",TRUE,1.93649,-1.579828,2.1922144,1.3241036,-2.1922144,1.3241036,"China"
800,66,-0.1297666,10,"Thailand",2011,"Important Votes","Thailand",TRUE,2.196673,-1.49349,2.3264396,1.3637234,-2.3264396,1.3637234,"China"
800,67,-0.09261119,8,"Thailand",2012,"Important Votes","Thailand",TRUE,2.368743,-1.485178,2.46135419,1.39256681,-2.46135419,1.39256681,"China"
800,68,-0.04919576,11,"Thailand",2013,"Important Votes","Thailand",TRUE,2.4546,-1.21006,2.50379576,1.16086424,-2.50379576,1.16086424,"China"
800,69,-0.04813714,13,"Thailand",2014,"Important Votes","Thailand",TRUE,2.363717,-1.629355,2.41185414,1.58121786,-2.41185414,1.58121786,"China"
800,70,-0.0446492,13,"Thailand",2015,"Important Votes","Thailand",TRUE,2.429806,-1.48665,2.4744552,1.4420008,-2.4744552,1.4420008,"China"
800,71,-0.1040758,13,"Thailand",2016,"Important Votes","Thailand",TRUE,2.25332,-1.811443,2.3573958,1.7073672,-2.3573958,1.7073672,"China"
800,72,-0.1328188,17,"Thailand",2017,"Important Votes","Thailand",TRUE,2.51722,-1.814516,2.6500388,1.6816972,-2.6500388,1.6816972,"China"
800,73,-0.1079661,16,"Thailand",2018,"Important Votes","Thailand",TRUE,2.667015,-2.021882,2.7749811,1.9139159,-2.7749811,1.9139159,"China"
811,38,0.05985564,7,"Cambodia",1983,"Important Votes","Cambodia",TRUE,2.504208,0.01135141,2.44435236,0.04850423,-2.44435236,0.04850423,"China"
811,39,0.04589448,7,"Cambodia",1984,"Important Votes","Cambodia",TRUE,2.440089,-0.03546739,2.39419452,0.08136187,-2.39419452,0.08136187,"China"
811,40,0.1339443,7,"Cambodia",1985,"Important Votes","Cambodia",TRUE,2.309937,0.07718604,2.1759927,0.05675826,-2.1759927,0.05675826,"China"
811,41,0.1633228,8,"Cambodia",1986,"Important Votes","Cambodia",TRUE,2.171326,0.002417654,2.0080032,0.160905146,-2.0080032,0.160905146,"China"
811,42,0.2923257,7,"Cambodia",1987,"Important Votes","Cambodia",TRUE,2.451228,0.1640001,2.1589023,0.1283256,-2.1589023,0.1283256,"China"
811,43,0.2046967,3,"Cambodia",1988,"Important Votes","Cambodia",TRUE,3.02045,0.1968561,2.8157533,0.0078406,-2.8157533,0.0078406,"China"
811,44,-0.1997695,9,"Cambodia",1989,"Important Votes","Cambodia",TRUE,3.392913,0.5495436,3.5926825,0.7493131,-3.5926825,-0.7493131,"China"
811,46,-0.2056906,5,"Cambodia",1991,"Important Votes","Cambodia",TRUE,3.262035,-0.4795161,3.4677256,0.2738255,-3.4677256,0.2738255,"China"
811,48,-0.3712576,9,"Cambodia",1993,"Important Votes","Cambodia",TRUE,3.279363,-1.825468,3.6506206,1.4542104,-3.6506206,1.4542104,"China"
811,49,0.1018583,11,"Cambodia",1994,"Important Votes","Cambodia",TRUE,3.459286,-2.140734,3.3574277,2.2425923,-3.3574277,2.2425923,"China"
811,50,-0.1195406,14,"Cambodia",1995,"Important Votes","Cambodia",TRUE,2.992701,-1.668094,3.1122416,1.5485534,-3.1122416,1.5485534,"China"
811,51,-0.3065473,11,"Cambodia",1996,"Important Votes","Cambodia",TRUE,2.978976,-1.674213,3.2855233,1.3676657,-3.2855233,1.3676657,"China"
811,54,-0.7403733,11,"Cambodia",1999,"Important Votes","Cambodia",TRUE,3.466065,-1.270411,4.2064383,0.5300377,-4.2064383,0.5300377,"China"
811,55,-0.7977283,9,"Cambodia",2000,"Important Votes","Cambodia",TRUE,3.372021,-1.105585,4.1697493,0.3078567,-4.1697493,0.3078567,"China"
811,56,-0.9420494,9,"Cambodia",2001,"Important Votes","Cambodia",TRUE,3.188321,-1.156745,4.1303704,0.2146956,-4.1303704,0.2146956,"China"
811,57,-1.042472,13,"Cambodia",2002,"Important Votes","Cambodia",TRUE,2.992859,-1.135653,4.035331,0.093181,-4.035331,0.093181,"China"
811,58,-0.648391,13,"Cambodia",2003,"Important Votes","Cambodia",TRUE,2.859733,-1.600128,3.508124,0.951737,-3.508124,0.951737,"China"
811,59,-0.5070126,8,"Cambodia",2004,"Important Votes","Cambodia",TRUE,2.62523,-1.590615,3.1322426,1.0836024,-3.1322426,1.0836024,"China"
811,60,-0.6853513,9,"Cambodia",2005,"Important Votes","Cambodia",TRUE,2.523164,-0.7293021,3.2085153,0.0439508,-3.2085153,0.0439508,"China"
811,61,-0.875148,10,"Cambodia",2006,"Important Votes","Cambodia",TRUE,2.367331,-1.294494,3.242479,0.419346,-3.242479,0.419346,"China"
811,62,-0.3641294,10,"Cambodia",2007,"Important Votes","Cambodia",TRUE,2.271071,-1.342925,2.6352004,0.9787956,-2.6352004,0.9787956,"China"
811,63,-0.529621,10,"Cambodia",2008,"Important Votes","Cambodia",TRUE,2.144936,-1.39157,2.674557,0.861949,-2.674557,0.861949,"China"
811,64,-0.4778742,11,"Cambodia",2009,"Important Votes","Cambodia",TRUE,2.134013,-1.275397,2.6118872,0.7975228,-2.6118872,0.7975228,"China"
811,65,-0.6685605,13,"Cambodia",2010,"Important Votes","Cambodia",TRUE,1.93649,-1.579828,2.6050505,0.9112675,-2.6050505,0.9112675,"China"
811,66,-0.5897906,9,"Cambodia",2011,"Important Votes","Cambodia",TRUE,2.196673,-1.49349,2.7864636,0.9036994,-2.7864636,0.9036994,"China"
811,67,-0.8043693,7,"Cambodia",2012,"Important Votes","Cambodia",TRUE,2.368743,-1.485178,3.1731123,0.6808087,-3.1731123,0.6808087,"China"
811,68,-0.7921217,9,"Cambodia",2013,"Important Votes","Cambodia",TRUE,2.4546,-1.21006,3.2467217,0.4179383,-3.2467217,0.4179383,"China"
811,69,-0.7988739,12,"Cambodia",2014,"Important Votes","Cambodia",TRUE,2.363717,-1.629355,3.1625909,0.8304811,-3.1625909,0.8304811,"China"
811,70,-0.8264562,12,"Cambodia",2015,"Important Votes","Cambodia",TRUE,2.429806,-1.48665,3.2562622,0.6601938,-3.2562622,0.6601938,"China"
811,71,-1.018949,12,"Cambodia",2016,"Important Votes","Cambodia",TRUE,2.25332,-1.811443,3.272269,0.792494,-3.272269,0.792494,"China"
811,72,-0.9464838,17,"Cambodia",2017,"Important Votes","Cambodia",TRUE,2.51722,-1.814516,3.4637038,0.8680322,-3.4637038,0.8680322,"China"
811,73,-1.468934,15,"Cambodia",2018,"Important Votes","Cambodia",TRUE,2.667015,-2.021882,4.135949,0.552948,-4.135949,0.552948,"China"
812,38,-2.177023,8,"Laos",1983,"Important Votes","Laos",TRUE,2.504208,0.01135141,4.681231,2.18837441,-4.681231,-2.18837441,"China"
812,39,-2.115436,8,"Laos",1984,"Important Votes","Laos",TRUE,2.440089,-0.03546739,4.555525,2.07996861,-4.555525,-2.07996861,"China"
812,40,-2.178418,7,"Laos",1985,"Important Votes","Laos",TRUE,2.309937,0.07718604,4.488355,2.25560404,-4.488355,-2.25560404,"China"
812,41,-2.123903,8,"Laos",1986,"Important Votes","Laos",TRUE,2.171326,0.002417654,4.295229,2.126320654,-4.295229,-2.126320654,"China"
812,42,-2.074692,8,"Laos",1987,"Important Votes","Laos",TRUE,2.451228,0.1640001,4.52592,2.2386921,-4.52592,-2.2386921,"China"
812,43,-2.107613,5,"Laos",1988,"Important Votes","Laos",TRUE,3.02045,0.1968561,5.128063,2.3044691,-5.128063,-2.3044691,"China"
812,44,-1.964505,14,"Laos",1989,"Important Votes","Laos",TRUE,3.392913,0.5495436,5.357418,2.5140486,-5.357418,-2.5140486,"China"
812,45,-1.747793,7,"Laos",1990,"Important Votes","Laos",TRUE,3.325712,0.06364692,5.073505,1.81143992,-5.073505,-1.81143992,"China"
812,46,-1.378494,10,"Laos",1991,"Important Votes","Laos",TRUE,3.262035,-0.4795161,4.640529,0.8989779,-4.640529,-0.8989779,"China"
812,47,-1.633425,15,"Laos",1992,"Important Votes","Laos",TRUE,3.345111,-1.388691,4.978536,0.244734,-4.978536,-0.244734,"China"
812,48,-1.380203,10,"Laos",1993,"Important Votes","Laos",TRUE,3.279363,-1.825468,4.659566,0.445265,-4.659566,0.445265,"China"
812,49,-1.562334,9,"Laos",1994,"Important Votes","Laos",TRUE,3.459286,-2.140734,5.02162,0.5784,-5.02162,0.5784,"China"
812,50,-1.065539,24,"Laos",1995,"Important Votes","Laos",TRUE,2.992701,-1.668094,4.05824,0.602555,-4.05824,0.602555,"China"
812,51,-0.9513066,9,"Laos",1996,"Important Votes","Laos",TRUE,2.978976,-1.674213,3.9302826,0.7229064,-3.9302826,0.7229064,"China"
812,52,-1.144502,10,"Laos",1997,"Important Votes","Laos",TRUE,3.019311,-1.808112,4.163813,0.66361,-4.163813,0.66361,"China"
812,53,-1.166583,9,"Laos",1998,"Important Votes","Laos",TRUE,3.09124,-1.503338,4.257823,0.336755,-4.257823,0.336755,"China"
812,54,-1.271878,13,"Laos",1999,"Important Votes","Laos",TRUE,3.466065,-1.270411,4.737943,0.00146700000000011,-4.737943,-0.00146700000000011,"China"
812,55,-1.284068,10,"Laos",2000,"Important Votes","Laos",TRUE,3.372021,-1.105585,4.656089,0.178483,-4.656089,-0.178483,"China"
812,56,-1.270535,10,"Laos",2001,"Important Votes","Laos",TRUE,3.188321,-1.156745,4.458856,0.11379,-4.458856,-0.11379,"China"
812,57,-1.159858,9,"Laos",2002,"Important Votes","Laos",TRUE,2.992859,-1.135653,4.152717,0.024205,-4.152717,-0.024205,"China"
812,58,-0.6282682,11,"Laos",2003,"Important Votes","Laos",TRUE,2.859733,-1.600128,3.4880012,0.9718598,-3.4880012,0.9718598,"China"
812,59,-0.7232429,8,"Laos",2004,"Important Votes","Laos",TRUE,2.62523,-1.590615,3.3484729,0.8673721,-3.3484729,0.8673721,"China"
812,60,-0.6228705,9,"Laos",2005,"Important Votes","Laos",TRUE,2.523164,-0.7293021,3.1460345,0.1064316,-3.1460345,0.1064316,"China"
812,61,-0.7690891,11,"Laos",2006,"Important Votes","Laos",TRUE,2.367331,-1.294494,3.1364201,0.5254049,-3.1364201,0.5254049,"China"
812,62,-0.7839096,12,"Laos",2007,"Important Votes","Laos",TRUE,2.271071,-1.342925,3.0549806,0.5590154,-3.0549806,0.5590154,"China"
812,63,-0.7238157,12,"Laos",2008,"Important Votes","Laos",TRUE,2.144936,-1.39157,2.8687517,0.6677543,-2.8687517,0.6677543,"China"
812,64,-0.6570383,10,"Laos",2009,"Important Votes","Laos",TRUE,2.134013,-1.275397,2.7910513,0.6183587,-2.7910513,0.6183587,"China"
812,65,-0.5793251,12,"Laos",2010,"Important Votes","Laos",TRUE,1.93649,-1.579828,2.5158151,1.0005029,-2.5158151,1.0005029,"China"
812,66,-0.7117117,9,"Laos",2011,"Important Votes","Laos",TRUE,2.196673,-1.49349,2.9083847,0.7817783,-2.9083847,0.7817783,"China"
812,67,-0.6984952,7,"Laos",2012,"Important Votes","Laos",TRUE,2.368743,-1.485178,3.0672382,0.7866828,-3.0672382,0.7866828,"China"
812,68,-0.7665477,11,"Laos",2013,"Important Votes","Laos",TRUE,2.4546,-1.21006,3.2211477,0.4435123,-3.2211477,0.4435123,"China"
812,69,-0.9279078,11,"Laos",2014,"Important Votes","Laos",TRUE,2.363717,-1.629355,3.2916248,0.7014472,-3.2916248,0.7014472,"China"
812,70,-1.20547,11,"Laos",2015,"Important Votes","Laos",TRUE,2.429806,-1.48665,3.635276,0.28118,-3.635276,0.28118,"China"
812,71,-0.8932606,13,"Laos",2016,"Important Votes","Laos",TRUE,2.25332,-1.811443,3.1465806,0.9181824,-3.1465806,0.9181824,"China"
812,72,-0.999587,16,"Laos",2017,"Important Votes","Laos",TRUE,2.51722,-1.814516,3.516807,0.814929,-3.516807,0.814929,"China"
812,73,-0.8612981,16,"Laos",2018,"Important Votes","Laos",TRUE,2.667015,-2.021882,3.5283131,1.1605839,-3.5283131,1.1605839,"China"
816,38,-2.131643,8,"Vietnam",1983,"Important Votes","Vietnam",TRUE,2.504208,0.01135141,4.635851,2.14299441,-4.635851,-2.14299441,"China"
816,39,-2.147412,8,"Vietnam",1984,"Important Votes","Vietnam",TRUE,2.440089,-0.03546739,4.587501,2.11194461,-4.587501,-2.11194461,"China"
816,40,-2.164542,7,"Vietnam",1985,"Important Votes","Vietnam",TRUE,2.309937,0.07718604,4.474479,2.24172804,-4.474479,-2.24172804,"China"
816,41,-2.155835,8,"Vietnam",1986,"Important Votes","Vietnam",TRUE,2.171326,0.002417654,4.327161,2.158252654,-4.327161,-2.158252654,"China"
816,42,-2.052253,8,"Vietnam",1987,"Important Votes","Vietnam",TRUE,2.451228,0.1640001,4.503481,2.2162531,-4.503481,-2.2162531,"China"
816,43,-2.129403,5,"Vietnam",1988,"Important Votes","Vietnam",TRUE,3.02045,0.1968561,5.149853,2.3262591,-5.149853,-2.3262591,"China"
816,44,-1.914872,14,"Vietnam",1989,"Important Votes","Vietnam",TRUE,3.392913,0.5495436,5.307785,2.4644156,-5.307785,-2.4644156,"China"
816,45,-1.804739,7,"Vietnam",1990,"Important Votes","Vietnam",TRUE,3.325712,0.06364692,5.130451,1.86838592,-5.130451,-1.86838592,"China"
816,46,-1.748383,9,"Vietnam",1991,"Important Votes","Vietnam",TRUE,3.262035,-0.4795161,5.010418,1.2688669,-5.010418,-1.2688669,"China"
816,47,-1.77151,16,"Vietnam",1992,"Important Votes","Vietnam",TRUE,3.345111,-1.388691,5.116621,0.382819,-5.116621,-0.382819,"China"
816,48,-1.91173,13,"Vietnam",1993,"Important Votes","Vietnam",TRUE,3.279363,-1.825468,5.191093,0.0862619999999998,-5.191093,-0.0862619999999998,"China"
816,49,-2.100567,13,"Vietnam",1994,"Important Votes","Vietnam",TRUE,3.459286,-2.140734,5.559853,0.0401670000000003,-5.559853,0.0401670000000003,"China"
816,50,-1.626201,26,"Vietnam",1995,"Important Votes","Vietnam",TRUE,2.992701,-1.668094,4.618902,0.041893,-4.618902,0.041893,"China"
816,51,-1.606468,9,"Vietnam",1996,"Important Votes","Vietnam",TRUE,2.978976,-1.674213,4.585444,0.0677449999999999,-4.585444,0.0677449999999999,"China"
816,52,-1.790374,9,"Vietnam",1997,"Important Votes","Vietnam",TRUE,3.019311,-1.808112,4.809685,0.017738,-4.809685,0.017738,"China"
816,53,-1.713231,8,"Vietnam",1998,"Important Votes","Vietnam",TRUE,3.09124,-1.503338,4.804471,0.209893,-4.804471,-0.209893,"China"
816,54,-1.693844,11,"Vietnam",1999,"Important Votes","Vietnam",TRUE,3.466065,-1.270411,5.159909,0.423433,-5.159909,-0.423433,"China"
816,55,-1.544171,10,"Vietnam",2000,"Important Votes","Vietnam",TRUE,3.372021,-1.105585,4.916192,0.438586,-4.916192,-0.438586,"China"
816,56,-1.403011,9,"Vietnam",2001,"Important Votes","Vietnam",TRUE,3.188321,-1.156745,4.591332,0.246266,-4.591332,-0.246266,"China"
816,57,-1.496845,12,"Vietnam",2002,"Important Votes","Vietnam",TRUE,2.992859,-1.135653,4.489704,0.361192,-4.489704,-0.361192,"China"
816,58,-1.729389,9,"Vietnam",2003,"Important Votes","Vietnam",TRUE,2.859733,-1.600128,4.589122,0.129261,-4.589122,-0.129261,"China"
816,59,-1.684999,8,"Vietnam",2004,"Important Votes","Vietnam",TRUE,2.62523,-1.590615,4.310229,0.094384,-4.310229,-0.094384,"China"
816,60,-1.424861,9,"Vietnam",2005,"Important Votes","Vietnam",TRUE,2.523164,-0.7293021,3.948025,0.6955589,-3.948025,-0.6955589,"China"
816,61,-1.494869,11,"Vietnam",2006,"Important Votes","Vietnam",TRUE,2.367331,-1.294494,3.8622,0.200375,-3.8622,-0.200375,"China"
816,62,-1.380785,12,"Vietnam",2007,"Important Votes","Vietnam",TRUE,2.271071,-1.342925,3.651856,0.03786,-3.651856,-0.03786,"China"
816,63,-1.314493,12,"Vietnam",2008,"Important Votes","Vietnam",TRUE,2.144936,-1.39157,3.459429,0.0770770000000001,-3.459429,0.0770770000000001,"China"
816,64,-1.224288,12,"Vietnam",2009,"Important Votes","Vietnam",TRUE,2.134013,-1.275397,3.358301,0.0511089999999998,-3.358301,0.0511089999999998,"China"
816,65,-1.211351,12,"Vietnam",2010,"Important Votes","Vietnam",TRUE,1.93649,-1.579828,3.147841,0.368477,-3.147841,0.368477,"China"
816,66,-1.328911,10,"Vietnam",2011,"Important Votes","Vietnam",TRUE,2.196673,-1.49349,3.525584,0.164579,-3.525584,0.164579,"China"
816,67,-1.285302,7,"Vietnam",2012,"Important Votes","Vietnam",TRUE,2.368743,-1.485178,3.654045,0.199876,-3.654045,0.199876,"China"
816,68,-1.082855,9,"Vietnam",2013,"Important Votes","Vietnam",TRUE,2.4546,-1.21006,3.537455,0.127205,-3.537455,0.127205,"China"
816,69,-1.109588,12,"Vietnam",2014,"Important Votes","Vietnam",TRUE,2.363717,-1.629355,3.473305,0.519767,-3.473305,0.519767,"China"
816,70,-1.209583,11,"Vietnam",2015,"Important Votes","Vietnam",TRUE,2.429806,-1.48665,3.639389,0.277067,-3.639389,0.277067,"China"
816,71,-0.9890041,12,"Vietnam",2016,"Important Votes","Vietnam",TRUE,2.25332,-1.811443,3.2423241,0.8224389,-3.2423241,0.8224389,"China"
816,72,-0.9586942,17,"Vietnam",2017,"Important Votes","Vietnam",TRUE,2.51722,-1.814516,3.4759142,0.8558218,-3.4759142,0.8558218,"China"
816,73,-0.95913,16,"Vietnam",2018,"Important Votes","Vietnam",TRUE,2.667015,-2.021882,3.626145,1.062752,-3.626145,1.062752,"China"
820,38,0.0377648,8,"Malaysia",1983,"Important Votes","Malaysia",TRUE,2.504208,0.01135141,2.4664432,0.02641339,-2.4664432,0.02641339,"China"
820,39,-0.05094306,8,"Malaysia",1984,"Important Votes","Malaysia",TRUE,2.440089,-0.03546739,2.49103206,0.01547567,-2.49103206,-0.01547567,"China"
820,40,-0.004991671,9,"Malaysia",1985,"Important Votes","Malaysia",TRUE,2.309937,0.07718604,2.314928671,0.082177711,-2.314928671,-0.082177711,"China"
820,41,0.03013217,10,"Malaysia",1986,"Important Votes","Malaysia",TRUE,2.171326,0.002417654,2.14119383,0.027714516,-2.14119383,0.027714516,"China"
820,42,-0.06081223,9,"Malaysia",1987,"Important Votes","Malaysia",TRUE,2.451228,0.1640001,2.51204023,0.22481233,-2.51204023,-0.22481233,"China"
820,43,-0.2557585,6,"Malaysia",1988,"Important Votes","Malaysia",TRUE,3.02045,0.1968561,3.2762085,0.4526146,-3.2762085,-0.4526146,"China"
820,44,-0.3319993,14,"Malaysia",1989,"Important Votes","Malaysia",TRUE,3.392913,0.5495436,3.7249123,0.8815429,-3.7249123,-0.8815429,"China"
820,45,-0.5088955,8,"Malaysia",1990,"Important Votes","Malaysia",TRUE,3.325712,0.06364692,3.8346075,0.57254242,-3.8346075,-0.57254242,"China"
820,46,-1.311292,10,"Malaysia",1991,"Important Votes","Malaysia",TRUE,3.262035,-0.4795161,4.573327,0.8317759,-4.573327,-0.8317759,"China"
820,47,-1.388022,16,"Malaysia",1992,"Important Votes","Malaysia",TRUE,3.345111,-1.388691,4.733133,0.000668999999999809,-4.733133,0.000668999999999809,"China"
820,48,-1.344752,13,"Malaysia",1993,"Important Votes","Malaysia",TRUE,3.279363,-1.825468,4.624115,0.480716,-4.624115,0.480716,"China"
820,49,-1.124445,15,"Malaysia",1994,"Important Votes","Malaysia",TRUE,3.459286,-2.140734,4.583731,1.016289,-4.583731,1.016289,"China"
820,50,-0.802282,28,"Malaysia",1995,"Important Votes","Malaysia",TRUE,2.992701,-1.668094,3.794983,0.865812,-3.794983,0.865812,"China"
820,51,-0.857246,11,"Malaysia",1996,"Important Votes","Malaysia",TRUE,2.978976,-1.674213,3.836222,0.816967,-3.836222,0.816967,"China"
820,52,-0.9268007,11,"Malaysia",1997,"Important Votes","Malaysia",TRUE,3.019311,-1.808112,3.9461117,0.8813113,-3.9461117,0.8813113,"China"
820,53,-0.9312479,10,"Malaysia",1998,"Important Votes","Malaysia",TRUE,3.09124,-1.503338,4.0224879,0.5720901,-4.0224879,0.5720901,"China"
820,54,-0.9555441,13,"Malaysia",1999,"Important Votes","Malaysia",TRUE,3.466065,-1.270411,4.4216091,0.3148669,-4.4216091,0.3148669,"China"
820,55,-1.174405,10,"Malaysia",2000,"Important Votes","Malaysia",TRUE,3.372021,-1.105585,4.546426,0.0688199999999999,-4.546426,-0.0688199999999999,"China"
820,56,-1.218897,10,"Malaysia",2001,"Important Votes","Malaysia",TRUE,3.188321,-1.156745,4.407218,0.062152,-4.407218,-0.062152,"China"
820,57,-1.155732,13,"Malaysia",2002,"Important Votes","Malaysia",TRUE,2.992859,-1.135653,4.148591,0.020079,-4.148591,-0.020079,"China"
820,58,-1.11547,13,"Malaysia",2003,"Important Votes","Malaysia",TRUE,2.859733,-1.600128,3.975203,0.484658,-3.975203,0.484658,"China"
820,59,-1.058647,8,"Malaysia",2004,"Important Votes","Malaysia",TRUE,2.62523,-1.590615,3.683877,0.531968,-3.683877,0.531968,"China"
820,60,-1.043127,10,"Malaysia",2005,"Important Votes","Malaysia",TRUE,2.523164,-0.7293021,3.566291,0.3138249,-3.566291,-0.3138249,"China"
820,61,-1.119802,12,"Malaysia",2006,"Important Votes","Malaysia",TRUE,2.367331,-1.294494,3.487133,0.174692,-3.487133,0.174692,"China"
820,62,-1.418971,12,"Malaysia",2007,"Important Votes","Malaysia",TRUE,2.271071,-1.342925,3.690042,0.0760460000000001,-3.690042,-0.0760460000000001,"China"
820,63,-1.408765,12,"Malaysia",2008,"Important Votes","Malaysia",TRUE,2.144936,-1.39157,3.553701,0.0171950000000001,-3.553701,-0.0171950000000001,"China"
820,64,-1.449015,12,"Malaysia",2009,"Important Votes","Malaysia",TRUE,2.134013,-1.275397,3.583028,0.173618,-3.583028,-0.173618,"China"
820,65,-1.350284,13,"Malaysia",2010,"Important Votes","Malaysia",TRUE,1.93649,-1.579828,3.286774,0.229544,-3.286774,0.229544,"China"
820,66,-0.8286607,10,"Malaysia",2011,"Important Votes","Malaysia",TRUE,2.196673,-1.49349,3.0253337,0.6648293,-3.0253337,0.6648293,"China"
820,67,-0.7209948,8,"Malaysia",2012,"Important Votes","Malaysia",TRUE,2.368743,-1.485178,3.0897378,0.7641832,-3.0897378,0.7641832,"China"
820,68,-0.4982043,11,"Malaysia",2013,"Important Votes","Malaysia",TRUE,2.4546,-1.21006,2.9528043,0.7118557,-2.9528043,0.7118557,"China"
820,69,-0.6452148,13,"Malaysia",2014,"Important Votes","Malaysia",TRUE,2.363717,-1.629355,3.0089318,0.9841402,-3.0089318,0.9841402,"China"
820,70,-0.6329548,13,"Malaysia",2015,"Important Votes","Malaysia",TRUE,2.429806,-1.48665,3.0627608,0.8536952,-3.0627608,0.8536952,"China"
820,71,-0.3017044,13,"Malaysia",2016,"Important Votes","Malaysia",TRUE,2.25332,-1.811443,2.5550244,1.5097386,-2.5550244,1.5097386,"China"
820,72,-0.4385166,17,"Malaysia",2017,"Important Votes","Malaysia",TRUE,2.51722,-1.814516,2.9557366,1.3759994,-2.9557366,1.3759994,"China"
820,73,-0.4703478,16,"Malaysia",2018,"Important Votes","Malaysia",TRUE,2.667015,-2.021882,3.1373628,1.5515342,-3.1373628,1.5515342,"China"
830,38,0.3816183,8,"Singapore",1983,"Important Votes","Singapore",TRUE,2.504208,0.01135141,2.1225897,0.37026689,-2.1225897,0.37026689,"China"
830,39,0.3475978,8,"Singapore",1984,"Important Votes","Singapore",TRUE,2.440089,-0.03546739,2.0924912,0.38306519,-2.0924912,0.38306519,"China"
830,40,0.2645956,9,"Singapore",1985,"Important Votes","Singapore",TRUE,2.309937,0.07718604,2.0453414,0.18740956,-2.0453414,0.18740956,"China"
830,41,0.2061332,8,"Singapore",1986,"Important Votes","Singapore",TRUE,2.171326,0.002417654,1.9651928,0.203715546,-1.9651928,0.203715546,"China"
830,42,0.3117664,9,"Singapore",1987,"Important Votes","Singapore",TRUE,2.451228,0.1640001,2.1394616,0.1477663,-2.1394616,0.1477663,"China"
830,43,0.1464926,4,"Singapore",1988,"Important Votes","Singapore",TRUE,3.02045,0.1968561,2.8739574,0.0503635,-2.8739574,-0.0503635,"China"
830,44,0.2744838,13,"Singapore",1989,"Important Votes","Singapore",TRUE,3.392913,0.5495436,3.1184292,0.2750598,-3.1184292,-0.2750598,"China"
830,45,0.2857214,8,"Singapore",1990,"Important Votes","Singapore",TRUE,3.325712,0.06364692,3.0399906,0.22207448,-3.0399906,0.22207448,"China"
830,46,-0.05728488,10,"Singapore",1991,"Important Votes","Singapore",TRUE,3.262035,-0.4795161,3.31931988,0.42223122,-3.31931988,0.42223122,"China"
830,47,0.126259,16,"Singapore",1992,"Important Votes","Singapore",TRUE,3.345111,-1.388691,3.218852,1.51495,-3.218852,1.51495,"China"
830,48,0.2783514,13,"Singapore",1993,"Important Votes","Singapore",TRUE,3.279363,-1.825468,3.0010116,2.1038194,-3.0010116,2.1038194,"China"
830,49,0.1897314,15,"Singapore",1994,"Important Votes","Singapore",TRUE,3.459286,-2.140734,3.2695546,2.3304654,-3.2695546,2.3304654,"China"
830,50,-0.1065888,28,"Singapore",1995,"Important Votes","Singapore",TRUE,2.992701,-1.668094,3.0992898,1.5615052,-3.0992898,1.5615052,"China"
830,51,-0.2886211,11,"Singapore",1996,"Important Votes","Singapore",TRUE,2.978976,-1.674213,3.2675971,1.3855919,-3.2675971,1.3855919,"China"
830,52,-0.5514246,11,"Singapore",1997,"Important Votes","Singapore",TRUE,3.019311,-1.808112,3.5707356,1.2566874,-3.5707356,1.2566874,"China"
830,53,-0.6353176,10,"Singapore",1998,"Important Votes","Singapore",TRUE,3.09124,-1.503338,3.7265576,0.8680204,-3.7265576,0.8680204,"China"
830,54,-0.7400932,13,"Singapore",1999,"Important Votes","Singapore",TRUE,3.466065,-1.270411,4.2061582,0.5303178,-4.2061582,0.5303178,"China"
830,55,-0.2370234,10,"Singapore",2000,"Important Votes","Singapore",TRUE,3.372021,-1.105585,3.6090444,0.8685616,-3.6090444,0.8685616,"China"
830,56,-0.3057244,10,"Singapore",2001,"Important Votes","Singapore",TRUE,3.188321,-1.156745,3.4940454,0.8510206,-3.4940454,0.8510206,"China"
830,57,-0.2537858,13,"Singapore",2002,"Important Votes","Singapore",TRUE,2.992859,-1.135653,3.2466448,0.8818672,-3.2466448,0.8818672,"China"
830,58,-0.2441699,13,"Singapore",2003,"Important Votes","Singapore",TRUE,2.859733,-1.600128,3.1039029,1.3559581,-3.1039029,1.3559581,"China"
830,59,-0.3988965,8,"Singapore",2004,"Important Votes","Singapore",TRUE,2.62523,-1.590615,3.0241265,1.1917185,-3.0241265,1.1917185,"China"
830,60,-0.5443368,10,"Singapore",2005,"Important Votes","Singapore",TRUE,2.523164,-0.7293021,3.0675008,0.1849653,-3.0675008,0.1849653,"China"
830,61,-0.4640055,12,"Singapore",2006,"Important Votes","Singapore",TRUE,2.367331,-1.294494,2.8313365,0.8304885,-2.8313365,0.8304885,"China"
830,62,-0.432991,12,"Singapore",2007,"Important Votes","Singapore",TRUE,2.271071,-1.342925,2.704062,0.909934,-2.704062,0.909934,"China"
830,63,-0.4908613,12,"Singapore",2008,"Important Votes","Singapore",TRUE,2.144936,-1.39157,2.6357973,0.9007087,-2.6357973,0.9007087,"China"
830,64,-0.4933072,12,"Singapore",2009,"Important Votes","Singapore",TRUE,2.134013,-1.275397,2.6273202,0.7820898,-2.6273202,0.7820898,"China"
830,65,-0.5597991,13,"Singapore",2010,"Important Votes","Singapore",TRUE,1.93649,-1.579828,2.4962891,1.0200289,-2.4962891,1.0200289,"China"
830,66,-0.732875,10,"Singapore",2011,"Important Votes","Singapore",TRUE,2.196673,-1.49349,2.929548,0.760615,-2.929548,0.760615,"China"
830,67,-0.4174266,8,"Singapore",2012,"Important Votes","Singapore",TRUE,2.368743,-1.485178,2.7861696,1.0677514,-2.7861696,1.0677514,"China"
830,68,-0.526924,11,"Singapore",2013,"Important Votes","Singapore",TRUE,2.4546,-1.21006,2.981524,0.683136,-2.981524,0.683136,"China"
830,69,-0.5734424,13,"Singapore",2014,"Important Votes","Singapore",TRUE,2.363717,-1.629355,2.9371594,1.0559126,-2.9371594,1.0559126,"China"
830,70,-0.6165871,13,"Singapore",2015,"Important Votes","Singapore",TRUE,2.429806,-1.48665,3.0463931,0.8700629,-3.0463931,0.8700629,"China"
830,71,-0.5133506,13,"Singapore",2016,"Important Votes","Singapore",TRUE,2.25332,-1.811443,2.7666706,1.2980924,-2.7666706,1.2980924,"China"
830,72,-0.6059711,17,"Singapore",2017,"Important Votes","Singapore",TRUE,2.51722,-1.814516,3.1231911,1.2085449,-3.1231911,1.2085449,"China"
830,73,-0.6010982,16,"Singapore",2018,"Important Votes","Singapore",TRUE,2.667015,-2.021882,3.2681132,1.4207838,-3.2681132,1.4207838,"China"
835,39,-0.0499933,8,"Brunei",1984,"Important Votes","Brunei",TRUE,2.440089,-0.03546739,2.4900823,0.01452591,-2.4900823,-0.01452591,"China"
835,40,0.07598724,9,"Brunei",1985,"Important Votes","Brunei",TRUE,2.309937,0.07718604,2.23394976,0.0011988,-2.23394976,-0.0011988,"China"
835,41,0.07332912,10,"Brunei",1986,"Important Votes","Brunei",TRUE,2.171326,0.002417654,2.09799688,0.070911466,-2.09799688,0.070911466,"China"
835,42,0.1684867,9,"Brunei",1987,"Important Votes","Brunei",TRUE,2.451228,0.1640001,2.2827413,0.00448659999999998,-2.2827413,0.00448659999999998,"China"
835,43,0.1001215,6,"Brunei",1988,"Important Votes","Brunei",TRUE,3.02045,0.1968561,2.9203285,0.0967346,-2.9203285,-0.0967346,"China"
835,44,0.137277,14,"Brunei",1989,"Important Votes","Brunei",TRUE,3.392913,0.5495436,3.255636,0.4122666,-3.255636,-0.4122666,"China"
835,45,-0.06349863,7,"Brunei",1990,"Important Votes","Brunei",TRUE,3.325712,0.06364692,3.38921063,0.12714555,-3.38921063,-0.12714555,"China"
835,46,-0.6911773,9,"Brunei",1991,"Important Votes","Brunei",TRUE,3.262035,-0.4795161,3.9532123,0.2116612,-3.9532123,-0.2116612,"China"
835,47,-0.8476084,15,"Brunei",1992,"Important Votes","Brunei",TRUE,3.345111,-1.388691,4.1927194,0.5410826,-4.1927194,0.5410826,"China"
835,48,-0.9523052,12,"Brunei",1993,"Important Votes","Brunei",TRUE,3.279363,-1.825468,4.2316682,0.8731628,-4.2316682,0.8731628,"China"
835,49,-0.9522622,14,"Brunei",1994,"Important Votes","Brunei",TRUE,3.459286,-2.140734,4.4115482,1.1884718,-4.4115482,1.1884718,"China"
835,50,-0.9421772,28,"Brunei",1995,"Important Votes","Brunei",TRUE,2.992701,-1.668094,3.9348782,0.7259168,-3.9348782,0.7259168,"China"
835,51,-0.7454198,11,"Brunei",1996,"Important Votes","Brunei",TRUE,2.978976,-1.674213,3.7243958,0.9287932,-3.7243958,0.9287932,"China"
835,52,-1.037646,11,"Brunei",1997,"Important Votes","Brunei",TRUE,3.019311,-1.808112,4.056957,0.770466,-4.056957,0.770466,"China"
835,53,-1.008675,10,"Brunei",1998,"Important Votes","Brunei",TRUE,3.09124,-1.503338,4.099915,0.494663,-4.099915,0.494663,"China"
835,54,-0.9717485,13,"Brunei",1999,"Important Votes","Brunei",TRUE,3.466065,-1.270411,4.4378135,0.2986625,-4.4378135,0.2986625,"China"
835,55,-1.324645,10,"Brunei",2000,"Important Votes","Brunei",TRUE,3.372021,-1.105585,4.696666,0.21906,-4.696666,-0.21906,"China"
835,56,-1.250981,10,"Brunei",2001,"Important Votes","Brunei",TRUE,3.188321,-1.156745,4.439302,0.094236,-4.439302,-0.094236,"China"
835,57,-1.183168,13,"Brunei",2002,"Important Votes","Brunei",TRUE,2.992859,-1.135653,4.176027,0.047515,-4.176027,-0.047515,"China"
835,58,-1.363595,13,"Brunei",2003,"Important Votes","Brunei",TRUE,2.859733,-1.600128,4.223328,0.236533,-4.223328,0.236533,"China"
835,59,-1.17623,8,"Brunei",2004,"Important Votes","Brunei",TRUE,2.62523,-1.590615,3.80146,0.414385,-3.80146,0.414385,"China"
835,60,-1.093231,10,"Brunei",2005,"Important Votes","Brunei",TRUE,2.523164,-0.7293021,3.616395,0.3639289,-3.616395,-0.3639289,"China"
835,61,-0.8885234,12,"Brunei",2006,"Important Votes","Brunei",TRUE,2.367331,-1.294494,3.2558544,0.4059706,-3.2558544,0.4059706,"China"
835,62,-0.4793443,12,"Brunei",2007,"Important Votes","Brunei",TRUE,2.271071,-1.342925,2.7504153,0.8635807,-2.7504153,0.8635807,"China"
835,63,-0.6963326,12,"Brunei",2008,"Important Votes","Brunei",TRUE,2.144936,-1.39157,2.8412686,0.6952374,-2.8412686,0.6952374,"China"
835,64,-0.9910817,12,"Brunei",2009,"Important Votes","Brunei",TRUE,2.134013,-1.275397,3.1250947,0.2843153,-3.1250947,0.2843153,"China"
835,65,-0.9752126,13,"Brunei",2010,"Important Votes","Brunei",TRUE,1.93649,-1.579828,2.9117026,0.6046154,-2.9117026,0.6046154,"China"
835,66,-1.025817,10,"Brunei",2011,"Important Votes","Brunei",TRUE,2.196673,-1.49349,3.22249,0.467673,-3.22249,0.467673,"China"
835,67,-0.9652026,8,"Brunei",2012,"Important Votes","Brunei",TRUE,2.368743,-1.485178,3.3339456,0.5199754,-3.3339456,0.5199754,"China"
835,68,-1.028569,11,"Brunei",2013,"Important Votes","Brunei",TRUE,2.4546,-1.21006,3.483169,0.181491,-3.483169,0.181491,"China"
835,69,-1.108694,13,"Brunei",2014,"Important Votes","Brunei",TRUE,2.363717,-1.629355,3.472411,0.520661,-3.472411,0.520661,"China"
835,70,-1.03093,13,"Brunei",2015,"Important Votes","Brunei",TRUE,2.429806,-1.48665,3.460736,0.45572,-3.460736,0.45572,"China"
835,71,-0.7583802,13,"Brunei",2016,"Important Votes","Brunei",TRUE,2.25332,-1.811443,3.0117002,1.0530628,-3.0117002,1.0530628,"China"
835,72,-0.909303,17,"Brunei",2017,"Important Votes","Brunei",TRUE,2.51722,-1.814516,3.426523,0.905213,-3.426523,0.905213,"China"
835,73,-0.8912369,15,"Brunei",2018,"Important Votes","Brunei",TRUE,2.667015,-2.021882,3.5582519,1.1306451,-3.5582519,1.1306451,"China"
840,38,0.4994162,8,"Philippines",1983,"Important Votes","Philippines",TRUE,2.504208,0.01135141,2.0047918,0.48806479,-2.0047918,0.48806479,"China"
840,39,0.384292,8,"Philippines",1984,"Important Votes","Philippines",TRUE,2.440089,-0.03546739,2.055797,0.41975939,-2.055797,0.41975939,"China"
840,40,0.2749782,9,"Philippines",1985,"Important Votes","Philippines",TRUE,2.309937,0.07718604,2.0349588,0.19779216,-2.0349588,0.19779216,"China"
840,41,0.267541,10,"Philippines",1986,"Important Votes","Philippines",TRUE,2.171326,0.002417654,1.903785,0.265123346,-1.903785,0.265123346,"China"
840,42,0.3471392,9,"Philippines",1987,"Important Votes","Philippines",TRUE,2.451228,0.1640001,2.1040888,0.1831391,-2.1040888,0.1831391,"China"
840,43,0.4248888,6,"Philippines",1988,"Important Votes","Philippines",TRUE,3.02045,0.1968561,2.5955612,0.2280327,-2.5955612,0.2280327,"China"
840,44,0.1958638,14,"Philippines",1989,"Important Votes","Philippines",TRUE,3.392913,0.5495436,3.1970492,0.3536798,-3.1970492,-0.3536798,"China"
840,45,-0.1771352,8,"Philippines",1990,"Important Votes","Philippines",TRUE,3.325712,0.06364692,3.5028472,0.24078212,-3.5028472,-0.24078212,"China"
840,46,-0.5230845,10,"Philippines",1991,"Important Votes","Philippines",TRUE,3.262035,-0.4795161,3.7851195,0.0435684,-3.7851195,-0.0435684,"China"
840,47,-0.8966343,16,"Philippines",1992,"Important Votes","Philippines",TRUE,3.345111,-1.388691,4.2417453,0.4920567,-4.2417453,0.4920567,"China"
840,48,-1.111784,13,"Philippines",1993,"Important Votes","Philippines",TRUE,3.279363,-1.825468,4.391147,0.713684,-4.391147,0.713684,"China"
840,49,-0.9609737,15,"Philippines",1994,"Important Votes","Philippines",TRUE,3.459286,-2.140734,4.4202597,1.1797603,-4.4202597,1.1797603,"China"
840,50,-0.5337751,28,"Philippines",1995,"Important Votes","Philippines",TRUE,2.992701,-1.668094,3.5264761,1.1343189,-3.5264761,1.1343189,"China"
840,51,-0.5663145,10,"Philippines",1996,"Important Votes","Philippines",TRUE,2.978976,-1.674213,3.5452905,1.1078985,-3.5452905,1.1078985,"China"
840,52,-0.8795971,11,"Philippines",1997,"Important Votes","Philippines",TRUE,3.019311,-1.808112,3.8989081,0.9285149,-3.8989081,0.9285149,"China"
840,53,-1.010956,10,"Philippines",1998,"Important Votes","Philippines",TRUE,3.09124,-1.503338,4.102196,0.492382,-4.102196,0.492382,"China"
840,54,-0.9397624,11,"Philippines",1999,"Important Votes","Philippines",TRUE,3.466065,-1.270411,4.4058274,0.3306486,-4.4058274,0.3306486,"China"
840,55,-0.7758582,10,"Philippines",2000,"Important Votes","Philippines",TRUE,3.372021,-1.105585,4.1478792,0.3297268,-4.1478792,0.3297268,"China"
840,56,-0.6210965,10,"Philippines",2001,"Important Votes","Philippines",TRUE,3.188321,-1.156745,3.8094175,0.5356485,-3.8094175,0.5356485,"China"
840,57,-0.6293504,13,"Philippines",2002,"Important Votes","Philippines",TRUE,2.992859,-1.135653,3.6222094,0.5063026,-3.6222094,0.5063026,"China"
840,58,-0.6718832,13,"Philippines",2003,"Important Votes","Philippines",TRUE,2.859733,-1.600128,3.5316162,0.9282448,-3.5316162,0.9282448,"China"
840,59,-0.2402985,8,"Philippines",2004,"Important Votes","Philippines",TRUE,2.62523,-1.590615,2.8655285,1.3503165,-2.8655285,1.3503165,"China"
840,60,-0.2247224,10,"Philippines",2005,"Important Votes","Philippines",TRUE,2.523164,-0.7293021,2.7478864,0.5045797,-2.7478864,0.5045797,"China"
840,61,-0.1473264,12,"Philippines",2006,"Important Votes","Philippines",TRUE,2.367331,-1.294494,2.5146574,1.1471676,-2.5146574,1.1471676,"China"
840,62,-0.2119129,12,"Philippines",2007,"Important Votes","Philippines",TRUE,2.271071,-1.342925,2.4829839,1.1310121,-2.4829839,1.1310121,"China"
840,63,-0.2387948,12,"Philippines",2008,"Important Votes","Philippines",TRUE,2.144936,-1.39157,2.3837308,1.1527752,-2.3837308,1.1527752,"China"
840,64,-0.262188,11,"Philippines",2009,"Important Votes","Philippines",TRUE,2.134013,-1.275397,2.396201,1.013209,-2.396201,1.013209,"China"
840,65,-0.2249841,13,"Philippines",2010,"Important Votes","Philippines",TRUE,1.93649,-1.579828,2.1614741,1.3548439,-2.1614741,1.3548439,"China"
840,66,-0.2073458,10,"Philippines",2011,"Important Votes","Philippines",TRUE,2.196673,-1.49349,2.4040188,1.2861442,-2.4040188,1.2861442,"China"
840,67,-0.192416,8,"Philippines",2012,"Important Votes","Philippines",TRUE,2.368743,-1.485178,2.561159,1.292762,-2.561159,1.292762,"China"
840,68,-0.210162,11,"Philippines",2013,"Important Votes","Philippines",TRUE,2.4546,-1.21006,2.664762,0.999898,-2.664762,0.999898,"China"
840,69,-0.1684867,13,"Philippines",2014,"Important Votes","Philippines",TRUE,2.363717,-1.629355,2.5322037,1.4608683,-2.5322037,1.4608683,"China"
840,70,-0.1683234,13,"Philippines",2015,"Important Votes","Philippines",TRUE,2.429806,-1.48665,2.5981294,1.3183266,-2.5981294,1.3183266,"China"
840,71,-0.6320737,13,"Philippines",2016,"Important Votes","Philippines",TRUE,2.25332,-1.811443,2.8853937,1.1793693,-2.8853937,1.1793693,"China"
840,72,-0.4346881,17,"Philippines",2017,"Important Votes","Philippines",TRUE,2.51722,-1.814516,2.9519081,1.3798279,-2.9519081,1.3798279,"China"
840,73,-0.3302138,16,"Philippines",2018,"Important Votes","Philippines",TRUE,2.667015,-2.021882,2.9972288,1.6916682,-2.9972288,1.6916682,"China"
850,38,0.04956814,8,"Indonesia",1983,"Important Votes","Indonesia",TRUE,2.504208,0.01135141,2.45463986,0.03821673,-2.45463986,0.03821673,"China"
850,39,0.01611332,8,"Indonesia",1984,"Important Votes","Indonesia",TRUE,2.440089,-0.03546739,2.42397568,0.05158071,-2.42397568,0.05158071,"China"
850,40,-0.1014516,8,"Indonesia",1985,"Important Votes","Indonesia",TRUE,2.309937,0.07718604,2.4113886,0.17863764,-2.4113886,-0.17863764,"China"
850,41,-0.1583158,9,"Indonesia",1986,"Important Votes","Indonesia",TRUE,2.171326,0.002417654,2.3296418,0.160733454,-2.3296418,-0.160733454,"China"
850,42,-0.3703611,8,"Indonesia",1987,"Important Votes","Indonesia",TRUE,2.451228,0.1640001,2.8215891,0.5343612,-2.8215891,-0.5343612,"China"
850,43,-0.5620346,6,"Indonesia",1988,"Important Votes","Indonesia",TRUE,3.02045,0.1968561,3.5824846,0.7588907,-3.5824846,-0.7588907,"China"
850,44,-0.6157329,14,"Indonesia",1989,"Important Votes","Indonesia",TRUE,3.392913,0.5495436,4.0086459,1.1652765,-4.0086459,-1.1652765,"China"
850,45,-0.7237296,8,"Indonesia",1990,"Important Votes","Indonesia",TRUE,3.325712,0.06364692,4.0494416,0.78737652,-4.0494416,-0.78737652,"China"
850,46,-1.190312,9,"Indonesia",1991,"Important Votes","Indonesia",TRUE,3.262035,-0.4795161,4.452347,0.7107959,-4.452347,-0.7107959,"China"
850,47,-1.249875,16,"Indonesia",1992,"Important Votes","Indonesia",TRUE,3.345111,-1.388691,4.594986,0.138816,-4.594986,0.138816,"China"
850,48,-1.50033,13,"Indonesia",1993,"Important Votes","Indonesia",TRUE,3.279363,-1.825468,4.779693,0.325138,-4.779693,0.325138,"China"
850,49,-1.599264,15,"Indonesia",1994,"Important Votes","Indonesia",TRUE,3.459286,-2.140734,5.05855,0.54147,-5.05855,0.54147,"China"
850,50,-1.178315,28,"Indonesia",1995,"Important Votes","Indonesia",TRUE,2.992701,-1.668094,4.171016,0.489779,-4.171016,0.489779,"China"
850,51,-1.37731,11,"Indonesia",1996,"Important Votes","Indonesia",TRUE,2.978976,-1.674213,4.356286,0.296903,-4.356286,0.296903,"China"
850,52,-1.404639,11,"Indonesia",1997,"Important Votes","Indonesia",TRUE,3.019311,-1.808112,4.42395,0.403473,-4.42395,0.403473,"China"
850,53,-1.160968,10,"Indonesia",1998,"Important Votes","Indonesia",TRUE,3.09124,-1.503338,4.252208,0.34237,-4.252208,0.34237,"China"
850,54,-1.022101,13,"Indonesia",1999,"Important Votes","Indonesia",TRUE,3.466065,-1.270411,4.488166,0.24831,-4.488166,0.24831,"China"
850,55,-1.055566,10,"Indonesia",2000,"Important Votes","Indonesia",TRUE,3.372021,-1.105585,4.427587,0.050019,-4.427587,0.050019,"China"
850,56,-1.143215,10,"Indonesia",2001,"Important Votes","Indonesia",TRUE,3.188321,-1.156745,4.331536,0.0135299999999998,-4.331536,0.0135299999999998,"China"
850,57,-1.097083,13,"Indonesia",2002,"Important Votes","Indonesia",TRUE,2.992859,-1.135653,4.089942,0.03857,-4.089942,0.03857,"China"
850,58,-0.9996436,13,"Indonesia",2003,"Important Votes","Indonesia",TRUE,2.859733,-1.600128,3.8593766,0.6004844,-3.8593766,0.6004844,"China"
850,59,-0.9686712,8,"Indonesia",2004,"Important Votes","Indonesia",TRUE,2.62523,-1.590615,3.5939012,0.6219438,-3.5939012,0.6219438,"China"
850,60,-1.164341,10,"Indonesia",2005,"Important Votes","Indonesia",TRUE,2.523164,-0.7293021,3.687505,0.4350389,-3.687505,-0.4350389,"China"
850,61,-1.402603,12,"Indonesia",2006,"Important Votes","Indonesia",TRUE,2.367331,-1.294494,3.769934,0.108109,-3.769934,-0.108109,"China"
850,62,-1.17299,12,"Indonesia",2007,"Important Votes","Indonesia",TRUE,2.271071,-1.342925,3.444061,0.169935,-3.444061,0.169935,"China"
850,63,-1.008301,12,"Indonesia",2008,"Important Votes","Indonesia",TRUE,2.144936,-1.39157,3.153237,0.383269,-3.153237,0.383269,"China"
850,64,-1.15194,12,"Indonesia",2009,"Important Votes","Indonesia",TRUE,2.134013,-1.275397,3.285953,0.123457,-3.285953,0.123457,"China"
850,65,-1.153071,13,"Indonesia",2010,"Important Votes","Indonesia",TRUE,1.93649,-1.579828,3.089561,0.426757,-3.089561,0.426757,"China"
850,66,-0.7003075,10,"Indonesia",2011,"Important Votes","Indonesia",TRUE,2.196673,-1.49349,2.8969805,0.7931825,-2.8969805,0.7931825,"China"
850,67,-0.6583269,8,"Indonesia",2012,"Important Votes","Indonesia",TRUE,2.368743,-1.485178,3.0270699,0.8268511,-3.0270699,0.8268511,"China"
850,68,-1.014588,11,"Indonesia",2013,"Important Votes","Indonesia",TRUE,2.4546,-1.21006,3.469188,0.195472,-3.469188,0.195472,"China"
850,69,-1.106311,13,"Indonesia",2014,"Important Votes","Indonesia",TRUE,2.363717,-1.629355,3.470028,0.523044,-3.470028,0.523044,"China"
850,70,-1.141816,13,"Indonesia",2015,"Important Votes","Indonesia",TRUE,2.429806,-1.48665,3.571622,0.344834,-3.571622,0.344834,"China"
850,71,-0.74096,13,"Indonesia",2016,"Important Votes","Indonesia",TRUE,2.25332,-1.811443,2.99428,1.070483,-2.99428,1.070483,"China"
850,72,-0.9346489,17,"Indonesia",2017,"Important Votes","Indonesia",TRUE,2.51722,-1.814516,3.4518689,0.8798671,-3.4518689,0.8798671,"China"
850,73,-0.9558749,16,"Indonesia",2018,"Important Votes","Indonesia",TRUE,2.667015,-2.021882,3.6228899,1.0660071,-3.6228899,1.0660071,"China"
775,22,-0.3474991,51,"Myanmar (Burma)",1967,"Non-Nuclear","Myanmar",TRUE,2.412595,NA,2.7600941,NA,-2.7600941,NA,NA
775,23,-0.3511134,38,"Myanmar (Burma)",1968,"Non-Nuclear","Myanmar",TRUE,2.298023,NA,2.6491364,NA,-2.6491364,NA,NA
775,24,-0.1234877,41,"Myanmar (Burma)",1969,"Non-Nuclear","Myanmar",TRUE,2.110631,NA,2.2341187,NA,-2.2341187,NA,NA
775,25,0.1432594,59,"Myanmar (Burma)",1970,"Non-Nuclear","Myanmar",TRUE,2.138307,NA,1.9950476,NA,-1.9950476,NA,NA
775,26,-0.2573515,112,"Myanmar (Burma)",1971,"Non-Nuclear","Myanmar",TRUE,1.771414,-0.874594,2.0287655,0.6172425,-2.0287655,0.6172425,"China"
775,27,-0.1221626,93,"Myanmar (Burma)",1972,"Non-Nuclear","Myanmar",TRUE,2.173104,-0.8152633,2.2952666,0.6931007,-2.2952666,0.6931007,"China"
775,28,-0.005117875,86,"Myanmar (Burma)",1973,"Non-Nuclear","Myanmar",TRUE,2.217385,-0.5512493,2.222502875,0.546131425,-2.222502875,0.546131425,"China"
775,29,0.01686028,61,"Myanmar (Burma)",1974,"Non-Nuclear","Myanmar",TRUE,2.167212,-0.806259,2.15035172,0.82311928,-2.15035172,0.82311928,"China"
775,30,-0.07015759,56,"Myanmar (Burma)",1975,"Non-Nuclear","Myanmar",TRUE,2.501608,-0.331507,2.57176559,0.26134941,-2.57176559,0.26134941,"China"
775,31,-0.3827756,69,"Myanmar (Burma)",1976,"Non-Nuclear","Myanmar",TRUE,2.785702,-1.13053,3.1684776,0.7477544,-3.1684776,0.7477544,"China"
775,32,-0.512027,82,"Myanmar (Burma)",1977,"Non-Nuclear","Myanmar",TRUE,2.320957,-0.8797116,2.832984,0.3676846,-2.832984,0.3676846,"China"
775,33,0.1310336,110,"Myanmar (Burma)",1978,"Non-Nuclear","Myanmar",TRUE,2.245043,-0.3355613,2.1140094,0.4665949,-2.1140094,0.4665949,"China"
775,34,0.3456661,106,"Myanmar (Burma)",1979,"Non-Nuclear","Myanmar",TRUE,2.297626,-0.07855172,1.9519599,0.42421782,-1.9519599,0.42421782,"China"
775,35,0.4355419,86,"Myanmar (Burma)",1980,"Non-Nuclear","Myanmar",TRUE,2.369428,0.01412094,1.9338861,0.42142096,-1.9338861,0.42142096,"China"
775,36,0.2081372,112,"Myanmar (Burma)",1981,"Non-Nuclear","Myanmar",TRUE,2.702694,-0.04049149,2.4945568,0.24862869,-2.4945568,0.24862869,"China"
775,37,0.2961153,126,"Myanmar (Burma)",1982,"Non-Nuclear","Myanmar",TRUE,2.630828,0.03060733,2.3347127,0.26550797,-2.3347127,0.26550797,"China"
775,38,0.1998776,111,"Myanmar (Burma)",1983,"Non-Nuclear","Myanmar",TRUE,2.577447,-0.1096046,2.3775694,0.3094822,-2.3775694,0.3094822,"China"
775,39,0.06183257,122,"Myanmar (Burma)",1984,"Non-Nuclear","Myanmar",TRUE,2.760373,-0.02008337,2.69854043,0.08191594,-2.69854043,0.08191594,"China"
775,40,-0.1849441,126,"Myanmar (Burma)",1985,"Non-Nuclear","Myanmar",TRUE,2.773443,-0.02193362,2.9583871,0.16301048,-2.9583871,-0.16301048,"China"
775,41,0.002834397,128,"Myanmar (Burma)",1986,"Non-Nuclear","Myanmar",TRUE,2.940705,0.008668966,2.937870603,0.005834569,-2.937870603,-0.005834569,"China"
775,42,-0.1639844,120,"Myanmar (Burma)",1987,"Non-Nuclear","Myanmar",TRUE,3.031489,-0.0538274,3.1954734,0.110157,-3.1954734,-0.110157,"China"
775,43,-0.2007258,113,"Myanmar (Burma)",1988,"Non-Nuclear","Myanmar",TRUE,3.013705,-0.2483772,3.2144308,0.0476514,-3.2144308,0.0476514,"China"
775,44,-0.3390507,75,"Myanmar (Burma)",1989,"Non-Nuclear","Myanmar",TRUE,3.136412,-0.3130107,3.4754627,0.02604,-3.4754627,-0.02604,"China"
775,45,-0.5239642,69,"Myanmar (Burma)",1990,"Non-Nuclear","Myanmar",TRUE,3.048921,-0.6756167,3.5728852,0.1516525,-3.5728852,0.1516525,"China"
775,46,-0.6648693,62,"Myanmar (Burma)",1991,"Non-Nuclear","Myanmar",TRUE,2.959138,-0.901679,3.6240073,0.2368097,-3.6240073,0.2368097,"China"
775,47,-1.362997,63,"Myanmar (Burma)",1992,"Non-Nuclear","Myanmar",TRUE,2.943147,-1.373362,4.306144,0.010365,-4.306144,0.010365,"China"
775,48,-1.444821,55,"Myanmar (Burma)",1993,"Non-Nuclear","Myanmar",TRUE,2.923423,-1.538445,4.368244,0.0936240000000002,-4.368244,0.0936240000000002,"China"
775,49,-1.4317,4,"Myanmar (Burma)",1994,"Non-Nuclear","Myanmar",TRUE,3.07938,-1.687723,4.51108,0.256023,-4.51108,0.256023,"China"
775,50,-1.575003,68,"Myanmar (Burma)",1995,"Non-Nuclear","Myanmar",TRUE,3.284506,-1.643561,4.859509,0.0685580000000001,-4.859509,0.0685580000000001,"China"
775,51,-1.620928,61,"Myanmar (Burma)",1996,"Non-Nuclear","Myanmar",TRUE,3.406155,-1.369822,5.027083,0.251106,-5.027083,-0.251106,"China"
775,52,-1.514137,63,"Myanmar (Burma)",1997,"Non-Nuclear","Myanmar",TRUE,3.260079,-1.210441,4.774216,0.303696,-4.774216,-0.303696,"China"
775,53,-1.306202,53,"Myanmar (Burma)",1998,"Non-Nuclear","Myanmar",TRUE,3.009997,-1.116003,4.316199,0.190199,-4.316199,-0.190199,"China"
775,54,-1.532864,58,"Myanmar (Burma)",1999,"Non-Nuclear","Myanmar",TRUE,2.815928,-1.231821,4.348792,0.301043,-4.348792,-0.301043,"China"
775,55,-1.436489,56,"Myanmar (Burma)",2000,"Non-Nuclear","Myanmar",TRUE,2.791143,-1.4214,4.227632,0.0150889999999999,-4.227632,-0.0150889999999999,"China"
775,56,-1.466867,58,"Myanmar (Burma)",2001,"Non-Nuclear","Myanmar",TRUE,2.776079,-1.225334,4.242946,0.241533,-4.242946,-0.241533,"China"
775,57,-1.332869,60,"Myanmar (Burma)",2002,"Non-Nuclear","Myanmar",TRUE,2.879599,-1.178515,4.212468,0.154354,-4.212468,-0.154354,"China"
775,58,-1.55841,64,"Myanmar (Burma)",2003,"Non-Nuclear","Myanmar",TRUE,3.075062,-1.499709,4.633472,0.0587010000000001,-4.633472,-0.0587010000000001,"China"
775,59,-1.382833,59,"Myanmar (Burma)",2004,"Non-Nuclear","Myanmar",TRUE,2.95537,-1.344689,4.338203,0.038144,-4.338203,-0.038144,"China"
775,60,-1.12371,62,"Myanmar (Burma)",2005,"Non-Nuclear","Myanmar",TRUE,2.993309,-1.352246,4.117019,0.228536,-4.117019,0.228536,"China"
775,61,-1.223098,77,"Myanmar (Burma)",2006,"Non-Nuclear","Myanmar",TRUE,2.803737,-1.236102,4.026835,0.013004,-4.026835,0.013004,"China"
775,62,-1.247619,67,"Myanmar (Burma)",2007,"Non-Nuclear","Myanmar",TRUE,2.721347,-1.263166,3.968966,0.015547,-3.968966,0.015547,"China"
775,63,-1.366608,63,"Myanmar (Burma)",2008,"Non-Nuclear","Myanmar",TRUE,2.697073,-1.336076,4.063681,0.030532,-4.063681,-0.030532,"China"
775,64,-1.358047,49,"Myanmar (Burma)",2009,"Non-Nuclear","Myanmar",TRUE,2.547983,-1.2312,3.90603,0.126847,-3.90603,-0.126847,"China"
775,65,-1.42079,54,"Myanmar (Burma)",2010,"Non-Nuclear","Myanmar",TRUE,2.496517,-1.473132,3.917307,0.0523420000000001,-3.917307,0.0523420000000001,"China"
775,66,-1.461352,42,"Myanmar (Burma)",2011,"Non-Nuclear","Myanmar",TRUE,2.517181,-1.266392,3.978533,0.19496,-3.978533,-0.19496,"China"
775,67,-1.013518,46,"Myanmar (Burma)",2012,"Non-Nuclear","Myanmar",TRUE,2.594647,-1.403848,3.608165,0.39033,-3.608165,0.39033,"China"
775,68,-1.269247,49,"Myanmar (Burma)",2013,"Non-Nuclear","Myanmar",TRUE,2.760444,-1.115805,4.029691,0.153442,-4.029691,-0.153442,"China"
775,69,-1.006428,65,"Myanmar (Burma)",2014,"Non-Nuclear","Myanmar",TRUE,2.720512,-1.343422,3.72694,0.336994,-3.72694,0.336994,"China"
775,70,-1.148746,54,"Myanmar (Burma)",2015,"Non-Nuclear","Myanmar",TRUE,2.607562,-1.561699,3.756308,0.412953,-3.756308,0.412953,"China"
775,71,-0.8001483,59,"Myanmar (Burma)",2016,"Non-Nuclear","Myanmar",TRUE,2.582056,-1.618711,3.3822043,0.8185627,-3.3822043,0.8185627,"China"
775,72,-0.8596733,54,"Myanmar (Burma)",2017,"Non-Nuclear","Myanmar",TRUE,2.718879,-1.787184,3.5785523,0.9275107,-3.5785523,0.9275107,"China"
775,73,-1.032362,57,"Myanmar (Burma)",2018,"Non-Nuclear","Myanmar",TRUE,2.876313,-1.774517,3.908675,0.742155,-3.908675,0.742155,"China"
775,74,-0.977936,55,"Myanmar (Burma)",2019,"Non-Nuclear","Myanmar",TRUE,2.779945,-1.687587,3.757881,0.709651,-3.757881,0.709651,"China"
800,22,0.3147355,53,"Thailand",1967,"Non-Nuclear","Thailand",TRUE,2.412595,NA,2.0978595,NA,-2.0978595,NA,NA
800,23,0.4872418,47,"Thailand",1968,"Non-Nuclear","Thailand",TRUE,2.298023,NA,1.8107812,NA,-1.8107812,NA,NA
800,24,0.4785297,41,"Thailand",1969,"Non-Nuclear","Thailand",TRUE,2.110631,NA,1.6321013,NA,-1.6321013,NA,NA
800,25,0.6297724,62,"Thailand",1970,"Non-Nuclear","Thailand",TRUE,2.138307,NA,1.5085346,NA,-1.5085346,NA,NA
800,26,0.4654422,112,"Thailand",1971,"Non-Nuclear","Thailand",TRUE,1.771414,-0.874594,1.3059718,1.3400362,-1.3059718,1.3400362,"United States"
800,27,0.3916124,92,"Thailand",1972,"Non-Nuclear","Thailand",TRUE,2.173104,-0.8152633,1.7814916,1.2068757,-1.7814916,1.2068757,"China"
800,28,0.1742128,83,"Thailand",1973,"Non-Nuclear","Thailand",TRUE,2.217385,-0.5512493,2.0431722,0.7254621,-2.0431722,0.7254621,"China"
800,29,0.3433598,62,"Thailand",1974,"Non-Nuclear","Thailand",TRUE,2.167212,-0.806259,1.8238522,1.1496188,-1.8238522,1.1496188,"China"
800,30,0.2260896,58,"Thailand",1975,"Non-Nuclear","Thailand",TRUE,2.501608,-0.331507,2.2755184,0.5575966,-2.2755184,0.5575966,"China"
800,31,-0.1749067,78,"Thailand",1976,"Non-Nuclear","Thailand",TRUE,2.785702,-1.13053,2.9606087,0.9556233,-2.9606087,0.9556233,"China"
800,32,0.1439678,82,"Thailand",1977,"Non-Nuclear","Thailand",TRUE,2.320957,-0.8797116,2.1769892,1.0236794,-2.1769892,1.0236794,"China"
800,33,0.1662544,106,"Thailand",1978,"Non-Nuclear","Thailand",TRUE,2.245043,-0.3355613,2.0787886,0.5018157,-2.0787886,0.5018157,"China"
800,34,0.2457345,105,"Thailand",1979,"Non-Nuclear","Thailand",TRUE,2.297626,-0.07855172,2.0518915,0.32428622,-2.0518915,0.32428622,"China"
800,35,0.2412638,84,"Thailand",1980,"Non-Nuclear","Thailand",TRUE,2.369428,0.01412094,2.1281642,0.22714286,-2.1281642,0.22714286,"China"
800,36,-0.06631566,113,"Thailand",1981,"Non-Nuclear","Thailand",TRUE,2.702694,-0.04049149,2.76900966,0.02582417,-2.76900966,-0.02582417,"China"
800,37,-0.01107556,131,"Thailand",1982,"Non-Nuclear","Thailand",TRUE,2.630828,0.03060733,2.64190356,0.04168289,-2.64190356,-0.04168289,"China"
800,38,-0.02126531,115,"Thailand",1983,"Non-Nuclear","Thailand",TRUE,2.577447,-0.1096046,2.59871231,0.08833929,-2.59871231,0.08833929,"China"
800,39,-0.1375343,123,"Thailand",1984,"Non-Nuclear","Thailand",TRUE,2.760373,-0.02008337,2.8979073,0.11745093,-2.8979073,-0.11745093,"China"
800,40,-0.08547595,128,"Thailand",1985,"Non-Nuclear","Thailand",TRUE,2.773443,-0.02193362,2.85891895,0.06354233,-2.85891895,-0.06354233,"China"
800,41,-0.1132354,124,"Thailand",1986,"Non-Nuclear","Thailand",TRUE,2.940705,0.008668966,3.0539404,0.121904366,-3.0539404,-0.121904366,"China"
800,42,-0.2020598,119,"Thailand",1987,"Non-Nuclear","Thailand",TRUE,3.031489,-0.0538274,3.2335488,0.1482324,-3.2335488,-0.1482324,"China"
800,43,-0.2331818,109,"Thailand",1988,"Non-Nuclear","Thailand",TRUE,3.013705,-0.2483772,3.2468868,0.0151954,-3.2468868,0.0151954,"China"
800,44,-0.2155233,91,"Thailand",1989,"Non-Nuclear","Thailand",TRUE,3.136412,-0.3130107,3.3519353,0.0974874,-3.3519353,0.0974874,"China"
800,45,-0.3280845,67,"Thailand",1990,"Non-Nuclear","Thailand",TRUE,3.048921,-0.6756167,3.3770055,0.3475322,-3.3770055,0.3475322,"China"
800,46,-0.4649486,64,"Thailand",1991,"Non-Nuclear","Thailand",TRUE,2.959138,-0.901679,3.4240866,0.4367304,-3.4240866,0.4367304,"China"
800,47,-0.4551265,64,"Thailand",1992,"Non-Nuclear","Thailand",TRUE,2.943147,-1.373362,3.3982735,0.9182355,-3.3982735,0.9182355,"China"
800,48,-0.6062718,60,"Thailand",1993,"Non-Nuclear","Thailand",TRUE,2.923423,-1.538445,3.5296948,0.9321732,-3.5296948,0.9321732,"China"
800,49,-0.5629685,57,"Thailand",1994,"Non-Nuclear","Thailand",TRUE,3.07938,-1.687723,3.6423485,1.1247545,-3.6423485,1.1247545,"China"
800,50,-0.5723441,69,"Thailand",1995,"Non-Nuclear","Thailand",TRUE,3.284506,-1.643561,3.8568501,1.0712169,-3.8568501,1.0712169,"China"
800,51,-0.5309995,61,"Thailand",1996,"Non-Nuclear","Thailand",TRUE,3.406155,-1.369822,3.9371545,0.8388225,-3.9371545,0.8388225,"China"
800,52,-0.6663498,63,"Thailand",1997,"Non-Nuclear","Thailand",TRUE,3.260079,-1.210441,3.9264288,0.5440912,-3.9264288,0.5440912,"China"
800,53,-0.5065015,53,"Thailand",1998,"Non-Nuclear","Thailand",TRUE,3.009997,-1.116003,3.5164985,0.6095015,-3.5164985,0.6095015,"China"
800,54,-0.4569694,58,"Thailand",1999,"Non-Nuclear","Thailand",TRUE,2.815928,-1.231821,3.2728974,0.7748516,-3.2728974,0.7748516,"China"
800,55,-0.2619832,56,"Thailand",2000,"Non-Nuclear","Thailand",TRUE,2.791143,-1.4214,3.0531262,1.1594168,-3.0531262,1.1594168,"China"
800,56,-0.3666262,59,"Thailand",2001,"Non-Nuclear","Thailand",TRUE,2.776079,-1.225334,3.1427052,0.8587078,-3.1427052,0.8587078,"China"
800,57,-0.3209199,61,"Thailand",2002,"Non-Nuclear","Thailand",TRUE,2.879599,-1.178515,3.2005189,0.8575951,-3.2005189,0.8575951,"China"
800,58,-0.18391,65,"Thailand",2003,"Non-Nuclear","Thailand",TRUE,3.075062,-1.499709,3.258972,1.315799,-3.258972,1.315799,"China"
800,59,-0.04632805,60,"Thailand",2004,"Non-Nuclear","Thailand",TRUE,2.95537,-1.344689,3.00169805,1.29836095,-3.00169805,1.29836095,"China"
800,60,-0.2205673,64,"Thailand",2005,"Non-Nuclear","Thailand",TRUE,2.993309,-1.352246,3.2138763,1.1316787,-3.2138763,1.1316787,"China"
800,61,-0.2703649,79,"Thailand",2006,"Non-Nuclear","Thailand",TRUE,2.803737,-1.236102,3.0741019,0.9657371,-3.0741019,0.9657371,"China"
800,62,-0.2159853,67,"Thailand",2007,"Non-Nuclear","Thailand",TRUE,2.721347,-1.263166,2.9373323,1.0471807,-2.9373323,1.0471807,"China"
800,63,-0.2327304,62,"Thailand",2008,"Non-Nuclear","Thailand",TRUE,2.697073,-1.336076,2.9298034,1.1033456,-2.9298034,1.1033456,"China"
800,64,-0.4597298,55,"Thailand",2009,"Non-Nuclear","Thailand",TRUE,2.547983,-1.2312,3.0077128,0.7714702,-3.0077128,0.7714702,"China"
800,65,-0.533285,55,"Thailand",2010,"Non-Nuclear","Thailand",TRUE,2.496517,-1.473132,3.029802,0.939847,-3.029802,0.939847,"China"
800,66,-0.450777,56,"Thailand",2011,"Non-Nuclear","Thailand",TRUE,2.517181,-1.266392,2.967958,0.815615,-2.967958,0.815615,"China"
800,67,-0.413231,54,"Thailand",2012,"Non-Nuclear","Thailand",TRUE,2.594647,-1.403848,3.007878,0.990617,-3.007878,0.990617,"China"
800,68,-0.3642693,52,"Thailand",2013,"Non-Nuclear","Thailand",TRUE,2.760444,-1.115805,3.1247133,0.7515357,-3.1247133,0.7515357,"China"
800,69,-0.3673724,66,"Thailand",2014,"Non-Nuclear","Thailand",TRUE,2.720512,-1.343422,3.0878844,0.9760496,-3.0878844,0.9760496,"China"
800,70,-0.361108,54,"Thailand",2015,"Non-Nuclear","Thailand",TRUE,2.607562,-1.561699,2.96867,1.200591,-2.96867,1.200591,"China"
800,71,-0.3968638,60,"Thailand",2016,"Non-Nuclear","Thailand",TRUE,2.582056,-1.618711,2.9789198,1.2218472,-2.9789198,1.2218472,"China"
800,72,-0.4776527,74,"Thailand",2017,"Non-Nuclear","Thailand",TRUE,2.718879,-1.787184,3.1965317,1.3095313,-3.1965317,1.3095313,"China"
800,73,-0.4422742,79,"Thailand",2018,"Non-Nuclear","Thailand",TRUE,2.876313,-1.774517,3.3185872,1.3322428,-3.3185872,1.3322428,"China"
800,74,-0.452961,74,"Thailand",2019,"Non-Nuclear","Thailand",TRUE,2.779945,-1.687587,3.232906,1.234626,-3.232906,1.234626,"China"
811,22,-1.156108,42,"Cambodia",1967,"Non-Nuclear","Cambodia",TRUE,2.412595,NA,3.568703,NA,-3.568703,NA,NA
811,23,-1.471277,42,"Cambodia",1968,"Non-Nuclear","Cambodia",TRUE,2.298023,NA,3.7693,NA,-3.7693,NA,NA
811,24,-1.45983,27,"Cambodia",1969,"Non-Nuclear","Cambodia",TRUE,2.110631,NA,3.570461,NA,-3.570461,NA,NA
811,25,0.4857453,42,"Cambodia",1970,"Non-Nuclear","Cambodia",TRUE,2.138307,NA,1.6525617,NA,-1.6525617,NA,NA
811,26,0.6804226,80,"Cambodia",1971,"Non-Nuclear","Cambodia",TRUE,1.771414,-0.874594,1.0909914,1.5550166,-1.0909914,1.5550166,"United States"
811,27,0.3556147,81,"Cambodia",1972,"Non-Nuclear","Cambodia",TRUE,2.173104,-0.8152633,1.8174893,1.170878,-1.8174893,1.170878,"China"
811,28,0.6050685,68,"Cambodia",1973,"Non-Nuclear","Cambodia",TRUE,2.217385,-0.5512493,1.6123165,1.1563178,-1.6123165,1.1563178,"China"
811,29,0.2876881,60,"Cambodia",1974,"Non-Nuclear","Cambodia",TRUE,2.167212,-0.806259,1.8795239,1.0939471,-1.8795239,1.0939471,"China"
811,30,-0.4067161,23,"Cambodia",1975,"Non-Nuclear","Cambodia",TRUE,2.501608,-0.331507,2.9083241,0.0752091,-2.9083241,-0.0752091,"China"
811,31,-0.7455634,27,"Cambodia",1976,"Non-Nuclear","Cambodia",TRUE,2.785702,-1.13053,3.5312654,0.3849666,-3.5312654,0.3849666,"China"
811,33,-0.6144639,22,"Cambodia",1978,"Non-Nuclear","Cambodia",TRUE,2.245043,-0.3355613,2.8595069,0.2789026,-2.8595069,-0.2789026,"China"
811,34,-0.135689,71,"Cambodia",1979,"Non-Nuclear","Cambodia",TRUE,2.297626,-0.07855172,2.433315,0.05713728,-2.433315,-0.05713728,"China"
811,35,0.02100663,63,"Cambodia",1980,"Non-Nuclear","Cambodia",TRUE,2.369428,0.01412094,2.34842137,0.00688569,-2.34842137,0.00688569,"China"
811,36,-0.03365251,98,"Cambodia",1981,"Non-Nuclear","Cambodia",TRUE,2.702694,-0.04049149,2.73634651,0.00683898,-2.73634651,0.00683898,"China"
811,37,-0.004702952,120,"Cambodia",1982,"Non-Nuclear","Cambodia",TRUE,2.630828,0.03060733,2.635530952,0.035310282,-2.635530952,-0.035310282,"China"
811,38,0.01232887,109,"Cambodia",1983,"Non-Nuclear","Cambodia",TRUE,2.577447,-0.1096046,2.56511813,0.12193347,-2.56511813,0.12193347,"China"
811,39,-0.09502811,115,"Cambodia",1984,"Non-Nuclear","Cambodia",TRUE,2.760373,-0.02008337,2.85540111,0.07494474,-2.85540111,-0.07494474,"China"
811,40,-0.1361445,118,"Cambodia",1985,"Non-Nuclear","Cambodia",TRUE,2.773443,-0.02193362,2.9095875,0.11421088,-2.9095875,-0.11421088,"China"
811,41,-0.06413251,113,"Cambodia",1986,"Non-Nuclear","Cambodia",TRUE,2.940705,0.008668966,3.00483751,0.072801476,-3.00483751,-0.072801476,"China"
811,42,-0.232962,106,"Cambodia",1987,"Non-Nuclear","Cambodia",TRUE,3.031489,-0.0538274,3.264451,0.1791346,-3.264451,-0.1791346,"China"
811,43,-0.444297,96,"Cambodia",1988,"Non-Nuclear","Cambodia",TRUE,3.013705,-0.2483772,3.458002,0.1959198,-3.458002,-0.1959198,"China"
811,44,-0.430494,88,"Cambodia",1989,"Non-Nuclear","Cambodia",TRUE,3.136412,-0.3130107,3.566906,0.1174833,-3.566906,-0.1174833,"China"
811,46,-0.44074,27,"Cambodia",1991,"Non-Nuclear","Cambodia",TRUE,2.959138,-0.901679,3.399878,0.460939,-3.399878,0.460939,"China"
811,47,-0.4591586,1,"Cambodia",1992,"Non-Nuclear","Cambodia",TRUE,2.943147,-1.373362,3.4023056,0.9142034,-3.4023056,0.9142034,"China"
811,48,-0.6921237,40,"Cambodia",1993,"Non-Nuclear","Cambodia",TRUE,2.923423,-1.538445,3.6155467,0.8463213,-3.6155467,0.8463213,"China"
811,49,-0.1367727,46,"Cambodia",1994,"Non-Nuclear","Cambodia",TRUE,3.07938,-1.687723,3.2161527,1.5509503,-3.2161527,1.5509503,"China"
811,50,-0.01239724,44,"Cambodia",1995,"Non-Nuclear","Cambodia",TRUE,3.284506,-1.643561,3.29690324,1.63116376,-3.29690324,1.63116376,"China"
811,51,-0.2011601,60,"Cambodia",1996,"Non-Nuclear","Cambodia",TRUE,3.406155,-1.369822,3.6073151,1.1686619,-3.6073151,1.1686619,"China"
811,54,-0.8933783,54,"Cambodia",1999,"Non-Nuclear","Cambodia",TRUE,2.815928,-1.231821,3.7093063,0.3384427,-3.7093063,0.3384427,"China"
811,55,-0.793374,53,"Cambodia",2000,"Non-Nuclear","Cambodia",TRUE,2.791143,-1.4214,3.584517,0.628026,-3.584517,0.628026,"China"
811,56,-0.7614876,54,"Cambodia",2001,"Non-Nuclear","Cambodia",TRUE,2.776079,-1.225334,3.5375666,0.4638464,-3.5375666,0.4638464,"China"
811,57,-0.7645051,58,"Cambodia",2002,"Non-Nuclear","Cambodia",TRUE,2.879599,-1.178515,3.6441041,0.4140099,-3.6441041,0.4140099,"China"
811,58,-0.6628221,65,"Cambodia",2003,"Non-Nuclear","Cambodia",TRUE,3.075062,-1.499709,3.7378841,0.8368869,-3.7378841,0.8368869,"China"
811,59,-0.5400428,58,"Cambodia",2004,"Non-Nuclear","Cambodia",TRUE,2.95537,-1.344689,3.4954128,0.8046462,-3.4954128,0.8046462,"China"
811,60,-0.6703236,56,"Cambodia",2005,"Non-Nuclear","Cambodia",TRUE,2.993309,-1.352246,3.6636326,0.6819224,-3.6636326,0.6819224,"China"
811,61,-0.9408746,71,"Cambodia",2006,"Non-Nuclear","Cambodia",TRUE,2.803737,-1.236102,3.7446116,0.2952274,-3.7446116,0.2952274,"China"
811,62,-0.604481,62,"Cambodia",2007,"Non-Nuclear","Cambodia",TRUE,2.721347,-1.263166,3.325828,0.658685,-3.325828,0.658685,"China"
811,63,-0.6903507,59,"Cambodia",2008,"Non-Nuclear","Cambodia",TRUE,2.697073,-1.336076,3.3874237,0.6457253,-3.3874237,0.6457253,"China"
811,64,-0.6342138,38,"Cambodia",2009,"Non-Nuclear","Cambodia",TRUE,2.547983,-1.2312,3.1821968,0.5969862,-3.1821968,0.5969862,"China"
811,65,-0.7866743,52,"Cambodia",2010,"Non-Nuclear","Cambodia",TRUE,2.496517,-1.473132,3.2831913,0.6864577,-3.2831913,0.6864577,"China"
811,66,-0.9005793,49,"Cambodia",2011,"Non-Nuclear","Cambodia",TRUE,2.517181,-1.266392,3.4177603,0.3658127,-3.4177603,0.3658127,"China"
811,67,-0.7600171,53,"Cambodia",2012,"Non-Nuclear","Cambodia",TRUE,2.594647,-1.403848,3.3546641,0.6438309,-3.3546641,0.6438309,"China"
811,68,-0.8576123,48,"Cambodia",2013,"Non-Nuclear","Cambodia",TRUE,2.760444,-1.115805,3.6180563,0.2581927,-3.6180563,0.2581927,"China"
811,69,-0.7917371,63,"Cambodia",2014,"Non-Nuclear","Cambodia",TRUE,2.720512,-1.343422,3.5122491,0.5516849,-3.5122491,0.5516849,"China"
811,70,-1.014081,52,"Cambodia",2015,"Non-Nuclear","Cambodia",TRUE,2.607562,-1.561699,3.621643,0.547618,-3.621643,0.547618,"China"
811,71,-0.9865034,55,"Cambodia",2016,"Non-Nuclear","Cambodia",TRUE,2.582056,-1.618711,3.5685594,0.6322076,-3.5685594,0.6322076,"China"
811,72,-1.071131,73,"Cambodia",2017,"Non-Nuclear","Cambodia",TRUE,2.718879,-1.787184,3.79001,0.716053,-3.79001,0.716053,"China"
811,73,-1.421414,77,"Cambodia",2018,"Non-Nuclear","Cambodia",TRUE,2.876313,-1.774517,4.297727,0.353103,-4.297727,0.353103,"China"
811,74,-1.446741,72,"Cambodia",2019,"Non-Nuclear","Cambodia",TRUE,2.779945,-1.687587,4.226686,0.240846,-4.226686,0.240846,"China"
812,22,0.231095,44,"Laos",1967,"Non-Nuclear","Laos",TRUE,2.412595,NA,2.1815,NA,-2.1815,NA,NA
812,23,0.4173442,47,"Laos",1968,"Non-Nuclear","Laos",TRUE,2.298023,NA,1.8806788,NA,-1.8806788,NA,NA
812,24,0.363534,37,"Laos",1969,"Non-Nuclear","Laos",TRUE,2.110631,NA,1.747097,NA,-1.747097,NA,NA
812,25,0.2488992,50,"Laos",1970,"Non-Nuclear","Laos",TRUE,2.138307,NA,1.8894078,NA,-1.8894078,NA,NA
812,26,0.4428613,87,"Laos",1971,"Non-Nuclear","Laos",TRUE,1.771414,-0.874594,1.3285527,1.3174553,-1.3285527,1.3174553,"China"
812,27,0.7423571,83,"Laos",1972,"Non-Nuclear","Laos",TRUE,2.173104,-0.8152633,1.4307469,1.5576204,-1.4307469,1.5576204,"United States"
812,28,0.247227,65,"Laos",1973,"Non-Nuclear","Laos",TRUE,2.217385,-0.5512493,1.970158,0.7984763,-1.970158,0.7984763,"China"
812,29,0.5707035,60,"Laos",1974,"Non-Nuclear","Laos",TRUE,2.167212,-0.806259,1.5965085,1.3769625,-1.5965085,1.3769625,"China"
812,30,-0.4365434,58,"Laos",1975,"Non-Nuclear","Laos",TRUE,2.501608,-0.331507,2.9381514,0.1050364,-2.9381514,-0.1050364,"China"
812,31,-0.5034101,78,"Laos",1976,"Non-Nuclear","Laos",TRUE,2.785702,-1.13053,3.2891121,0.6271199,-3.2891121,0.6271199,"China"
812,32,-0.3887601,75,"Laos",1977,"Non-Nuclear","Laos",TRUE,2.320957,-0.8797116,2.7097171,0.4909515,-2.7097171,0.4909515,"China"
812,33,-0.7282022,86,"Laos",1978,"Non-Nuclear","Laos",TRUE,2.245043,-0.3355613,2.9732452,0.3926409,-2.9732452,-0.3926409,"China"
812,34,-0.9860306,86,"Laos",1979,"Non-Nuclear","Laos",TRUE,2.297626,-0.07855172,3.2836566,0.90747888,-3.2836566,-0.90747888,"China"
812,35,-1.665958,72,"Laos",1980,"Non-Nuclear","Laos",TRUE,2.369428,0.01412094,4.035386,1.68007894,-4.035386,-1.68007894,"China"
812,36,-1.776041,101,"Laos",1981,"Non-Nuclear","Laos",TRUE,2.702694,-0.04049149,4.478735,1.73554951,-4.478735,-1.73554951,"China"
812,37,-1.656616,116,"Laos",1982,"Non-Nuclear","Laos",TRUE,2.630828,0.03060733,4.287444,1.68722333,-4.287444,-1.68722333,"China"
812,38,-1.583451,101,"Laos",1983,"Non-Nuclear","Laos",TRUE,2.577447,-0.1096046,4.160898,1.4738464,-4.160898,-1.4738464,"China"
812,39,-1.502881,121,"Laos",1984,"Non-Nuclear","Laos",TRUE,2.760373,-0.02008337,4.263254,1.48279763,-4.263254,-1.48279763,"China"
812,40,-1.61654,113,"Laos",1985,"Non-Nuclear","Laos",TRUE,2.773443,-0.02193362,4.389983,1.59460638,-4.389983,-1.59460638,"China"
812,41,-1.549374,121,"Laos",1986,"Non-Nuclear","Laos",TRUE,2.940705,0.008668966,4.490079,1.558042966,-4.490079,-1.558042966,"China"
812,42,-1.225927,117,"Laos",1987,"Non-Nuclear","Laos",TRUE,3.031489,-0.0538274,4.257416,1.1720996,-4.257416,-1.1720996,"China"
812,43,-0.9855376,113,"Laos",1988,"Non-Nuclear","Laos",TRUE,3.013705,-0.2483772,3.9992426,0.7371604,-3.9992426,-0.7371604,"China"
812,44,-0.6867513,93,"Laos",1989,"Non-Nuclear","Laos",TRUE,3.136412,-0.3130107,3.8231633,0.3737406,-3.8231633,-0.3737406,"China"
812,45,-0.8567236,66,"Laos",1990,"Non-Nuclear","Laos",TRUE,3.048921,-0.6756167,3.9056446,0.1811069,-3.9056446,-0.1811069,"China"
812,46,-0.8555274,62,"Laos",1991,"Non-Nuclear","Laos",TRUE,2.959138,-0.901679,3.8146654,0.0461516,-3.8146654,0.0461516,"China"
812,47,-0.9460369,61,"Laos",1992,"Non-Nuclear","Laos",TRUE,2.943147,-1.373362,3.8891839,0.4273251,-3.8891839,0.4273251,"China"
812,48,-1.069539,56,"Laos",1993,"Non-Nuclear","Laos",TRUE,2.923423,-1.538445,3.992962,0.468906,-3.992962,0.468906,"China"
812,49,-1.338362,49,"Laos",1994,"Non-Nuclear","Laos",TRUE,3.07938,-1.687723,4.417742,0.349361,-4.417742,0.349361,"China"
812,50,-1.207547,62,"Laos",1995,"Non-Nuclear","Laos",TRUE,3.284506,-1.643561,4.492053,0.436014,-4.492053,0.436014,"China"
812,51,-1.108585,53,"Laos",1996,"Non-Nuclear","Laos",TRUE,3.406155,-1.369822,4.51474,0.261237,-4.51474,0.261237,"China"
812,52,-1.297664,55,"Laos",1997,"Non-Nuclear","Laos",TRUE,3.260079,-1.210441,4.557743,0.0872229999999998,-4.557743,-0.0872229999999998,"China"
812,53,-1.196326,45,"Laos",1998,"Non-Nuclear","Laos",TRUE,3.009997,-1.116003,4.206323,0.0803229999999999,-4.206323,-0.0803229999999999,"China"
812,54,-1.174285,52,"Laos",1999,"Non-Nuclear","Laos",TRUE,2.815928,-1.231821,3.990213,0.057536,-3.990213,0.057536,"China"
812,55,-1.180959,52,"Laos",2000,"Non-Nuclear","Laos",TRUE,2.791143,-1.4214,3.972102,0.240441,-3.972102,0.240441,"China"
812,56,-1.328843,51,"Laos",2001,"Non-Nuclear","Laos",TRUE,2.776079,-1.225334,4.104922,0.103509,-4.104922,-0.103509,"China"
812,57,-1.03872,50,"Laos",2002,"Non-Nuclear","Laos",TRUE,2.879599,-1.178515,3.918319,0.139795,-3.918319,0.139795,"China"
812,58,-0.7108725,59,"Laos",2003,"Non-Nuclear","Laos",TRUE,3.075062,-1.499709,3.7859345,0.7888365,-3.7859345,0.7888365,"China"
812,59,-0.8612144,56,"Laos",2004,"Non-Nuclear","Laos",TRUE,2.95537,-1.344689,3.8165844,0.4834746,-3.8165844,0.4834746,"China"
812,60,-0.6543439,59,"Laos",2005,"Non-Nuclear","Laos",TRUE,2.993309,-1.352246,3.6476529,0.6979021,-3.6476529,0.6979021,"China"
812,61,-0.924272,70,"Laos",2006,"Non-Nuclear","Laos",TRUE,2.803737,-1.236102,3.728009,0.31183,-3.728009,0.31183,"China"
812,62,-0.7622176,62,"Laos",2007,"Non-Nuclear","Laos",TRUE,2.721347,-1.263166,3.4835646,0.5009484,-3.4835646,0.5009484,"China"
812,63,-0.7866748,58,"Laos",2008,"Non-Nuclear","Laos",TRUE,2.697073,-1.336076,3.4837478,0.5494012,-3.4837478,0.5494012,"China"
812,64,-0.9126358,50,"Laos",2009,"Non-Nuclear","Laos",TRUE,2.547983,-1.2312,3.4606188,0.3185642,-3.4606188,0.3185642,"China"
812,65,-0.8827902,53,"Laos",2010,"Non-Nuclear","Laos",TRUE,2.496517,-1.473132,3.3793072,0.5903418,-3.3793072,0.5903418,"China"
812,66,-1.012788,50,"Laos",2011,"Non-Nuclear","Laos",TRUE,2.517181,-1.266392,3.529969,0.253604,-3.529969,0.253604,"China"
812,67,-0.7863059,52,"Laos",2012,"Non-Nuclear","Laos",TRUE,2.594647,-1.403848,3.3809529,0.6175421,-3.3809529,0.6175421,"China"
812,68,-0.9383588,50,"Laos",2013,"Non-Nuclear","Laos",TRUE,2.760444,-1.115805,3.6988028,0.1774462,-3.6988028,0.1774462,"China"
812,69,-1.143814,63,"Laos",2014,"Non-Nuclear","Laos",TRUE,2.720512,-1.343422,3.864326,0.199608,-3.864326,0.199608,"China"
812,70,-1.242335,52,"Laos",2015,"Non-Nuclear","Laos",TRUE,2.607562,-1.561699,3.849897,0.319364,-3.849897,0.319364,"China"
812,71,-1.00314,56,"Laos",2016,"Non-Nuclear","Laos",TRUE,2.582056,-1.618711,3.585196,0.615571,-3.585196,0.615571,"China"
812,72,-1.227766,72,"Laos",2017,"Non-Nuclear","Laos",TRUE,2.718879,-1.787184,3.946645,0.559418,-3.946645,0.559418,"China"
812,73,-1.018892,78,"Laos",2018,"Non-Nuclear","Laos",TRUE,2.876313,-1.774517,3.895205,0.755625,-3.895205,0.755625,"China"
812,74,-0.9621035,74,"Laos",2019,"Non-Nuclear","Laos",TRUE,2.779945,-1.687587,3.7420485,0.7254835,-3.7420485,0.7254835,"China"
816,32,-1.093124,63,"Vietnam",1977,"Non-Nuclear","Vietnam",TRUE,2.320957,-0.8797116,3.414081,0.2134124,-3.414081,-0.2134124,"China"
816,33,-0.8845368,72,"Vietnam",1978,"Non-Nuclear","Vietnam",TRUE,2.245043,-0.3355613,3.1295798,0.5489755,-3.1295798,-0.5489755,"China"
816,34,-1.135318,84,"Vietnam",1979,"Non-Nuclear","Vietnam",TRUE,2.297626,-0.07855172,3.432944,1.05676628,-3.432944,-1.05676628,"China"
816,35,-1.443567,72,"Vietnam",1980,"Non-Nuclear","Vietnam",TRUE,2.369428,0.01412094,3.812995,1.45768794,-3.812995,-1.45768794,"China"
816,36,-1.772564,103,"Vietnam",1981,"Non-Nuclear","Vietnam",TRUE,2.702694,-0.04049149,4.475258,1.73207251,-4.475258,-1.73207251,"China"
816,37,-1.654652,121,"Vietnam",1982,"Non-Nuclear","Vietnam",TRUE,2.630828,0.03060733,4.28548,1.68525933,-4.28548,-1.68525933,"China"
816,38,-1.606693,107,"Vietnam",1983,"Non-Nuclear","Vietnam",TRUE,2.577447,-0.1096046,4.18414,1.4970884,-4.18414,-1.4970884,"China"
816,39,-1.40146,120,"Vietnam",1984,"Non-Nuclear","Vietnam",TRUE,2.760373,-0.02008337,4.161833,1.38137663,-4.161833,-1.38137663,"China"
816,40,-1.568446,117,"Vietnam",1985,"Non-Nuclear","Vietnam",TRUE,2.773443,-0.02193362,4.341889,1.54651238,-4.341889,-1.54651238,"China"
816,41,-1.534799,121,"Vietnam",1986,"Non-Nuclear","Vietnam",TRUE,2.940705,0.008668966,4.475504,1.543467966,-4.475504,-1.543467966,"China"
816,42,-1.228859,122,"Vietnam",1987,"Non-Nuclear","Vietnam",TRUE,3.031489,-0.0538274,4.260348,1.1750316,-4.260348,-1.1750316,"China"
816,43,-1.39634,113,"Vietnam",1988,"Non-Nuclear","Vietnam",TRUE,3.013705,-0.2483772,4.410045,1.1479628,-4.410045,-1.1479628,"China"
816,44,-0.7833015,94,"Vietnam",1989,"Non-Nuclear","Vietnam",TRUE,3.136412,-0.3130107,3.9197135,0.4702908,-3.9197135,-0.4702908,"China"
816,45,-1.093708,67,"Vietnam",1990,"Non-Nuclear","Vietnam",TRUE,3.048921,-0.6756167,4.142629,0.4180913,-4.142629,-0.4180913,"China"
816,46,-1.101739,62,"Vietnam",1991,"Non-Nuclear","Vietnam",TRUE,2.959138,-0.901679,4.060877,0.20006,-4.060877,-0.20006,"China"
816,47,-1.284555,64,"Vietnam",1992,"Non-Nuclear","Vietnam",TRUE,2.943147,-1.373362,4.227702,0.0888070000000001,-4.227702,0.0888070000000001,"China"
816,48,-1.525585,59,"Vietnam",1993,"Non-Nuclear","Vietnam",TRUE,2.923423,-1.538445,4.449008,0.0128600000000001,-4.449008,0.0128600000000001,"China"
816,49,-1.659452,51,"Vietnam",1994,"Non-Nuclear","Vietnam",TRUE,3.07938,-1.687723,4.738832,0.0282710000000002,-4.738832,0.0282710000000002,"China"
816,50,-1.649423,62,"Vietnam",1995,"Non-Nuclear","Vietnam",TRUE,3.284506,-1.643561,4.933929,0.00586200000000003,-4.933929,-0.00586200000000003,"China"
816,51,-1.493508,55,"Vietnam",1996,"Non-Nuclear","Vietnam",TRUE,3.406155,-1.369822,4.899663,0.123686,-4.899663,-0.123686,"China"
816,52,-1.591598,54,"Vietnam",1997,"Non-Nuclear","Vietnam",TRUE,3.260079,-1.210441,4.851677,0.381157,-4.851677,-0.381157,"China"
816,53,-1.425154,44,"Vietnam",1998,"Non-Nuclear","Vietnam",TRUE,3.009997,-1.116003,4.435151,0.309151,-4.435151,-0.309151,"China"
816,54,-1.520228,50,"Vietnam",1999,"Non-Nuclear","Vietnam",TRUE,2.815928,-1.231821,4.336156,0.288407,-4.336156,-0.288407,"China"
816,55,-1.341245,51,"Vietnam",2000,"Non-Nuclear","Vietnam",TRUE,2.791143,-1.4214,4.132388,0.080155,-4.132388,0.080155,"China"
816,56,-1.442702,51,"Vietnam",2001,"Non-Nuclear","Vietnam",TRUE,2.776079,-1.225334,4.218781,0.217368,-4.218781,-0.217368,"China"
816,57,-1.473523,56,"Vietnam",2002,"Non-Nuclear","Vietnam",TRUE,2.879599,-1.178515,4.353122,0.295008,-4.353122,-0.295008,"China"
816,58,-1.588986,60,"Vietnam",2003,"Non-Nuclear","Vietnam",TRUE,3.075062,-1.499709,4.664048,0.0892770000000001,-4.664048,-0.0892770000000001,"China"
816,59,-1.546824,54,"Vietnam",2004,"Non-Nuclear","Vietnam",TRUE,2.95537,-1.344689,4.502194,0.202135,-4.502194,-0.202135,"China"
816,60,-1.494603,56,"Vietnam",2005,"Non-Nuclear","Vietnam",TRUE,2.993309,-1.352246,4.487912,0.142357,-4.487912,-0.142357,"China"
816,61,-1.45065,76,"Vietnam",2006,"Non-Nuclear","Vietnam",TRUE,2.803737,-1.236102,4.254387,0.214548,-4.254387,-0.214548,"China"
816,62,-1.312061,64,"Vietnam",2007,"Non-Nuclear","Vietnam",TRUE,2.721347,-1.263166,4.033408,0.0488949999999999,-4.033408,-0.0488949999999999,"China"
816,63,-1.34325,59,"Vietnam",2008,"Non-Nuclear","Vietnam",TRUE,2.697073,-1.336076,4.040323,0.00717400000000001,-4.040323,-0.00717400000000001,"China"
816,64,-1.39969,52,"Vietnam",2009,"Non-Nuclear","Vietnam",TRUE,2.547983,-1.2312,3.947673,0.16849,-3.947673,-0.16849,"China"
816,65,-1.429258,53,"Vietnam",2010,"Non-Nuclear","Vietnam",TRUE,2.496517,-1.473132,3.925775,0.0438740000000002,-3.925775,0.0438740000000002,"China"
816,66,-1.336074,54,"Vietnam",2011,"Non-Nuclear","Vietnam",TRUE,2.517181,-1.266392,3.853255,0.069682,-3.853255,-0.069682,"China"
816,67,-1.26181,53,"Vietnam",2012,"Non-Nuclear","Vietnam",TRUE,2.594647,-1.403848,3.856457,0.142038,-3.856457,0.142038,"China"
816,68,-1.233734,50,"Vietnam",2013,"Non-Nuclear","Vietnam",TRUE,2.760444,-1.115805,3.994178,0.117929,-3.994178,-0.117929,"China"
816,69,-1.196244,64,"Vietnam",2014,"Non-Nuclear","Vietnam",TRUE,2.720512,-1.343422,3.916756,0.147178,-3.916756,0.147178,"China"
816,70,-1.212809,50,"Vietnam",2015,"Non-Nuclear","Vietnam",TRUE,2.607562,-1.561699,3.820371,0.34889,-3.820371,0.34889,"China"
816,71,-1.1661,56,"Vietnam",2016,"Non-Nuclear","Vietnam",TRUE,2.582056,-1.618711,3.748156,0.452611,-3.748156,0.452611,"China"
816,72,-1.004927,73,"Vietnam",2017,"Non-Nuclear","Vietnam",TRUE,2.718879,-1.787184,3.723806,0.782257,-3.723806,0.782257,"China"
816,73,-0.9025499,78,"Vietnam",2018,"Non-Nuclear","Vietnam",TRUE,2.876313,-1.774517,3.7788629,0.8719671,-3.7788629,0.8719671,"China"
816,74,-0.8397639,72,"Vietnam",2019,"Non-Nuclear","Vietnam",TRUE,2.779945,-1.687587,3.6197089,0.8478231,-3.6197089,0.8478231,"China"
820,22,-0.2137426,51,"Malaysia",1967,"Non-Nuclear","Malaysia",TRUE,2.412595,NA,2.6263376,NA,-2.6263376,NA,NA
820,23,0.5356795,47,"Malaysia",1968,"Non-Nuclear","Malaysia",TRUE,2.298023,NA,1.7623435,NA,-1.7623435,NA,NA
820,24,0.369191,42,"Malaysia",1969,"Non-Nuclear","Malaysia",TRUE,2.110631,NA,1.74144,NA,-1.74144,NA,NA
820,25,0.02815382,64,"Malaysia",1970,"Non-Nuclear","Malaysia",TRUE,2.138307,NA,2.11015318,NA,-2.11015318,NA,NA
820,26,-0.2237254,111,"Malaysia",1971,"Non-Nuclear","Malaysia",TRUE,1.771414,-0.874594,1.9951394,0.6508686,-1.9951394,0.6508686,"China"
820,27,-0.1970852,92,"Malaysia",1972,"Non-Nuclear","Malaysia",TRUE,2.173104,-0.8152633,2.3701892,0.6181781,-2.3701892,0.6181781,"China"
820,28,-0.04815109,85,"Malaysia",1973,"Non-Nuclear","Malaysia",TRUE,2.217385,-0.5512493,2.26553609,0.50309821,-2.26553609,0.50309821,"China"
820,29,0.1320487,62,"Malaysia",1974,"Non-Nuclear","Malaysia",TRUE,2.167212,-0.806259,2.0351633,0.9383077,-2.0351633,0.9383077,"China"
820,30,-0.09224567,58,"Malaysia",1975,"Non-Nuclear","Malaysia",TRUE,2.501608,-0.331507,2.59385367,0.23926133,-2.59385367,0.23926133,"China"
820,31,-0.1520153,78,"Malaysia",1976,"Non-Nuclear","Malaysia",TRUE,2.785702,-1.13053,2.9377173,0.9785147,-2.9377173,0.9785147,"China"
820,32,-0.005371608,82,"Malaysia",1977,"Non-Nuclear","Malaysia",TRUE,2.320957,-0.8797116,2.326328608,0.874339992,-2.326328608,0.874339992,"China"
820,33,-0.1215721,110,"Malaysia",1978,"Non-Nuclear","Malaysia",TRUE,2.245043,-0.3355613,2.3666151,0.2139892,-2.3666151,0.2139892,"China"
820,34,-0.01218438,106,"Malaysia",1979,"Non-Nuclear","Malaysia",TRUE,2.297626,-0.07855172,2.30981038,0.06636734,-2.30981038,0.06636734,"China"
820,35,-0.02431315,85,"Malaysia",1980,"Non-Nuclear","Malaysia",TRUE,2.369428,0.01412094,2.39374115,0.03843409,-2.39374115,-0.03843409,"China"
820,36,-0.110929,115,"Malaysia",1981,"Non-Nuclear","Malaysia",TRUE,2.702694,-0.04049149,2.813623,0.07043751,-2.813623,-0.07043751,"China"
820,37,-0.02947763,132,"Malaysia",1982,"Non-Nuclear","Malaysia",TRUE,2.630828,0.03060733,2.66030563,0.06008496,-2.66030563,-0.06008496,"China"
820,38,-0.1631355,117,"Malaysia",1983,"Non-Nuclear","Malaysia",TRUE,2.577447,-0.1096046,2.7405825,0.0535309,-2.7405825,-0.0535309,"China"
820,39,-0.2266753,123,"Malaysia",1984,"Non-Nuclear","Malaysia",TRUE,2.760373,-0.02008337,2.9870483,0.20659193,-2.9870483,-0.20659193,"China"
820,40,-0.1297743,128,"Malaysia",1985,"Non-Nuclear","Malaysia",TRUE,2.773443,-0.02193362,2.9032173,0.10784068,-2.9032173,-0.10784068,"China"
820,41,-0.2305146,129,"Malaysia",1986,"Non-Nuclear","Malaysia",TRUE,2.940705,0.008668966,3.1712196,0.239183566,-3.1712196,-0.239183566,"China"
820,42,-0.2347611,124,"Malaysia",1987,"Non-Nuclear","Malaysia",TRUE,3.031489,-0.0538274,3.2662501,0.1809337,-3.2662501,-0.1809337,"China"
820,43,-0.2855341,114,"Malaysia",1988,"Non-Nuclear","Malaysia",TRUE,3.013705,-0.2483772,3.2992391,0.0371569,-3.2992391,-0.0371569,"China"
820,44,-0.5409755,95,"Malaysia",1989,"Non-Nuclear","Malaysia",TRUE,3.136412,-0.3130107,3.6773875,0.2279648,-3.6773875,-0.2279648,"China"
820,45,-0.637273,69,"Malaysia",1990,"Non-Nuclear","Malaysia",TRUE,3.048921,-0.6756167,3.686194,0.0383437,-3.686194,0.0383437,"China"
820,46,-1.236733,64,"Malaysia",1991,"Non-Nuclear","Malaysia",TRUE,2.959138,-0.901679,4.195871,0.335054,-4.195871,-0.335054,"China"
820,47,-1.083446,65,"Malaysia",1992,"Non-Nuclear","Malaysia",TRUE,2.943147,-1.373362,4.026593,0.289916,-4.026593,0.289916,"China"
820,48,-1.103592,60,"Malaysia",1993,"Non-Nuclear","Malaysia",TRUE,2.923423,-1.538445,4.027015,0.434853,-4.027015,0.434853,"China"
820,49,-0.7365274,56,"Malaysia",1994,"Non-Nuclear","Malaysia",TRUE,3.07938,-1.687723,3.8159074,0.9511956,-3.8159074,0.9511956,"China"
820,50,-0.6916933,69,"Malaysia",1995,"Non-Nuclear","Malaysia",TRUE,3.284506,-1.643561,3.9761993,0.9518677,-3.9761993,0.9518677,"China"
820,51,-0.717296,63,"Malaysia",1996,"Non-Nuclear","Malaysia",TRUE,3.406155,-1.369822,4.123451,0.652526,-4.123451,0.652526,"China"
820,52,-0.73673,63,"Malaysia",1997,"Non-Nuclear","Malaysia",TRUE,3.260079,-1.210441,3.996809,0.473711,-3.996809,0.473711,"China"
820,53,-0.6950072,53,"Malaysia",1998,"Non-Nuclear","Malaysia",TRUE,3.009997,-1.116003,3.7050042,0.4209958,-3.7050042,0.4209958,"China"
820,54,-0.678448,58,"Malaysia",1999,"Non-Nuclear","Malaysia",TRUE,2.815928,-1.231821,3.494376,0.553373,-3.494376,0.553373,"China"
820,55,-0.6778567,56,"Malaysia",2000,"Non-Nuclear","Malaysia",TRUE,2.791143,-1.4214,3.4689997,0.7435433,-3.4689997,0.7435433,"China"
820,56,-0.9496722,57,"Malaysia",2001,"Non-Nuclear","Malaysia",TRUE,2.776079,-1.225334,3.7257512,0.2756618,-3.7257512,0.2756618,"China"
820,57,-0.7582099,60,"Malaysia",2002,"Non-Nuclear","Malaysia",TRUE,2.879599,-1.178515,3.6378089,0.4203051,-3.6378089,0.4203051,"China"
820,58,-1.00155,65,"Malaysia",2003,"Non-Nuclear","Malaysia",TRUE,3.075062,-1.499709,4.076612,0.498159,-4.076612,0.498159,"China"
820,59,-0.8488117,60,"Malaysia",2004,"Non-Nuclear","Malaysia",TRUE,2.95537,-1.344689,3.8041817,0.4958773,-3.8041817,0.4958773,"China"
820,60,-1.181692,64,"Malaysia",2005,"Non-Nuclear","Malaysia",TRUE,2.993309,-1.352246,4.175001,0.170554,-4.175001,0.170554,"China"
820,61,-0.8504407,79,"Malaysia",2006,"Non-Nuclear","Malaysia",TRUE,2.803737,-1.236102,3.6541777,0.3856613,-3.6541777,0.3856613,"China"
820,62,-1.197297,67,"Malaysia",2007,"Non-Nuclear","Malaysia",TRUE,2.721347,-1.263166,3.918644,0.065869,-3.918644,0.065869,"China"
820,63,-0.9437302,63,"Malaysia",2008,"Non-Nuclear","Malaysia",TRUE,2.697073,-1.336076,3.6408032,0.3923458,-3.6408032,0.3923458,"China"
820,64,-1.10987,54,"Malaysia",2009,"Non-Nuclear","Malaysia",TRUE,2.547983,-1.2312,3.657853,0.12133,-3.657853,0.12133,"China"
820,65,-1.262095,55,"Malaysia",2010,"Non-Nuclear","Malaysia",TRUE,2.496517,-1.473132,3.758612,0.211037,-3.758612,0.211037,"China"
820,66,-0.7807837,56,"Malaysia",2011,"Non-Nuclear","Malaysia",TRUE,2.517181,-1.266392,3.2979647,0.4856083,-3.2979647,0.4856083,"China"
820,67,-0.7821432,54,"Malaysia",2012,"Non-Nuclear","Malaysia",TRUE,2.594647,-1.403848,3.3767902,0.6217048,-3.3767902,0.6217048,"China"
820,68,-0.5878926,52,"Malaysia",2013,"Non-Nuclear","Malaysia",TRUE,2.760444,-1.115805,3.3483366,0.5279124,-3.3483366,0.5279124,"China"
820,69,-0.7818819,66,"Malaysia",2014,"Non-Nuclear","Malaysia",TRUE,2.720512,-1.343422,3.5023939,0.5615401,-3.5023939,0.5615401,"China"
820,70,-0.7122136,54,"Malaysia",2015,"Non-Nuclear","Malaysia",TRUE,2.607562,-1.561699,3.3197756,0.8494854,-3.3197756,0.8494854,"China"
820,71,-0.6472392,58,"Malaysia",2016,"Non-Nuclear","Malaysia",TRUE,2.582056,-1.618711,3.2292952,0.9714718,-3.2292952,0.9714718,"China"
820,72,-0.6481041,71,"Malaysia",2017,"Non-Nuclear","Malaysia",TRUE,2.718879,-1.787184,3.3669831,1.1390799,-3.3669831,1.1390799,"China"
820,73,-0.6412141,78,"Malaysia",2018,"Non-Nuclear","Malaysia",TRUE,2.876313,-1.774517,3.5175271,1.1333029,-3.5175271,1.1333029,"China"
820,74,-0.6574501,74,"Malaysia",2019,"Non-Nuclear","Malaysia",TRUE,2.779945,-1.687587,3.4373951,1.0301369,-3.4373951,1.0301369,"China"
830,22,-0.2822872,42,"Singapore",1967,"Non-Nuclear","Singapore",TRUE,2.412595,NA,2.6948822,NA,-2.6948822,NA,NA
830,23,-0.06846383,47,"Singapore",1968,"Non-Nuclear","Singapore",TRUE,2.298023,NA,2.36648683,NA,-2.36648683,NA,NA
830,24,0.2157105,36,"Singapore",1969,"Non-Nuclear","Singapore",TRUE,2.110631,NA,1.8949205,NA,-1.8949205,NA,NA
830,25,0.1761179,61,"Singapore",1970,"Non-Nuclear","Singapore",TRUE,2.138307,NA,1.9621891,NA,-1.9621891,NA,NA
830,26,0.2405533,114,"Singapore",1971,"Non-Nuclear","Singapore",TRUE,1.771414,-0.874594,1.5308607,1.1151473,-1.5308607,1.1151473,"China"
830,27,0.3062144,88,"Singapore",1972,"Non-Nuclear","Singapore",TRUE,2.173104,-0.8152633,1.8668896,1.1214777,-1.8668896,1.1214777,"China"
830,28,0.09232473,85,"Singapore",1973,"Non-Nuclear","Singapore",TRUE,2.217385,-0.5512493,2.12506027,0.64357403,-2.12506027,0.64357403,"China"
830,29,0.2582258,61,"Singapore",1974,"Non-Nuclear","Singapore",TRUE,2.167212,-0.806259,1.9089862,1.0644848,-1.9089862,1.0644848,"China"
830,30,0.2054044,55,"Singapore",1975,"Non-Nuclear","Singapore",TRUE,2.501608,-0.331507,2.2962036,0.5369114,-2.2962036,0.5369114,"China"
830,31,0.05017957,74,"Singapore",1976,"Non-Nuclear","Singapore",TRUE,2.785702,-1.13053,2.73552243,1.18070957,-2.73552243,1.18070957,"China"
830,32,0.2268612,81,"Singapore",1977,"Non-Nuclear","Singapore",TRUE,2.320957,-0.8797116,2.0940958,1.1065728,-2.0940958,1.1065728,"China"
830,33,0.3098972,109,"Singapore",1978,"Non-Nuclear","Singapore",TRUE,2.245043,-0.3355613,1.9351458,0.6454585,-1.9351458,0.6454585,"China"
830,34,0.3937006,103,"Singapore",1979,"Non-Nuclear","Singapore",TRUE,2.297626,-0.07855172,1.9039254,0.47225232,-1.9039254,0.47225232,"China"
830,35,0.3139193,83,"Singapore",1980,"Non-Nuclear","Singapore",TRUE,2.369428,0.01412094,2.0555087,0.29979836,-2.0555087,0.29979836,"China"
830,36,0.2338308,104,"Singapore",1981,"Non-Nuclear","Singapore",TRUE,2.702694,-0.04049149,2.4688632,0.27432229,-2.4688632,0.27432229,"China"
830,37,0.2302024,123,"Singapore",1982,"Non-Nuclear","Singapore",TRUE,2.630828,0.03060733,2.4006256,0.19959507,-2.4006256,0.19959507,"China"
830,38,-0.01469887,111,"Singapore",1983,"Non-Nuclear","Singapore",TRUE,2.577447,-0.1096046,2.59214587,0.09490573,-2.59214587,0.09490573,"China"
830,39,-0.05152021,117,"Singapore",1984,"Non-Nuclear","Singapore",TRUE,2.760373,-0.02008337,2.81189321,0.03143684,-2.81189321,-0.03143684,"China"
830,40,0.01568215,117,"Singapore",1985,"Non-Nuclear","Singapore",TRUE,2.773443,-0.02193362,2.75776085,0.03761577,-2.75776085,0.03761577,"China"
830,41,0.1011857,119,"Singapore",1986,"Non-Nuclear","Singapore",TRUE,2.940705,0.008668966,2.8395193,0.092516734,-2.8395193,0.092516734,"China"
830,42,0.01613497,118,"Singapore",1987,"Non-Nuclear","Singapore",TRUE,3.031489,-0.0538274,3.01535403,0.06996237,-3.01535403,0.06996237,"China"
830,43,-0.09635666,110,"Singapore",1988,"Non-Nuclear","Singapore",TRUE,3.013705,-0.2483772,3.11006166,0.15202054,-3.11006166,0.15202054,"China"
830,44,-0.1579413,93,"Singapore",1989,"Non-Nuclear","Singapore",TRUE,3.136412,-0.3130107,3.2943533,0.1550694,-3.2943533,0.1550694,"China"
830,45,-0.3113698,69,"Singapore",1990,"Non-Nuclear","Singapore",TRUE,3.048921,-0.6756167,3.3602908,0.3642469,-3.3602908,0.3642469,"China"
830,46,-0.4694762,64,"Singapore",1991,"Non-Nuclear","Singapore",TRUE,2.959138,-0.901679,3.4286142,0.4322028,-3.4286142,0.4322028,"China"
830,47,-0.1240379,65,"Singapore",1992,"Non-Nuclear","Singapore",TRUE,2.943147,-1.373362,3.0671849,1.2493241,-3.0671849,1.2493241,"China"
830,48,-0.1941095,60,"Singapore",1993,"Non-Nuclear","Singapore",TRUE,2.923423,-1.538445,3.1175325,1.3443355,-3.1175325,1.3443355,"China"
830,49,-0.2253043,58,"Singapore",1994,"Non-Nuclear","Singapore",TRUE,3.07938,-1.687723,3.3046843,1.4624187,-3.3046843,1.4624187,"China"
830,50,-0.3073042,69,"Singapore",1995,"Non-Nuclear","Singapore",TRUE,3.284506,-1.643561,3.5918102,1.3362568,-3.5918102,1.3362568,"China"
830,51,-0.3999122,63,"Singapore",1996,"Non-Nuclear","Singapore",TRUE,3.406155,-1.369822,3.8060672,0.9699098,-3.8060672,0.9699098,"China"
830,52,-0.5883082,63,"Singapore",1997,"Non-Nuclear","Singapore",TRUE,3.260079,-1.210441,3.8483872,0.6221328,-3.8483872,0.6221328,"China"
830,53,-0.2344937,53,"Singapore",1998,"Non-Nuclear","Singapore",TRUE,3.009997,-1.116003,3.2444907,0.8815093,-3.2444907,0.8815093,"China"
830,54,-0.3578825,57,"Singapore",1999,"Non-Nuclear","Singapore",TRUE,2.815928,-1.231821,3.1738105,0.8739385,-3.1738105,0.8739385,"China"
830,55,-0.1802079,56,"Singapore",2000,"Non-Nuclear","Singapore",TRUE,2.791143,-1.4214,2.9713509,1.2411921,-2.9713509,1.2411921,"China"
830,56,-0.2374097,58,"Singapore",2001,"Non-Nuclear","Singapore",TRUE,2.776079,-1.225334,3.0134887,0.9879243,-3.0134887,0.9879243,"China"
830,57,-0.1113717,60,"Singapore",2002,"Non-Nuclear","Singapore",TRUE,2.879599,-1.178515,2.9909707,1.0671433,-2.9909707,1.0671433,"China"
830,58,-0.1361168,65,"Singapore",2003,"Non-Nuclear","Singapore",TRUE,3.075062,-1.499709,3.2111788,1.3635922,-3.2111788,1.3635922,"China"
830,59,-0.1928935,60,"Singapore",2004,"Non-Nuclear","Singapore",TRUE,2.95537,-1.344689,3.1482635,1.1517955,-3.1482635,1.1517955,"China"
830,60,-0.2615612,64,"Singapore",2005,"Non-Nuclear","Singapore",TRUE,2.993309,-1.352246,3.2548702,1.0906848,-3.2548702,1.0906848,"China"
830,61,-0.2206652,79,"Singapore",2006,"Non-Nuclear","Singapore",TRUE,2.803737,-1.236102,3.0244022,1.0154368,-3.0244022,1.0154368,"China"
830,62,-0.2355986,67,"Singapore",2007,"Non-Nuclear","Singapore",TRUE,2.721347,-1.263166,2.9569456,1.0275674,-2.9569456,1.0275674,"China"
830,63,-0.3593221,63,"Singapore",2008,"Non-Nuclear","Singapore",TRUE,2.697073,-1.336076,3.0563951,0.9767539,-3.0563951,0.9767539,"China"
830,64,-0.3932095,55,"Singapore",2009,"Non-Nuclear","Singapore",TRUE,2.547983,-1.2312,2.9411925,0.8379905,-2.9411925,0.8379905,"China"
830,65,-0.4754323,55,"Singapore",2010,"Non-Nuclear","Singapore",TRUE,2.496517,-1.473132,2.9719493,0.9976997,-2.9719493,0.9976997,"China"
830,66,-0.7807261,56,"Singapore",2011,"Non-Nuclear","Singapore",TRUE,2.517181,-1.266392,3.2979071,0.4856659,-3.2979071,0.4856659,"China"
830,67,-0.384218,54,"Singapore",2012,"Non-Nuclear","Singapore",TRUE,2.594647,-1.403848,2.978865,1.01963,-2.978865,1.01963,"China"
830,68,-0.6170562,52,"Singapore",2013,"Non-Nuclear","Singapore",TRUE,2.760444,-1.115805,3.3775002,0.4987488,-3.3775002,0.4987488,"China"
830,69,-0.4310364,66,"Singapore",2014,"Non-Nuclear","Singapore",TRUE,2.720512,-1.343422,3.1515484,0.9123856,-3.1515484,0.9123856,"China"
830,70,-0.6587196,54,"Singapore",2015,"Non-Nuclear","Singapore",TRUE,2.607562,-1.561699,3.2662816,0.9029794,-3.2662816,0.9029794,"China"
830,71,-0.6158252,60,"Singapore",2016,"Non-Nuclear","Singapore",TRUE,2.582056,-1.618711,3.1978812,1.0028858,-3.1978812,1.0028858,"China"
830,72,-0.7566814,74,"Singapore",2017,"Non-Nuclear","Singapore",TRUE,2.718879,-1.787184,3.4755604,1.0305026,-3.4755604,1.0305026,"China"
830,73,-0.4440502,79,"Singapore",2018,"Non-Nuclear","Singapore",TRUE,2.876313,-1.774517,3.3203632,1.3304668,-3.3203632,1.3304668,"China"
830,74,-0.5074067,74,"Singapore",2019,"Non-Nuclear","Singapore",TRUE,2.779945,-1.687587,3.2873517,1.1801803,-3.2873517,1.1801803,"China"
835,39,-0.07181283,123,"Brunei",1984,"Non-Nuclear","Brunei",TRUE,2.760373,-0.02008337,2.83218583,0.05172946,-2.83218583,-0.05172946,"China"
835,40,-0.1076631,124,"Brunei",1985,"Non-Nuclear","Brunei",TRUE,2.773443,-0.02193362,2.8811061,0.08572948,-2.8811061,-0.08572948,"China"
835,41,-0.1132608,127,"Brunei",1986,"Non-Nuclear","Brunei",TRUE,2.940705,0.008668966,3.0539658,0.121929766,-3.0539658,-0.121929766,"China"
835,42,-0.2212988,122,"Brunei",1987,"Non-Nuclear","Brunei",TRUE,3.031489,-0.0538274,3.2527878,0.1674714,-3.2527878,-0.1674714,"China"
835,43,-0.3285963,114,"Brunei",1988,"Non-Nuclear","Brunei",TRUE,3.013705,-0.2483772,3.3423013,0.0802191,-3.3423013,-0.0802191,"China"
835,44,-0.2830465,94,"Brunei",1989,"Non-Nuclear","Brunei",TRUE,3.136412,-0.3130107,3.4194585,0.0299642,-3.4194585,0.0299642,"China"
835,45,-0.5454353,68,"Brunei",1990,"Non-Nuclear","Brunei",TRUE,3.048921,-0.6756167,3.5943563,0.1301814,-3.5943563,0.1301814,"China"
835,46,-0.9439426,63,"Brunei",1991,"Non-Nuclear","Brunei",TRUE,2.959138,-0.901679,3.9030806,0.0422636,-3.9030806,-0.0422636,"China"
835,47,-0.8149131,64,"Brunei",1992,"Non-Nuclear","Brunei",TRUE,2.943147,-1.373362,3.7580601,0.5584489,-3.7580601,0.5584489,"China"
835,48,-0.8445804,59,"Brunei",1993,"Non-Nuclear","Brunei",TRUE,2.923423,-1.538445,3.7680034,0.6938646,-3.7680034,0.6938646,"China"
835,49,-0.7401751,56,"Brunei",1994,"Non-Nuclear","Brunei",TRUE,3.07938,-1.687723,3.8195551,0.9475479,-3.8195551,0.9475479,"China"
835,50,-0.9592632,69,"Brunei",1995,"Non-Nuclear","Brunei",TRUE,3.284506,-1.643561,4.2437692,0.6842978,-4.2437692,0.6842978,"China"
835,51,-0.7693885,63,"Brunei",1996,"Non-Nuclear","Brunei",TRUE,3.406155,-1.369822,4.1755435,0.6004335,-4.1755435,0.6004335,"China"
835,52,-0.9983389,63,"Brunei",1997,"Non-Nuclear","Brunei",TRUE,3.260079,-1.210441,4.2584179,0.2121021,-4.2584179,0.2121021,"China"
835,53,-0.9846745,53,"Brunei",1998,"Non-Nuclear","Brunei",TRUE,3.009997,-1.116003,3.9946715,0.1313285,-3.9946715,0.1313285,"China"
835,54,-0.8961079,56,"Brunei",1999,"Non-Nuclear","Brunei",TRUE,2.815928,-1.231821,3.7120359,0.3357131,-3.7120359,0.3357131,"China"
835,55,-0.8576221,56,"Brunei",2000,"Non-Nuclear","Brunei",TRUE,2.791143,-1.4214,3.6487651,0.5637779,-3.6487651,0.5637779,"China"
835,56,-0.983983,57,"Brunei",2001,"Non-Nuclear","Brunei",TRUE,2.776079,-1.225334,3.760062,0.241351,-3.760062,0.241351,"China"
835,57,-0.7732675,60,"Brunei",2002,"Non-Nuclear","Brunei",TRUE,2.879599,-1.178515,3.6528665,0.4052475,-3.6528665,0.4052475,"China"
835,58,-1.194594,65,"Brunei",2003,"Non-Nuclear","Brunei",TRUE,3.075062,-1.499709,4.269656,0.305115,-4.269656,0.305115,"China"
835,59,-0.7981439,60,"Brunei",2004,"Non-Nuclear","Brunei",TRUE,2.95537,-1.344689,3.7535139,0.5465451,-3.7535139,0.5465451,"China"
835,60,-0.9550736,64,"Brunei",2005,"Non-Nuclear","Brunei",TRUE,2.993309,-1.352246,3.9483826,0.3971724,-3.9483826,0.3971724,"China"
835,61,-0.9712708,78,"Brunei",2006,"Non-Nuclear","Brunei",TRUE,2.803737,-1.236102,3.7750078,0.2648312,-3.7750078,0.2648312,"China"
835,62,-0.5836365,67,"Brunei",2007,"Non-Nuclear","Brunei",TRUE,2.721347,-1.263166,3.3049835,0.6795295,-3.3049835,0.6795295,"China"
835,63,-0.6008199,63,"Brunei",2008,"Non-Nuclear","Brunei",TRUE,2.697073,-1.336076,3.2978929,0.7352561,-3.2978929,0.7352561,"China"
835,64,-0.9136992,55,"Brunei",2009,"Non-Nuclear","Brunei",TRUE,2.547983,-1.2312,3.4616822,0.3175008,-3.4616822,0.3175008,"China"
835,65,-1.04066,55,"Brunei",2010,"Non-Nuclear","Brunei",TRUE,2.496517,-1.473132,3.537177,0.432472,-3.537177,0.432472,"China"
835,66,-1.033334,54,"Brunei",2011,"Non-Nuclear","Brunei",TRUE,2.517181,-1.266392,3.550515,0.233058,-3.550515,0.233058,"China"
835,67,-0.9344428,54,"Brunei",2012,"Non-Nuclear","Brunei",TRUE,2.594647,-1.403848,3.5290898,0.4694052,-3.5290898,0.4694052,"China"
835,68,-1.035162,52,"Brunei",2013,"Non-Nuclear","Brunei",TRUE,2.760444,-1.115805,3.795606,0.080643,-3.795606,0.080643,"China"
835,69,-1.071254,65,"Brunei",2014,"Non-Nuclear","Brunei",TRUE,2.720512,-1.343422,3.791766,0.272168,-3.791766,0.272168,"China"
835,70,-1.036251,54,"Brunei",2015,"Non-Nuclear","Brunei",TRUE,2.607562,-1.561699,3.643813,0.525448,-3.643813,0.525448,"China"
835,71,-0.8989777,59,"Brunei",2016,"Non-Nuclear","Brunei",TRUE,2.582056,-1.618711,3.4810337,0.7197333,-3.4810337,0.7197333,"China"
835,72,-0.9286985,74,"Brunei",2017,"Non-Nuclear","Brunei",TRUE,2.718879,-1.787184,3.6475775,0.8584855,-3.6475775,0.8584855,"China"
835,73,-0.8994546,78,"Brunei",2018,"Non-Nuclear","Brunei",TRUE,2.876313,-1.774517,3.7757676,0.8750624,-3.7757676,0.8750624,"China"
835,74,-0.8040564,74,"Brunei",2019,"Non-Nuclear","Brunei",TRUE,2.779945,-1.687587,3.5840014,0.8835306,-3.5840014,0.8835306,"China"
840,22,0.69745,53,"Philippines",1967,"Non-Nuclear","Philippines",TRUE,2.412595,NA,1.715145,NA,-1.715145,NA,NA
840,23,0.3752006,47,"Philippines",1968,"Non-Nuclear","Philippines",TRUE,2.298023,NA,1.9228224,NA,-1.9228224,NA,NA
840,24,0.4105685,41,"Philippines",1969,"Non-Nuclear","Philippines",TRUE,2.110631,NA,1.7000625,NA,-1.7000625,NA,NA
840,25,0.4056742,64,"Philippines",1970,"Non-Nuclear","Philippines",TRUE,2.138307,NA,1.7326328,NA,-1.7326328,NA,NA
840,26,0.4574971,104,"Philippines",1971,"Non-Nuclear","Philippines",TRUE,1.771414,-0.874594,1.3139169,1.3320911,-1.3139169,1.3320911,"United States"
840,27,0.4662274,92,"Philippines",1972,"Non-Nuclear","Philippines",TRUE,2.173104,-0.8152633,1.7068766,1.2814907,-1.7068766,1.2814907,"China"
840,28,0.1029819,82,"Philippines",1973,"Non-Nuclear","Philippines",TRUE,2.217385,-0.5512493,2.1144031,0.6542312,-2.1144031,0.6542312,"China"
840,29,0.2517764,62,"Philippines",1974,"Non-Nuclear","Philippines",TRUE,2.167212,-0.806259,1.9154356,1.0580354,-1.9154356,1.0580354,"China"
840,30,0.1788778,58,"Philippines",1975,"Non-Nuclear","Philippines",TRUE,2.501608,-0.331507,2.3227302,0.5103848,-2.3227302,0.5103848,"China"
840,31,-0.1783086,78,"Philippines",1976,"Non-Nuclear","Philippines",TRUE,2.785702,-1.13053,2.9640106,0.9522214,-2.9640106,0.9522214,"China"
840,32,0.07913208,81,"Philippines",1977,"Non-Nuclear","Philippines",TRUE,2.320957,-0.8797116,2.24182492,0.95884368,-2.24182492,0.95884368,"China"
840,33,0.06708986,110,"Philippines",1978,"Non-Nuclear","Philippines",TRUE,2.245043,-0.3355613,2.17795314,0.40265116,-2.17795314,0.40265116,"China"
840,34,-0.01348115,106,"Philippines",1979,"Non-Nuclear","Philippines",TRUE,2.297626,-0.07855172,2.31110715,0.06507057,-2.31110715,0.06507057,"China"
840,35,0.07947234,86,"Philippines",1980,"Non-Nuclear","Philippines",TRUE,2.369428,0.01412094,2.28995566,0.0653514,-2.28995566,0.0653514,"China"
840,36,-0.04476214,114,"Philippines",1981,"Non-Nuclear","Philippines",TRUE,2.702694,-0.04049149,2.74745614,0.00427065,-2.74745614,-0.00427065,"China"
840,37,0.09648096,131,"Philippines",1982,"Non-Nuclear","Philippines",TRUE,2.630828,0.03060733,2.53434704,0.06587363,-2.53434704,0.06587363,"China"
840,38,0.1101778,115,"Philippines",1983,"Non-Nuclear","Philippines",TRUE,2.577447,-0.1096046,2.4672692,0.2197824,-2.4672692,0.2197824,"China"
840,39,-0.04856549,122,"Philippines",1984,"Non-Nuclear","Philippines",TRUE,2.760373,-0.02008337,2.80893849,0.02848212,-2.80893849,-0.02848212,"China"
840,40,0.03569701,120,"Philippines",1985,"Non-Nuclear","Philippines",TRUE,2.773443,-0.02193362,2.73774599,0.05763063,-2.73774599,0.05763063,"China"
840,41,-0.08955245,129,"Philippines",1986,"Non-Nuclear","Philippines",TRUE,2.940705,0.008668966,3.03025745,0.098221416,-3.03025745,-0.098221416,"China"
840,42,-0.1657225,122,"Philippines",1987,"Non-Nuclear","Philippines",TRUE,3.031489,-0.0538274,3.1972115,0.1118951,-3.1972115,-0.1118951,"China"
840,43,0.03184377,113,"Philippines",1988,"Non-Nuclear","Philippines",TRUE,3.013705,-0.2483772,2.98186123,0.28022097,-2.98186123,0.28022097,"China"
840,44,-0.01639273,96,"Philippines",1989,"Non-Nuclear","Philippines",TRUE,3.136412,-0.3130107,3.15280473,0.29661797,-3.15280473,0.29661797,"China"
840,45,-0.4697304,69,"Philippines",1990,"Non-Nuclear","Philippines",TRUE,3.048921,-0.6756167,3.5186514,0.2058863,-3.5186514,0.2058863,"China"
840,46,-0.6866854,62,"Philippines",1991,"Non-Nuclear","Philippines",TRUE,2.959138,-0.901679,3.6458234,0.2149936,-3.6458234,0.2149936,"China"
840,47,-0.3584306,65,"Philippines",1992,"Non-Nuclear","Philippines",TRUE,2.943147,-1.373362,3.3015776,1.0149314,-3.3015776,1.0149314,"China"
840,48,-0.62303,60,"Philippines",1993,"Non-Nuclear","Philippines",TRUE,2.923423,-1.538445,3.546453,0.915415,-3.546453,0.915415,"China"
840,49,-0.4089786,58,"Philippines",1994,"Non-Nuclear","Philippines",TRUE,3.07938,-1.687723,3.4883586,1.2787444,-3.4883586,1.2787444,"China"
840,50,-0.4794963,69,"Philippines",1995,"Non-Nuclear","Philippines",TRUE,3.284506,-1.643561,3.7640023,1.1640647,-3.7640023,1.1640647,"China"
840,51,-0.6198654,62,"Philippines",1996,"Non-Nuclear","Philippines",TRUE,3.406155,-1.369822,4.0260204,0.7499566,-4.0260204,0.7499566,"China"
840,52,-0.8820109,63,"Philippines",1997,"Non-Nuclear","Philippines",TRUE,3.260079,-1.210441,4.1420899,0.3284301,-4.1420899,0.3284301,"China"
840,53,-0.92036,53,"Philippines",1998,"Non-Nuclear","Philippines",TRUE,3.009997,-1.116003,3.930357,0.195643,-3.930357,0.195643,"China"
840,54,-0.818881,56,"Philippines",1999,"Non-Nuclear","Philippines",TRUE,2.815928,-1.231821,3.634809,0.41294,-3.634809,0.41294,"China"
840,55,-0.4444176,55,"Philippines",2000,"Non-Nuclear","Philippines",TRUE,2.791143,-1.4214,3.2355606,0.9769824,-3.2355606,0.9769824,"China"
840,56,-0.345498,59,"Philippines",2001,"Non-Nuclear","Philippines",TRUE,2.776079,-1.225334,3.121577,0.879836,-3.121577,0.879836,"China"
840,57,-0.4065687,61,"Philippines",2002,"Non-Nuclear","Philippines",TRUE,2.879599,-1.178515,3.2861677,0.7719463,-3.2861677,0.7719463,"China"
840,58,-0.4775468,64,"Philippines",2003,"Non-Nuclear","Philippines",TRUE,3.075062,-1.499709,3.5526088,1.0221622,-3.5526088,1.0221622,"China"
840,59,-0.4060881,59,"Philippines",2004,"Non-Nuclear","Philippines",TRUE,2.95537,-1.344689,3.3614581,0.9386009,-3.3614581,0.9386009,"China"
840,60,-0.383572,63,"Philippines",2005,"Non-Nuclear","Philippines",TRUE,2.993309,-1.352246,3.376881,0.968674,-3.376881,0.968674,"China"
840,61,-0.4459018,77,"Philippines",2006,"Non-Nuclear","Philippines",TRUE,2.803737,-1.236102,3.2496388,0.7902002,-3.2496388,0.7902002,"China"
840,62,-0.4143721,67,"Philippines",2007,"Non-Nuclear","Philippines",TRUE,2.721347,-1.263166,3.1357191,0.8487939,-3.1357191,0.8487939,"China"
840,63,-0.4880237,62,"Philippines",2008,"Non-Nuclear","Philippines",TRUE,2.697073,-1.336076,3.1850967,0.8480523,-3.1850967,0.8480523,"China"
840,64,-0.4748931,52,"Philippines",2009,"Non-Nuclear","Philippines",TRUE,2.547983,-1.2312,3.0228761,0.7563069,-3.0228761,0.7563069,"China"
840,65,-0.4707105,55,"Philippines",2010,"Non-Nuclear","Philippines",TRUE,2.496517,-1.473132,2.9672275,1.0024215,-2.9672275,1.0024215,"China"
840,66,-0.3646514,55,"Philippines",2011,"Non-Nuclear","Philippines",TRUE,2.517181,-1.266392,2.8818324,0.9017406,-2.8818324,0.9017406,"China"
840,67,-0.4468607,54,"Philippines",2012,"Non-Nuclear","Philippines",TRUE,2.594647,-1.403848,3.0415077,0.9569873,-3.0415077,0.9569873,"China"
840,68,-0.4852449,51,"Philippines",2013,"Non-Nuclear","Philippines",TRUE,2.760444,-1.115805,3.2456889,0.6305601,-3.2456889,0.6305601,"China"
840,69,-0.4619835,64,"Philippines",2014,"Non-Nuclear","Philippines",TRUE,2.720512,-1.343422,3.1824955,0.8814385,-3.1824955,0.8814385,"China"
840,70,-0.4351382,54,"Philippines",2015,"Non-Nuclear","Philippines",TRUE,2.607562,-1.561699,3.0427002,1.1265608,-3.0427002,1.1265608,"China"
840,71,-0.7634986,60,"Philippines",2016,"Non-Nuclear","Philippines",TRUE,2.582056,-1.618711,3.3455546,0.8552124,-3.3455546,0.8552124,"China"
840,72,-0.8445546,74,"Philippines",2017,"Non-Nuclear","Philippines",TRUE,2.718879,-1.787184,3.5634336,0.9426294,-3.5634336,0.9426294,"China"
840,73,-0.4417928,79,"Philippines",2018,"Non-Nuclear","Philippines",TRUE,2.876313,-1.774517,3.3181058,1.3327242,-3.3181058,1.3327242,"China"
840,74,-0.6566757,74,"Philippines",2019,"Non-Nuclear","Philippines",TRUE,2.779945,-1.687587,3.4366207,1.0309113,-3.4366207,1.0309113,"China"
850,22,-0.6735546,53,"Indonesia",1967,"Non-Nuclear","Indonesia",TRUE,2.412595,NA,3.0861496,NA,-3.0861496,NA,NA
850,23,-0.2755993,43,"Indonesia",1968,"Non-Nuclear","Indonesia",TRUE,2.298023,NA,2.5736223,NA,-2.5736223,NA,NA
850,24,-0.5390705,40,"Indonesia",1969,"Non-Nuclear","Indonesia",TRUE,2.110631,NA,2.6497015,NA,-2.6497015,NA,NA
850,25,-0.2999495,62,"Indonesia",1970,"Non-Nuclear","Indonesia",TRUE,2.138307,NA,2.4382565,NA,-2.4382565,NA,NA
850,26,-0.2543421,115,"Indonesia",1971,"Non-Nuclear","Indonesia",TRUE,1.771414,-0.874594,2.0257561,0.6202519,-2.0257561,0.6202519,"China"
850,27,-0.2507033,94,"Indonesia",1972,"Non-Nuclear","Indonesia",TRUE,2.173104,-0.8152633,2.4238073,0.56456,-2.4238073,0.56456,"China"
850,28,-0.07961772,86,"Indonesia",1973,"Non-Nuclear","Indonesia",TRUE,2.217385,-0.5512493,2.29700272,0.47163158,-2.29700272,0.47163158,"China"
850,29,0.05584844,62,"Indonesia",1974,"Non-Nuclear","Indonesia",TRUE,2.167212,-0.806259,2.11136356,0.86210744,-2.11136356,0.86210744,"China"
850,30,-0.1334649,57,"Indonesia",1975,"Non-Nuclear","Indonesia",TRUE,2.501608,-0.331507,2.6350729,0.1980421,-2.6350729,0.1980421,"China"
850,31,-0.2046839,77,"Indonesia",1976,"Non-Nuclear","Indonesia",TRUE,2.785702,-1.13053,2.9903859,0.9258461,-2.9903859,0.9258461,"China"
850,32,-0.06494408,82,"Indonesia",1977,"Non-Nuclear","Indonesia",TRUE,2.320957,-0.8797116,2.38590108,0.81476752,-2.38590108,0.81476752,"China"
850,33,-0.09453881,110,"Indonesia",1978,"Non-Nuclear","Indonesia",TRUE,2.245043,-0.3355613,2.33958181,0.24102249,-2.33958181,0.24102249,"China"
850,34,-0.03012262,106,"Indonesia",1979,"Non-Nuclear","Indonesia",TRUE,2.297626,-0.07855172,2.32774862,0.0484291,-2.32774862,0.0484291,"China"
850,35,-0.140415,86,"Indonesia",1980,"Non-Nuclear","Indonesia",TRUE,2.369428,0.01412094,2.509843,0.15453594,-2.509843,-0.15453594,"China"
850,36,-0.1994397,115,"Indonesia",1981,"Non-Nuclear","Indonesia",TRUE,2.702694,-0.04049149,2.9021337,0.15894821,-2.9021337,-0.15894821,"China"
850,37,-0.2921954,132,"Indonesia",1982,"Non-Nuclear","Indonesia",TRUE,2.630828,0.03060733,2.9230234,0.32280273,-2.9230234,-0.32280273,"China"
850,38,-0.1776827,114,"Indonesia",1983,"Non-Nuclear","Indonesia",TRUE,2.577447,-0.1096046,2.7551297,0.0680781,-2.7551297,-0.0680781,"China"
850,39,-0.2049041,123,"Indonesia",1984,"Non-Nuclear","Indonesia",TRUE,2.760373,-0.02008337,2.9652771,0.18482073,-2.9652771,-0.18482073,"China"
850,40,-0.3355501,128,"Indonesia",1985,"Non-Nuclear","Indonesia",TRUE,2.773443,-0.02193362,3.1089931,0.31361648,-3.1089931,-0.31361648,"China"
850,41,-0.5118087,127,"Indonesia",1986,"Non-Nuclear","Indonesia",TRUE,2.940705,0.008668966,3.4525137,0.520477666,-3.4525137,-0.520477666,"China"
850,42,-0.5412248,122,"Indonesia",1987,"Non-Nuclear","Indonesia",TRUE,3.031489,-0.0538274,3.5727138,0.4873974,-3.5727138,-0.4873974,"China"
850,43,-0.5868381,115,"Indonesia",1988,"Non-Nuclear","Indonesia",TRUE,3.013705,-0.2483772,3.6005431,0.3384609,-3.6005431,-0.3384609,"China"
850,44,-0.6790096,95,"Indonesia",1989,"Non-Nuclear","Indonesia",TRUE,3.136412,-0.3130107,3.8154216,0.3659989,-3.8154216,-0.3659989,"China"
850,45,-0.6809682,69,"Indonesia",1990,"Non-Nuclear","Indonesia",TRUE,3.048921,-0.6756167,3.7298892,0.00535150000000006,-3.7298892,-0.00535150000000006,"China"
850,46,-1.09693,63,"Indonesia",1991,"Non-Nuclear","Indonesia",TRUE,2.959138,-0.901679,4.056068,0.195251,-4.056068,-0.195251,"China"
850,47,-1.011024,65,"Indonesia",1992,"Non-Nuclear","Indonesia",TRUE,2.943147,-1.373362,3.954171,0.362338,-3.954171,0.362338,"China"
850,48,-1.276219,60,"Indonesia",1993,"Non-Nuclear","Indonesia",TRUE,2.923423,-1.538445,4.199642,0.262226,-4.199642,0.262226,"China"
850,49,-1.322793,57,"Indonesia",1994,"Non-Nuclear","Indonesia",TRUE,3.07938,-1.687723,4.402173,0.36493,-4.402173,0.36493,"China"
850,50,-1.272356,67,"Indonesia",1995,"Non-Nuclear","Indonesia",TRUE,3.284506,-1.643561,4.556862,0.371205,-4.556862,0.371205,"China"
850,51,-1.346744,61,"Indonesia",1996,"Non-Nuclear","Indonesia",TRUE,3.406155,-1.369822,4.752899,0.0230780000000002,-4.752899,0.0230780000000002,"China"
850,52,-1.280949,63,"Indonesia",1997,"Non-Nuclear","Indonesia",TRUE,3.260079,-1.210441,4.541028,0.0705079999999998,-4.541028,-0.0705079999999998,"China"
850,53,-1.055375,53,"Indonesia",1998,"Non-Nuclear","Indonesia",TRUE,3.009997,-1.116003,4.065372,0.0606280000000001,-4.065372,0.0606280000000001,"China"
850,54,-0.9256897,56,"Indonesia",1999,"Non-Nuclear","Indonesia",TRUE,2.815928,-1.231821,3.7416177,0.3061313,-3.7416177,0.3061313,"China"
850,55,-0.9147701,55,"Indonesia",2000,"Non-Nuclear","Indonesia",TRUE,2.791143,-1.4214,3.7059131,0.5066299,-3.7059131,0.5066299,"China"
850,56,-0.9544265,58,"Indonesia",2001,"Non-Nuclear","Indonesia",TRUE,2.776079,-1.225334,3.7305055,0.2709075,-3.7305055,0.2709075,"China"
850,57,-0.9482085,60,"Indonesia",2002,"Non-Nuclear","Indonesia",TRUE,2.879599,-1.178515,3.8278075,0.2303065,-3.8278075,0.2303065,"China"
850,58,-0.8990215,65,"Indonesia",2003,"Non-Nuclear","Indonesia",TRUE,3.075062,-1.499709,3.9740835,0.6006875,-3.9740835,0.6006875,"China"
850,59,-1.121769,60,"Indonesia",2004,"Non-Nuclear","Indonesia",TRUE,2.95537,-1.344689,4.077139,0.22292,-4.077139,0.22292,"China"
850,60,-1.244672,64,"Indonesia",2005,"Non-Nuclear","Indonesia",TRUE,2.993309,-1.352246,4.237981,0.107574,-4.237981,0.107574,"China"
850,61,-1.286885,79,"Indonesia",2006,"Non-Nuclear","Indonesia",TRUE,2.803737,-1.236102,4.090622,0.050783,-4.090622,-0.050783,"China"
850,62,-1.10686,67,"Indonesia",2007,"Non-Nuclear","Indonesia",TRUE,2.721347,-1.263166,3.828207,0.156306,-3.828207,0.156306,"China"
850,63,-1.058313,63,"Indonesia",2008,"Non-Nuclear","Indonesia",TRUE,2.697073,-1.336076,3.755386,0.277763,-3.755386,0.277763,"China"
850,64,-1.04606,55,"Indonesia",2009,"Non-Nuclear","Indonesia",TRUE,2.547983,-1.2312,3.594043,0.18514,-3.594043,0.18514,"China"
850,65,-1.226776,55,"Indonesia",2010,"Non-Nuclear","Indonesia",TRUE,2.496517,-1.473132,3.723293,0.246356,-3.723293,0.246356,"China"
850,66,-0.7724633,56,"Indonesia",2011,"Non-Nuclear","Indonesia",TRUE,2.517181,-1.266392,3.2896443,0.4939287,-3.2896443,0.4939287,"China"
850,67,-0.932294,54,"Indonesia",2012,"Non-Nuclear","Indonesia",TRUE,2.594647,-1.403848,3.526941,0.471554,-3.526941,0.471554,"China"
850,68,-0.945637,52,"Indonesia",2013,"Non-Nuclear","Indonesia",TRUE,2.760444,-1.115805,3.706081,0.170168,-3.706081,0.170168,"China"
850,69,-1.153854,66,"Indonesia",2014,"Non-Nuclear","Indonesia",TRUE,2.720512,-1.343422,3.874366,0.189568,-3.874366,0.189568,"China"
850,70,-1.043384,54,"Indonesia",2015,"Non-Nuclear","Indonesia",TRUE,2.607562,-1.561699,3.650946,0.518315,-3.650946,0.518315,"China"
850,71,-0.967752,60,"Indonesia",2016,"Non-Nuclear","Indonesia",TRUE,2.582056,-1.618711,3.549808,0.650959,-3.549808,0.650959,"China"
850,72,-1.006313,74,"Indonesia",2017,"Non-Nuclear","Indonesia",TRUE,2.718879,-1.787184,3.725192,0.780871,-3.725192,0.780871,"China"
850,73,-1.035849,79,"Indonesia",2018,"Non-Nuclear","Indonesia",TRUE,2.876313,-1.774517,3.912162,0.738668,-3.912162,0.738668,"China"
850,74,-0.8621633,74,"Indonesia",2019,"Non-Nuclear","Indonesia",TRUE,2.779945,-1.687587,3.6421083,0.8254237,-3.6421083,0.8254237,"China"
